,all_awardings,allow_live_comments,author,author_flair_css_class,author_flair_richtext,author_flair_text,author_flair_type,author_fullname,author_is_blocked,author_patreon_flair,author_premium,awarders,can_mod_post,contest_mode,created_utc,domain,full_link,gildings,id,is_created_from_ads_ui,is_crosspostable,is_meta,is_original_content,is_reddit_media_domain,is_robot_indexable,is_self,is_video,link_flair_background_color,link_flair_css_class,link_flair_richtext,link_flair_template_id,link_flair_text,link_flair_text_color,link_flair_type,locked,media_metadata,media_only,no_follow,num_comments,num_crossposts,over_18,parent_whitelist_status,permalink,pinned,pwls,retrieved_on,score,selftext,send_replies,spoiler,stickied,subreddit,subreddit_id,subreddit_subscribers,subreddit_type,thumbnail,thumbnail_height,thumbnail_width,title,total_awards_received,treatment_tags,upvote_ratio,url,whitelist_status,wls,created,author_flair_background_color,author_flair_text_color,post_hint,preview,removed_by_category,url_overridden_by_dest,suggested_sort
0,[],False,_Whit3,,[],,text,t2_7zatnok,False,False,False,[],False,False,1651839024,self.CryptoCurrency,https://www.reddit.com/r/CryptoCurrency/comments/ujm1rz/why_is_usdt_still_the_3rd_crypto_for_market_cap/,{},ujm1rz,False,True,False,False,False,True,True,False,#7193ff,DISCUSSION,"[{'e': 'text', 't': 'DISCUSSION'}]",87049662-0882-11e5-82e1-0e9d1a9f7761,DISCUSSION,dark,richtext,False,"{'oc4eb6fyhux81': {'e': 'Image', 'id': 'oc4eb6fyhux81', 'm': 'image/png', 'p': [{'u': 'https://preview.redd.it/oc4eb6fyhux81.png?width=108&amp;crop=smart&amp;auto=webp&amp;s=e6d32d671c323688d8e9c1b54ac4f05f676a5dcf', 'x': 108, 'y': 55}, {'u': 'https://preview.redd.it/oc4eb6fyhux81.png?width=216&amp;crop=smart&amp;auto=webp&amp;s=52cb4252fd7c66947761c1ad4c0b773c1227828b', 'x': 216, 'y': 110}, {'u': 'https://preview.redd.it/oc4eb6fyhux81.png?width=320&amp;crop=smart&amp;auto=webp&amp;s=36494478f2229b0f8602f960b175f1769f50c68f', 'x': 320, 'y': 163}, {'u': 'https://preview.redd.it/oc4eb6fyhux81.png?width=640&amp;crop=smart&amp;auto=webp&amp;s=e983cd97829a2c76b9ec7220f42451891b1cd64d', 'x': 640, 'y': 326}, {'u': 'https://preview.redd.it/oc4eb6fyhux81.png?width=960&amp;crop=smart&amp;auto=webp&amp;s=96c89e8817a98f6fe6616c47170830dafcb74a6a', 'x': 960, 'y': 490}, {'u': 'https://preview.redd.it/oc4eb6fyhux81.png?width=1080&amp;crop=smart&amp;auto=webp&amp;s=84d50aedbf20b2a08a3278458264fa60c9c2612c', 'x': 1080, 'y': 551}], 's': {'u': 'https://preview.redd.it/oc4eb6fyhux81.png?width=2228&amp;format=png&amp;auto=webp&amp;s=17347549bfdc93da1ed333588cc2eb0897e2a9b2', 'x': 2228, 'y': 1138}, 'status': 'valid'}}",False,True,1,0,False,all_ads,/r/CryptoCurrency/comments/ujm1rz/why_is_usdt_still_the_3rd_crypto_for_market_cap/,False,6,1651839035,1,"Stablecoin Tether (USDT) is the third biggest cryptocurrency by market capitalization, and it is obviously the biggest stablecoin on the market. However, it's popularity does not necessarily means it is a great invesment. Theter is know in the crypto comunity not for being the best stablecoin in the market, and guess what, a lot of people here hate it.

First of all, to better understand the Theter problem, we should take a look at the differnt types of stablecoin

# DIFFERENT TYPES OF STABLECOINS

1. *traditional collateral:* those are the stablecoins backed up 1:1 by fiat currency, this type of stablecoin is considered an off-chain asset. Examples are USDT, GUSD and more.
2. *crypto collateral:* those are backed up by another crypto as collateral, this process occurs on chain and relies on smart contracts. DAI is the most popular one.
3. *algorithmic stablecoins:* their price stability results from the use of specialized algorithms and smart contracts that manage the supply of tokens in circulation. TERRA (UST) is the most popular.
4. *commodity backed stablecoins:* they are collaterized by physical assets (gold, oil,...). Examples are XAUT and PAXG

 People use stablecoins to facilitate cryptocurrency trading, transfer money, and earn interest. However, the lack of regulation and transparency surrounding these coins, particularly Tether, have authorities on edge. Here are a few reasons:

# 1)  USDT IS ONLY BACKED BY 2.9% IN CASH RESERVES 

This is probably the most problematic. Holding Theter is not the same as holding U.S. dollars. The price may be *pegged* to the dollar, but if there was a run on Tether(lots of people tried to swap their Tether for dollars), there's no guarantee the company would have enough cash to pay out (and people who held the coin would be fucked). 

Theter is in fact  backed up by cash, cash equivalents, secured loans, corporate bonds and other investments.  The trouble is that Tether hasn't released information about what types of loans it has made. We don't know who the borrowers are or what types of debt it is. Most importantly, we don't know how easy it would be for Tether to access that money. With that being said, USDT is only backed by 2.9% cash reserves

&amp;#x200B;

[As you can see here, Cash \(in green\) is responsible for the 3.87&amp;#37; of the \\""Cash &amp; Cash equivalents\\"", which is roughly 2.9&amp;#37; in total](https://preview.redd.it/oc4eb6fyhux81.png?width=2228&amp;format=png&amp;auto=webp&amp;s=17347549bfdc93da1ed333588cc2eb0897e2a9b2)

# 2) Tether has had trouble with the New York Attorney General's office

the New York Attorney General reached a settlement with iFinex, the parent company of Tether and crypto exchange Bitfinex. Investigators accused the companies of unlawfully hiding losses. Attorney General Letitia James said, ""Tether‚Äôs claims that its virtual currency was fully backed by U.S. dollars at all times was a lie.""

iFinex had to pay an $18.5 million fine and is no longer allowed to operate in New York. It will have to provide quarterly reports on its reserves, hence the breakdown we talked before. The company denies any wrongdoing. 

#  3) If Tether fails, it could shake the whole crypto industry

The worry is that Tether is operating in a similar way to a bank or other financial institution, but without any of the regulations that banks follow to protect consumers and prevent economic crises. That's why there's such a push for stricter stablecoin regulation: to protect both the economy and the crypto industry.

As Rohan Grey, assistant law professor at the Willamette University College of Law told the *Financial Times*, ""The growing world of stablecoins arguably underpins the entire crypto community right now. If that collapses, the whole space could collapse"". 

# CONCLUSION

As I stated before, USDT is not the only stablecoin, there are serveral ones that are either more transparent about what money they hold or they are either less centralized, so why the fuck are people still using it?

And you? Do you think that USDT is a ponzi? If so I would be glad if you commented down here!",True,False,False,CryptoCurrency,t5_2wlj3,4806111,public,https://a.thumbs.redditmedia.com/N2GEmhCBCjgY9knSXGu1sPERVodD7MAuTpUpWFkDpy4.jpg,71.0,140.0,Why is USDT still the 3rd crypto for market cap?,0,[],1.0,https://www.reddit.com/r/CryptoCurrency/comments/ujm1rz/why_is_usdt_still_the_3rd_crypto_for_market_cap/,all_ads,6,1651810224.0,,,,,,,
1,[],False,sith_happenss,,"[{'e': 'text', 't': ' bullish on bears'}]", bullish on bears,richtext,t2_6dj9869r,False,False,False,[],False,False,1651821493,u.today,https://www.reddit.com/r/CryptoCurrency/comments/ujhw3b/terra_becomes_secondlargest_corporate_holder_of/,{},ujhw3b,False,False,False,False,False,False,False,False,#0aa18f,NEWS,"[{'e': 'text', 't': 'GENERAL-NEWS'}]",f170aab2-246f-11ec-8143-429a193c9848,GENERAL-NEWS,light,richtext,False,,False,True,0,0,False,all_ads,/r/CryptoCurrency/comments/ujhw3b/terra_becomes_secondlargest_corporate_holder_of/,False,6,1651821504,1,,True,False,False,CryptoCurrency,t5_2wlj3,4805480,public,https://b.thumbs.redditmedia.com/C_5to8T9nYxOS0dOpXpeY944yKJQlzXTw4NNI8vDIIc.jpg,105.0,140.0,"Terra Becomes Second-Largest Corporate Holder of Bitcoin, Surpassing Tesla",0,[],1.0,https://u.today/terra-becomes-second-largest-corporate-holder-of-bitcoin-surpassing-tesla,all_ads,6,1651792693.0,,dark,link,"{'enabled': False, 'images': [{'id': 'g7aOAIwDSMV7LWw2vw_6Cb3jaafcJSgQKR0gaYzg37w', 'resolutions': [{'height': 81, 'url': 'https://external-preview.redd.it/zkfw20P8PzbRmpm7TZPPqi41XK4bUAw9oJa6v3-D2e8.jpg?width=108&amp;crop=smart&amp;auto=webp&amp;s=c419dc7aaf447af53bde37c4f4d6d4c777c9cd36', 'width': 108}, {'height': 162, 'url': 'https://external-preview.redd.it/zkfw20P8PzbRmpm7TZPPqi41XK4bUAw9oJa6v3-D2e8.jpg?width=216&amp;crop=smart&amp;auto=webp&amp;s=b2b1031d66a9fab7de610414589d5c3ec0c74d97', 'width': 216}, {'height': 240, 'url': 'https://external-preview.redd.it/zkfw20P8PzbRmpm7TZPPqi41XK4bUAw9oJa6v3-D2e8.jpg?width=320&amp;crop=smart&amp;auto=webp&amp;s=7e4b8eeedada24410fc742b000a7fb5128a900c9', 'width': 320}, {'height': 480, 'url': 'https://external-preview.redd.it/zkfw20P8PzbRmpm7TZPPqi41XK4bUAw9oJa6v3-D2e8.jpg?width=640&amp;crop=smart&amp;auto=webp&amp;s=27426186d9796c7697b0e11be6bbd528dffa5f74', 'width': 640}, {'height': 720, 'url': 'https://external-preview.redd.it/zkfw20P8PzbRmpm7TZPPqi41XK4bUAw9oJa6v3-D2e8.jpg?width=960&amp;crop=smart&amp;auto=webp&amp;s=445431cd64dc032c46e05d163d6a61e770482891', 'width': 960}, {'height': 810, 'url': 'https://external-preview.redd.it/zkfw20P8PzbRmpm7TZPPqi41XK4bUAw9oJa6v3-D2e8.jpg?width=1080&amp;crop=smart&amp;auto=webp&amp;s=cd58fb8a72050eeac5e8ce2997f757d23279f132', 'width': 1080}], 'source': {'height': 900, 'url': 'https://external-preview.redd.it/zkfw20P8PzbRmpm7TZPPqi41XK4bUAw9oJa6v3-D2e8.jpg?auto=webp&amp;s=72fc5718b6516230c7fac531834f6e4656cb8056', 'width': 1200}, 'variants': {}}]}",moderator,https://u.today/terra-becomes-second-largest-corporate-holder-of-bitcoin-surpassing-tesla,
2,[],False,anonymouscitizen2,,"[{'e': 'text', 't': 'Platinum | QC: CC 659, BTC 206, BCH 24 | ADA 6 | r/WSB 21'}]","Platinum | QC: CC 659, BTC 206, BCH 24 | ADA 6 | r/WSB 21",richtext,t2_4gsi30k2,False,False,False,[],False,False,1651810763,self.CryptoCurrency,https://www.reddit.com/r/CryptoCurrency/comments/ujfall/cardano_defi_is_a_total_joke_and_the_chain_is/,{},ujfall,False,True,False,False,False,True,True,False,#add2e2,ADVICE,"[{'e': 'text', 't': 'ANALYSIS'}]",c1034ee6-9c2a-11e3-a8c4-12313b0e8e20,ANALYSIS,dark,richtext,False,,False,True,1,0,False,all_ads,/r/CryptoCurrency/comments/ujfall/cardano_defi_is_a_total_joke_and_the_chain_is/,False,6,1651810773,1,"If you are a Cardano holder you should look at this. Nobody is using Cardano for anything but speculation and it is thusly incredibly overvalued when compared to it‚Äôs peers. Read this post through before shutting down your brain because ‚ÄúFUD‚Äù

https://defillama.com/chain/Cardano
ADA- 201M TVL
26B marketcap

https://defillama.com/chain/Ethereum
ETH- 200B TVL
Mcap- 331B marketcap

https://defillama.com/chain/Terra
Terra 30B TVL
27B marketcap

https://defillama.com/chain/BSC
BSC- 12B TVL
63B marketcap

https://defillama.com/chain/Avalanche
AVAX- 9.2B TVL
15.6B marketcap

https://defillama.com/chain/Solana
SOL- 6.02B TVL
27B marketcap

https://defillama.com/chain/Fantom
FTM- 4.06B TVL
1.9B marketcap

https://defillama.com/chain/Tron
Tron- 4.4B TVL
8.4B marketcap

Cardano has TVL on chain of 200M, for a chain that is valued at 26 Billion and has 3 dapps people even use. If you dig deeper and look into volumes on these dapps it gets even worse, the most liquid pairs have ~200K daily volume.  Cardano defi is a total fucking joke, nobody is using it. 

Chains worth 1/10 of the value have 20x the volume and TVL of Cardano. Cardano is 5 years old and has fractions of the TVL and volume of chains that are 1-2 years old. Yet it is valued at 26B, putting it up there with SOL and Terra which have 6B and 30B TVL respectively and 10-100x more volume. Fucking Tron and FTM are valued far less and have 20x the TVL and volume. The risk:reward calculation for buying/holding Cardano at $26B is atrocious and it is beyond overvalued. It failed to attract even a percent of DeFi activity during a huge crypto growth phase, despite being one of the largest cryptos. 

Think carefully about the price you are paying for coins(marketcap). Look at how the other chains TVL/defi activity grew during the bull-run, then go look at Cardano again.",True,False,False,CryptoCurrency,t5_2wlj3,4805102,public,self,,,Cardano DeFi is a Total Joke and the Chain Is Incredibly Overvalued. Hard Data Inside Thread.,0,[],1.0,https://www.reddit.com/r/CryptoCurrency/comments/ujfall/cardano_defi_is_a_total_joke_and_the_chain_is/,all_ads,6,1651781963.0,,dark,self,"{'enabled': False, 'images': [{'id': 'NyIqy_g1bSRg73QdNgu0Fg_OL_rGqEeHKBpvIX3CaU8', 'resolutions': [{'height': 56, 'url': 'https://external-preview.redd.it/W7C3Wl7R9agNmRSD9j7Uu2R5QaciTTeWwPqyHY_ElYs.jpg?width=108&amp;crop=smart&amp;auto=webp&amp;s=40439fec11579fd7448d18ba6fa3ead306b2e559', 'width': 108}, {'height': 113, 'url': 'https://external-preview.redd.it/W7C3Wl7R9agNmRSD9j7Uu2R5QaciTTeWwPqyHY_ElYs.jpg?width=216&amp;crop=smart&amp;auto=webp&amp;s=ceec005a1e63edeff3654b7e05158d8199e2ba13', 'width': 216}, {'height': 168, 'url': 'https://external-preview.redd.it/W7C3Wl7R9agNmRSD9j7Uu2R5QaciTTeWwPqyHY_ElYs.jpg?width=320&amp;crop=smart&amp;auto=webp&amp;s=20d98b30bd2036355e27ff57bfe7215c38f2ba3e', 'width': 320}, {'height': 336, 'url': 'https://external-preview.redd.it/W7C3Wl7R9agNmRSD9j7Uu2R5QaciTTeWwPqyHY_ElYs.jpg?width=640&amp;crop=smart&amp;auto=webp&amp;s=5da5010f92f22af5002b4a533f9cbd9e8cbc7636', 'width': 640}, {'height': 504, 'url': 'https://external-preview.redd.it/W7C3Wl7R9agNmRSD9j7Uu2R5QaciTTeWwPqyHY_ElYs.jpg?width=960&amp;crop=smart&amp;auto=webp&amp;s=ee6dff97530ec119139b9b805c4ee94eb3e61320', 'width': 960}, {'height': 567, 'url': 'https://external-preview.redd.it/W7C3Wl7R9agNmRSD9j7Uu2R5QaciTTeWwPqyHY_ElYs.jpg?width=1080&amp;crop=smart&amp;auto=webp&amp;s=b01036d51017f887d7225cfe896495dae0ff7e00', 'width': 1080}], 'source': {'height': 630, 'url': 'https://external-preview.redd.it/W7C3Wl7R9agNmRSD9j7Uu2R5QaciTTeWwPqyHY_ElYs.jpg?auto=webp&amp;s=4d485ebc7fb16bcef8922df43f27fc4c9914467e', 'width': 1200}, 'variants': {}}]}",,,
3,[],False,Al_Zik1,Warning-level2-2,"[{'e': 'text', 't': 'Tin | CC critic'}]",Tin | CC critic,richtext,t2_a1nhhd1b,False,False,False,[],False,False,1651799103,self.CryptoCurrency,https://www.reddit.com/r/CryptoCurrency/comments/ujbv2h/the_terra_foundation_has_added_another_37863btc/,{},ujbv2h,False,True,False,False,False,True,True,False,#0aa18f,NEWS,"[{'e': 'text', 't': 'GENERAL-NEWS'}]",f170aab2-246f-11ec-8143-429a193c9848,GENERAL-NEWS,light,richtext,False,,False,True,1,0,False,all_ads,/r/CryptoCurrency/comments/ujbv2h/the_terra_foundation_has_added_another_37863btc/,False,6,1651799114,1,"The Terra Foundation has added another 37,863 Bitcoin to its reserve, making the purchase worth $1.5 billion.


The current purchase brings it much closer to the ultimate aim of its $10 billion bitcoin reserve goal. Co-founder of Terraform Labs, Do Kwon, expects the goal to be achieved by the third quarter-end.

‚ÄúFor the first time, you‚Äôre starting to see a pegged currency that is attempting to observe the bitcoin standard.‚Äù ‚ÄúIt‚Äôs making a strong directional bet that keeping a lot of those foreign reserves in the form of a digital native currency is going to be a winning recipe


Damn Terra is bullish for BTC.",True,False,False,CryptoCurrency,t5_2wlj3,4804622,public,self,,,"The Terra Foundation has added another 37,863BTC.",0,[],1.0,https://www.reddit.com/r/CryptoCurrency/comments/ujbv2h/the_terra_foundation_has_added_another_37863btc/,all_ads,6,1651770303.0,,dark,,,,,new
4,[],False,Emotional-Ad-3475,,[],,text,t2_9ze41syg,False,False,False,[],False,False,1651779919,self.Bitcoin,https://www.reddit.com/r/Bitcoin/comments/uj5jjc/terra_just_bought_another_15b/,{},uj5jjc,False,False,False,False,False,False,True,False,,,[],,,dark,text,False,,False,True,0,0,False,all_ads,/r/Bitcoin/comments/uj5jjc/terra_just_bought_another_15b/,False,6,1651779930,1,[removed],True,False,False,Bitcoin,t5_2s3qj,4164584,public,self,,,TERRA just bought another $1.5b,0,[],1.0,https://www.reddit.com/r/Bitcoin/comments/uj5jjc/terra_just_bought_another_15b/,all_ads,6,1651751119.0,,,,,moderator,,
5,[],False,Emotional-Ad-3475,,[],,text,t2_9ze41syg,False,False,False,[],False,False,1651779804,self.Bitcoin,https://www.reddit.com/r/Bitcoin/comments/uj5i14/terra_just_bought_15_btc/,{},uj5i14,False,False,False,False,False,False,True,False,,,[],,,dark,text,False,,False,True,0,0,False,all_ads,/r/Bitcoin/comments/uj5i14/terra_just_bought_15_btc/,False,6,1651779814,1,[removed],True,False,False,Bitcoin,t5_2s3qj,4164580,public,self,,,Terra just bought $1.5 BTC,0,[],1.0,https://www.reddit.com/r/Bitcoin/comments/uj5i14/terra_just_bought_15_btc/,all_ads,6,1651751004.0,,,self,"{'enabled': False, 'images': [{'id': '-hIbbBRM7LaxSyRwlLgDAM_GpifuMBNbkfIblKTIe7g', 'resolutions': [{'height': 108, 'url': 'https://external-preview.redd.it/-jqep0c52wrjenGVLzXon9_Oh4y2fL59CEHBJDQbYgI.jpg?width=108&amp;crop=smart&amp;auto=webp&amp;s=da045bf5ce0f58da054ae3ed09acddb48a409d44', 'width': 108}], 'source': {'height': 140, 'url': 'https://external-preview.redd.it/-jqep0c52wrjenGVLzXon9_Oh4y2fL59CEHBJDQbYgI.jpg?auto=webp&amp;s=daf68b11504353bd0215a5ceb659913fc0d8f622', 'width': 140}, 'variants': {}}]}",moderator,,
6,[],False,Emotional-Ad-3475,,[],,text,t2_9ze41syg,False,False,False,[],False,False,1651779706,i.redd.it,https://www.reddit.com/r/Bitcoin/comments/uj5go9/terra_just_bought_15b_btc/,{},uj5go9,False,False,False,False,True,False,False,False,,,[],,,dark,text,False,,False,True,0,0,False,all_ads,/r/Bitcoin/comments/uj5go9/terra_just_bought_15b_btc/,False,6,1651779716,1,,True,False,False,Bitcoin,t5_2s3qj,4164576,public,https://b.thumbs.redditmedia.com/XQNO_sjqihVHx4RY9xp7Hz9N19Hcky-pILEWrS_WUNY.jpg,27.0,140.0,terra just bought $1.5b BTC,0,[],1.0,https://i.redd.it/23ahvtljnpx81.jpg,all_ads,6,1651750906.0,,,image,"{'enabled': True, 'images': [{'id': 'vPgk0meyFWuAEM8swnbewPW28r0SKcKOTqUXryGbug0', 'resolutions': [{'height': 20, 'url': 'https://preview.redd.it/23ahvtljnpx81.jpg?width=108&amp;crop=smart&amp;auto=webp&amp;s=ece1975c66487603efabf74ec3732417034977f0', 'width': 108}, {'height': 41, 'url': 'https://preview.redd.it/23ahvtljnpx81.jpg?width=216&amp;crop=smart&amp;auto=webp&amp;s=e5eca199a59319a5a6cbdf01d83e3bcac7e16345', 'width': 216}, {'height': 62, 'url': 'https://preview.redd.it/23ahvtljnpx81.jpg?width=320&amp;crop=smart&amp;auto=webp&amp;s=09b80be4efb7a86462f14ed9b52ac94945b57496', 'width': 320}], 'source': {'height': 116, 'url': 'https://preview.redd.it/23ahvtljnpx81.jpg?auto=webp&amp;s=7eea35e9f642036a2073a8a1525633bdf5c3f1c8', 'width': 598}, 'variants': {}}]}",moderator,https://i.redd.it/23ahvtljnpx81.jpg,
7,[],False,Emotional-Ad-3475,,[],,text,t2_9ze41syg,False,False,False,[],False,False,1651779586,self.Bitcoin,https://www.reddit.com/r/Bitcoin/comments/uj5f5f/terra_bought_15b_btc/,{},uj5f5f,False,False,False,False,False,False,True,False,,,[],,,dark,text,False,,False,True,0,0,False,all_ads,/r/Bitcoin/comments/uj5f5f/terra_bought_15b_btc/,False,6,1651779596,1,[removed],True,False,False,Bitcoin,t5_2s3qj,4164570,public,self,,,Terra bought $1.5b BTC,0,[],1.0,https://www.reddit.com/r/Bitcoin/comments/uj5f5f/terra_bought_15b_btc/,all_ads,6,1651750786.0,,,self,"{'enabled': False, 'images': [{'id': '-hIbbBRM7LaxSyRwlLgDAM_GpifuMBNbkfIblKTIe7g', 'resolutions': [{'height': 108, 'url': 'https://external-preview.redd.it/-jqep0c52wrjenGVLzXon9_Oh4y2fL59CEHBJDQbYgI.jpg?width=108&amp;crop=smart&amp;auto=webp&amp;s=da045bf5ce0f58da054ae3ed09acddb48a409d44', 'width': 108}], 'source': {'height': 140, 'url': 'https://external-preview.redd.it/-jqep0c52wrjenGVLzXon9_Oh4y2fL59CEHBJDQbYgI.jpg?auto=webp&amp;s=daf68b11504353bd0215a5ceb659913fc0d8f622', 'width': 140}, 'variants': {}}]}",moderator,,
8,[],False,Emotional-Ad-3475,,[],,text,t2_9ze41syg,False,False,False,[],False,False,1651779492,self.Bitcoin,https://www.reddit.com/r/Bitcoin/comments/uj5dyz/terra_just_bought_15b_btc/,{},uj5dyz,False,False,False,False,False,False,True,False,,,[],,,dark,text,False,,False,True,0,0,False,all_ads,/r/Bitcoin/comments/uj5dyz/terra_just_bought_15b_btc/,False,6,1651779503,1,[removed],True,False,False,Bitcoin,t5_2s3qj,4164567,public,self,,,TERRA just bought $1.5b BTC,0,[],1.0,https://www.reddit.com/r/Bitcoin/comments/uj5dyz/terra_just_bought_15b_btc/,all_ads,6,1651750692.0,,,self,"{'enabled': False, 'images': [{'id': '-hIbbBRM7LaxSyRwlLgDAM_GpifuMBNbkfIblKTIe7g', 'resolutions': [{'height': 108, 'url': 'https://external-preview.redd.it/-jqep0c52wrjenGVLzXon9_Oh4y2fL59CEHBJDQbYgI.jpg?width=108&amp;crop=smart&amp;auto=webp&amp;s=da045bf5ce0f58da054ae3ed09acddb48a409d44', 'width': 108}], 'source': {'height': 140, 'url': 'https://external-preview.redd.it/-jqep0c52wrjenGVLzXon9_Oh4y2fL59CEHBJDQbYgI.jpg?auto=webp&amp;s=daf68b11504353bd0215a5ceb659913fc0d8f622', 'width': 140}, 'variants': {}}]}",moderator,,
9,[],False,Emotional-Ad-3475,,[],,text,t2_9ze41syg,False,False,False,[],False,False,1651779420,self.Bitcoin,https://www.reddit.com/r/Bitcoin/comments/uj5d17/terra_just_bought_15b_btc/,{},uj5d17,False,False,False,False,False,False,True,False,,,[],,,dark,text,False,,False,True,0,0,False,all_ads,/r/Bitcoin/comments/uj5d17/terra_just_bought_15b_btc/,False,6,1651779430,1,[removed],True,False,False,Bitcoin,t5_2s3qj,4164566,public,https://b.thumbs.redditmedia.com/hC8_GVvCQl5GmRw1zZq6rKh-oh_UzCKmiEGW356G_YE.jpg,22.0,140.0,TERRA just bought $1.5b BTC,0,[],1.0,https://www.reddit.com/r/Bitcoin/comments/uj5d17/terra_just_bought_15b_btc/,all_ads,6,1651750620.0,,,,,moderator,,
10,[],False,hashzzz,Warning-level2-2,"[{'e': 'text', 't': 'Tin'}]",Tin,richtext,t2_4pcz0ap0,False,False,False,[],False,False,1651774675,decrypt.co,https://www.reddit.com/r/CryptoCurrency/comments/uj3nk7/luna_foundation_guard_buys_another_15b_in_bitcoin/,{},uj3nk7,False,True,False,False,False,True,False,False,#0aa18f,NEWS,"[{'e': 'text', 't': 'GENERAL-NEWS'}]",f170aab2-246f-11ec-8143-429a193c9848,GENERAL-NEWS,light,richtext,False,,False,False,1,0,False,all_ads,/r/CryptoCurrency/comments/uj3nk7/luna_foundation_guard_buys_another_15b_in_bitcoin/,False,6,1651774685,1,,True,False,False,CryptoCurrency,t5_2wlj3,4803568,public,https://b.thumbs.redditmedia.com/2ltuw3eI6y6Odc5ik7bdUSyB0B-AZ9LSOrNStZyoOtU.jpg,70.0,140.0,Luna Foundation Guard Buys Another $1.5B in Bitcoin to Back Terra Stablecoin - Decrypt,0,[],1.0,https://decrypt.co/99567/luna-foundation-guard-buys-another-1-5b-bitcoin-back-terra-stablecoin,all_ads,6,1651745875.0,,dark,link,"{'enabled': False, 'images': [{'id': '8KdSAKSQEh3LFXDicXVa2oO4X0Wzs5_FQs7jGBUMEbs', 'resolutions': [{'height': 54, 'url': 'https://external-preview.redd.it/bPvnh6i1q00teO1nwd2QgnBTNvCDowl9gFTg-5XJpb4.jpg?width=108&amp;crop=smart&amp;auto=webp&amp;s=b21a3ef7cd67a15591f57c663269531d55a058ce', 'width': 108}, {'height': 108, 'url': 'https://external-preview.redd.it/bPvnh6i1q00teO1nwd2QgnBTNvCDowl9gFTg-5XJpb4.jpg?width=216&amp;crop=smart&amp;auto=webp&amp;s=e67fd5fc31af7f8b5459593c513d3134319851d2', 'width': 216}, {'height': 160, 'url': 'https://external-preview.redd.it/bPvnh6i1q00teO1nwd2QgnBTNvCDowl9gFTg-5XJpb4.jpg?width=320&amp;crop=smart&amp;auto=webp&amp;s=55a471bf4eff3a1bbc34fd95be0cdeb343b6bb6b', 'width': 320}, {'height': 320, 'url': 'https://external-preview.redd.it/bPvnh6i1q00teO1nwd2QgnBTNvCDowl9gFTg-5XJpb4.jpg?width=640&amp;crop=smart&amp;auto=webp&amp;s=71ec6ec1313a48e10d2330b50e1c6769db274a8f', 'width': 640}, {'height': 480, 'url': 'https://external-preview.redd.it/bPvnh6i1q00teO1nwd2QgnBTNvCDowl9gFTg-5XJpb4.jpg?width=960&amp;crop=smart&amp;auto=webp&amp;s=73c6e56a859241faacb1bf33c2fae2ce9dc8e740', 'width': 960}], 'source': {'height': 512, 'url': 'https://external-preview.redd.it/bPvnh6i1q00teO1nwd2QgnBTNvCDowl9gFTg-5XJpb4.jpg?auto=webp&amp;s=1b2c24f49bfac5c9f2f447dd7c94fb725763ac32', 'width': 1024}, 'variants': {}}]}",,https://decrypt.co/99567/luna-foundation-guard-buys-another-1-5b-bitcoin-back-terra-stablecoin,
11,[],False,partymsl,,"[{'e': 'text', 't': 'Platinum | QC: CC 139'}]",Platinum | QC: CC 139,richtext,t2_3sfg6ijd,False,False,True,[],False,False,1651772318,self.CryptoCurrency,https://www.reddit.com/r/CryptoCurrency/comments/uj2rsq/terraluna_buys_15b_worth_of_bitcoin_as_the_price/,{},uj2rsq,False,True,False,False,False,True,True,False,#0aa18f,NEWS,"[{'e': 'text', 't': 'GENERAL-NEWS'}]",f170aab2-246f-11ec-8143-429a193c9848,GENERAL-NEWS,light,richtext,False,,False,True,1,0,False,all_ads,/r/CryptoCurrency/comments/uj2rsq/terraluna_buys_15b_worth_of_bitcoin_as_the_price/,False,6,1651772328,1,"As a lot of news is getting dragged in at record speed after the Stock markets just dipped 5% and Bitcoin has fallen below the crucial 37k mark.

A very delighting news is that Terra has needed their 20 days of not buying Crypto with a massive $1.5b purchase as the Bitcoin price was just tumbling below 38k and now even 37k. Definitely some Bitcoin on huge discount.

And quite surprisingly they have a lot of Bitcoin left to buy in their 10b dollar purchase plan to back the UST. Definitely the most ambitious plan to back any stablecoin.

Source to read:
https://www.theblockcrypto.com/post/145289/luna-foundation-guard-buys-additional-1-5-billion-in-bitcoin-backing-for-ust?utm_source=cryptopanic&amp;utm_medium=rss",True,False,False,CryptoCurrency,t5_2wlj3,4803452,public,self,,,Terra/Luna buys $1.5b worth of Bitcoin as the price plunges below $37k ü§Ø.,0,[],1.0,https://www.reddit.com/r/CryptoCurrency/comments/uj2rsq/terraluna_buys_15b_worth_of_bitcoin_as_the_price/,all_ads,6,1651743518.0,,dark,self,"{'enabled': False, 'images': [{'id': 'VHobJWooWV5qzynE6CCDlCsHae7_tdAAFflo7YXaXW4', 'resolutions': [{'height': 60, 'url': 'https://external-preview.redd.it/n69CgFfKIFqD9lj_e1U_5w7pb29YXGZn_ZgqM8FGFt4.jpg?width=108&amp;crop=smart&amp;auto=webp&amp;s=ba1d2408be92f6a776426039bba834e9100769fc', 'width': 108}, {'height': 121, 'url': 'https://external-preview.redd.it/n69CgFfKIFqD9lj_e1U_5w7pb29YXGZn_ZgqM8FGFt4.jpg?width=216&amp;crop=smart&amp;auto=webp&amp;s=2c48373b7a21ccdf28ea08563c87aa2dc317ad79', 'width': 216}, {'height': 180, 'url': 'https://external-preview.redd.it/n69CgFfKIFqD9lj_e1U_5w7pb29YXGZn_ZgqM8FGFt4.jpg?width=320&amp;crop=smart&amp;auto=webp&amp;s=21c5c8571e509eb5489bd8e361033b33cdf520cd', 'width': 320}, {'height': 360, 'url': 'https://external-preview.redd.it/n69CgFfKIFqD9lj_e1U_5w7pb29YXGZn_ZgqM8FGFt4.jpg?width=640&amp;crop=smart&amp;auto=webp&amp;s=ce5172d0673cf100a575d19467e41f114c79e425', 'width': 640}, {'height': 540, 'url': 'https://external-preview.redd.it/n69CgFfKIFqD9lj_e1U_5w7pb29YXGZn_ZgqM8FGFt4.jpg?width=960&amp;crop=smart&amp;auto=webp&amp;s=7facd84976e41bd6ed792bd21015898138fcf9f2', 'width': 960}, {'height': 607, 'url': 'https://external-preview.redd.it/n69CgFfKIFqD9lj_e1U_5w7pb29YXGZn_ZgqM8FGFt4.jpg?width=1080&amp;crop=smart&amp;auto=webp&amp;s=7936158650882c26da1480ebd4b5616f7ef11359', 'width': 1080}], 'source': {'height': 1080, 'url': 'https://external-preview.redd.it/n69CgFfKIFqD9lj_e1U_5w7pb29YXGZn_ZgqM8FGFt4.jpg?auto=webp&amp;s=66f7fe05bb6eddc479d388316aecc5021fbf8e20', 'width': 1920}, 'variants': {}}]}",,,
12,[],False,RewtDooDoo,,"[{'e': 'text', 't': 'Platinum | QC: CC 25 | Cdn.Investor 147'}]",Platinum | QC: CC 25 | Cdn.Investor 147,richtext,t2_15con6,False,False,False,[],False,False,1651768669,self.CryptoCurrency,https://www.reddit.com/r/CryptoCurrency/comments/uj1gav/terra_luna_buys_another_15b_of_btc/,{},uj1gav,False,True,False,False,False,True,True,False,#0aa18f,NEWS,"[{'e': 'text', 't': 'GENERAL-NEWS'}]",f170aab2-246f-11ec-8143-429a193c9848,GENERAL-NEWS,light,richtext,False,,False,False,2,0,False,all_ads,/r/CryptoCurrency/comments/uj1gav/terra_luna_buys_another_15b_of_btc/,False,6,1651768679,1,"https://twitter.com/LFG_org/status/1522234947070689280?s=20&amp;t=Md8nLzEzK9i-WB0sJE_Aag

Luna Foundation coming in with a big OTC buy, $1.5B worth of bitcoin (37,863). This brings their total BTC reserve up to 80,393 making them the 7th largest wallet. 

This also completes their first $3B round out of $10B pledged to buy BTC.

Also interesting note, LFG bought and holds $120M of AVAX.

With another ~$7B to buy before the end of Q3 exchanges will certainly be bleeding for BTC. Will this trigger any of the FOMO we've all been waiting for? Obviously price isn't affected short term due to the deal being OTC.

Now all we need is a spot ETF to get approved and the supply shock will be real. Keep on hodling, stacking sats, dca whatever it is you're doing you've made it this far. It's been a hell of a ride so far and I'm looking forward to the rest of it.",True,False,False,CryptoCurrency,t5_2wlj3,4803244,public,self,,,Terra LUNA buys another $1.5B of BTC,0,[],1.0,https://www.reddit.com/r/CryptoCurrency/comments/uj1gav/terra_luna_buys_another_15b_of_btc/,all_ads,6,1651739869.0,,dark,self,"{'enabled': False, 'images': [{'id': 'Zp5zhu06h2r-Ct6UsmagjuoGT8-gJCjwT2O4ZxVEhpU', 'resolutions': [{'height': 108, 'url': 'https://external-preview.redd.it/7tBMHrlr_6PnKHSY38fIFL9GAJu_Hr-Iuo8eXbUY9eY.jpg?width=108&amp;crop=smart&amp;auto=webp&amp;s=ad102d32f20aafcf0586b53428d31225f5e7a763', 'width': 108}], 'source': {'height': 140, 'url': 'https://external-preview.redd.it/7tBMHrlr_6PnKHSY38fIFL9GAJu_Hr-Iuo8eXbUY9eY.jpg?auto=webp&amp;s=ac8fa5df09e57d66226011460842629400fa7b42', 'width': 140}, 'variants': {}}]}",,,new
