,all_awardings,allow_live_comments,author,author_flair_background_color,author_flair_css_class,author_flair_richtext,author_flair_text,author_flair_text_color,author_flair_type,author_fullname,author_is_blocked,author_patreon_flair,author_premium,awarders,can_mod_post,contest_mode,created_utc,domain,full_link,gildings,id,is_created_from_ads_ui,is_crosspostable,is_meta,is_original_content,is_reddit_media_domain,is_robot_indexable,is_self,is_video,link_flair_background_color,link_flair_css_class,link_flair_richtext,link_flair_template_id,link_flair_text,link_flair_text_color,link_flair_type,locked,media_only,no_follow,num_comments,num_crossposts,over_18,parent_whitelist_status,permalink,pinned,post_hint,preview,pwls,retrieved_on,score,selftext,send_replies,spoiler,stickied,subreddit,subreddit_id,subreddit_subscribers,subreddit_type,suggested_sort,thumbnail,thumbnail_height,thumbnail_width,title,total_awards_received,treatment_tags,upvote_ratio,url,url_overridden_by_dest,whitelist_status,wls,created,removed_by_category,author_cakeday,media,media_embed,secure_media,secure_media_embed,media_metadata,author_flair_template_id
0,[],False,cryptobriefing,,Transitioning,"[{'e': 'text', 't': ' '}]", ,dark,richtext,t2_4z4ubzry,False,False,False,[],False,False,1652789832,cryptobriefing.com,https://www.reddit.com/r/CryptoCurrency/comments/url594/a_week_of_terra_the_story_of_do_kwon_and_his/,{},url594,False,True,False,False,False,True,False,False,#add2e2,ADVICE,"[{'e': 'text', 't': 'ANALYSIS'}]",c1034ee6-9c2a-11e3-a8c4-12313b0e8e20,ANALYSIS,dark,richtext,False,False,True,0,0,False,all_ads,/r/CryptoCurrency/comments/url594/a_week_of_terra_the_story_of_do_kwon_and_his/,False,link,"{'enabled': False, 'images': [{'id': '0-RwD_n1bWzdmjo9RZ2VJz70QFxLDhBNMMDivrywveU', 'resolutions': [{'height': 56, 'url': 'https://external-preview.redd.it/JhxH4anCNbrBJDTjxZPzFwEcvxIznh2mRC9FVnrUlns.jpg?width=108&amp;crop=smart&amp;auto=webp&amp;s=7ce90b063d4bf39a44aefd67f85f912adf7b1936', 'width': 108}, {'height': 113, 'url': 'https://external-preview.redd.it/JhxH4anCNbrBJDTjxZPzFwEcvxIznh2mRC9FVnrUlns.jpg?width=216&amp;crop=smart&amp;auto=webp&amp;s=d963a04e041d7796205c8a30801d4f84036c6727', 'width': 216}, {'height': 167, 'url': 'https://external-preview.redd.it/JhxH4anCNbrBJDTjxZPzFwEcvxIznh2mRC9FVnrUlns.jpg?width=320&amp;crop=smart&amp;auto=webp&amp;s=72d5841250bc9bc62ddb8a24673eed8008e9e151', 'width': 320}, {'height': 335, 'url': 'https://external-preview.redd.it/JhxH4anCNbrBJDTjxZPzFwEcvxIznh2mRC9FVnrUlns.jpg?width=640&amp;crop=smart&amp;auto=webp&amp;s=d26610ffdb0cb7e3cfbba4a2ee820e97d5508d0e', 'width': 640}], 'source': {'height': 403, 'url': 'https://external-preview.redd.it/JhxH4anCNbrBJDTjxZPzFwEcvxIznh2mRC9FVnrUlns.jpg?auto=webp&amp;s=216d66b473a353f4dbe987ff8d2953debe7c7830', 'width': 768}, 'variants': {}}]}",6,1652789843,1,,True,False,False,CryptoCurrency,t5_2wlj3,4876561,public,new,https://b.thumbs.redditmedia.com/uPA_W3KCubhF5zl2fYDyK796QFlKxBwMlwVl7KVC_io.jpg,73.0,140.0,A Week of Terra: the Story of Do Kwon and His Black Swan Wipeout,0,[],1.0,https://cryptobriefing.com/week-of-terra-the-story-do-kwon-his-black-swan-wipeout/,https://cryptobriefing.com/week-of-terra-the-story-do-kwon-his-black-swan-wipeout/,all_ads,6,1652761032.0,,,,,,,,
1,[],False,Kindly-Wolf6919,,,"[{'e': 'text', 't': 'Platinum | QC: CC 158, ETH 96 | TraderSubs 93'}]","Platinum | QC: CC 158, ETH 96 | TraderSubs 93",dark,richtext,t2_by4bupt3,False,False,True,[],False,False,1652789535,coingape.com,https://www.reddit.com/r/CryptoCurrency/comments/url24b/south_korea_govt_plans_to_summon_do_kwon_over/,{},url24b,False,False,False,False,False,False,False,False,#0aa18f,NEWS,"[{'e': 'text', 't': 'GENERAL-NEWS'}]",f170aab2-246f-11ec-8143-429a193c9848,GENERAL-NEWS,light,richtext,False,False,True,0,0,False,all_ads,/r/CryptoCurrency/comments/url24b/south_korea_govt_plans_to_summon_do_kwon_over/,False,link,"{'enabled': False, 'images': [{'id': '36MQVAXTDLptMctvXUrtVO7qq7Dw9kpSCpQy-5_l99Y', 'resolutions': [{'height': 72, 'url': 'https://external-preview.redd.it/hNoIicYpbqAj6Po4-mEFq1PO9ZEPEMTJngpWhniKMtM.jpg?width=108&amp;crop=smart&amp;auto=webp&amp;s=56d5a4bdc006313e631103c351278ecd79e8b188', 'width': 108}, {'height': 144, 'url': 'https://external-preview.redd.it/hNoIicYpbqAj6Po4-mEFq1PO9ZEPEMTJngpWhniKMtM.jpg?width=216&amp;crop=smart&amp;auto=webp&amp;s=37ab5217a76201294657ee8de26768c0588ce727', 'width': 216}, {'height': 213, 'url': 'https://external-preview.redd.it/hNoIicYpbqAj6Po4-mEFq1PO9ZEPEMTJngpWhniKMtM.jpg?width=320&amp;crop=smart&amp;auto=webp&amp;s=3fbfb550781aa0493e83874e4ecf85a1216f887b', 'width': 320}, {'height': 426, 'url': 'https://external-preview.redd.it/hNoIicYpbqAj6Po4-mEFq1PO9ZEPEMTJngpWhniKMtM.jpg?width=640&amp;crop=smart&amp;auto=webp&amp;s=8aba6cb2f402bc8234a631cdcd9f0c31036d2adc', 'width': 640}, {'height': 640, 'url': 'https://external-preview.redd.it/hNoIicYpbqAj6Po4-mEFq1PO9ZEPEMTJngpWhniKMtM.jpg?width=960&amp;crop=smart&amp;auto=webp&amp;s=06eaa41c2e42d1cfa4bf6b336be64fac7c72fb34', 'width': 960}, {'height': 720, 'url': 'https://external-preview.redd.it/hNoIicYpbqAj6Po4-mEFq1PO9ZEPEMTJngpWhniKMtM.jpg?width=1080&amp;crop=smart&amp;auto=webp&amp;s=6f044e8524a64618dd85af1f744b03776a622be4', 'width': 1080}], 'source': {'height': 800, 'url': 'https://external-preview.redd.it/hNoIicYpbqAj6Po4-mEFq1PO9ZEPEMTJngpWhniKMtM.jpg?auto=webp&amp;s=111ae3469d65557159c88ecf55613f4947ee8afa', 'width': 1200}, 'variants': {}}]}",6,1652789546,1,,False,False,False,CryptoCurrency,t5_2wlj3,4876536,public,,https://b.thumbs.redditmedia.com/hlPW7iRby172lJBnCGt3JPYvvMhrbKSr-ORGxEFHNhU.jpg,93.0,140.0,South Korea Govt Plans To Summon Do Kwon Over Terra Crash,0,[],1.0,https://coingape.com/breaking-s-korea-govt-plans-to-summon-do-kwon-terra-crash/,https://coingape.com/breaking-s-korea-govt-plans-to-summon-do-kwon-terra-crash/,all_ads,6,1652760735.0,reddit,,,,,,,
2,[],False,Wabi-Sabibitch,,,"[{'e': 'text', 't': 'Platinum | QC: CC 175'}]",Platinum | QC: CC 175,dark,richtext,t2_9v8ngs4c,False,False,False,[],False,False,1652788727,cointelegraph.com,https://www.reddit.com/r/CryptoCurrency/comments/urksw9/do_kwon_summoned_to_parliamentary_hearing/,{},urksw9,False,True,False,False,False,True,False,False,#0aa18f,NEWS,"[{'e': 'text', 't': 'GENERAL-NEWS'}]",f170aab2-246f-11ec-8143-429a193c9848,GENERAL-NEWS,light,richtext,False,False,True,0,0,False,all_ads,/r/CryptoCurrency/comments/urksw9/do_kwon_summoned_to_parliamentary_hearing/,False,link,"{'enabled': False, 'images': [{'id': 'yHvygBWToRbvjiwrPpSG41hQzGeC5d-OjWzgXNLOwO8', 'resolutions': [{'height': 71, 'url': 'https://external-preview.redd.it/e2U4ER9yvEeHN4VVvI2IUiiZqfX8LaWQTCv_fjJ-LWs.jpg?width=108&amp;crop=smart&amp;auto=webp&amp;s=0beceb0cb3b4ea36c87aaf2700e16cb24f12ecd4', 'width': 108}, {'height': 143, 'url': 'https://external-preview.redd.it/e2U4ER9yvEeHN4VVvI2IUiiZqfX8LaWQTCv_fjJ-LWs.jpg?width=216&amp;crop=smart&amp;auto=webp&amp;s=ef18ca5ed82a3e5ccf3a50e71864fa4b5ed2b619', 'width': 216}, {'height': 213, 'url': 'https://external-preview.redd.it/e2U4ER9yvEeHN4VVvI2IUiiZqfX8LaWQTCv_fjJ-LWs.jpg?width=320&amp;crop=smart&amp;auto=webp&amp;s=4228d3173701ab109ec804d185533ed04bb46fd2', 'width': 320}, {'height': 426, 'url': 'https://external-preview.redd.it/e2U4ER9yvEeHN4VVvI2IUiiZqfX8LaWQTCv_fjJ-LWs.jpg?width=640&amp;crop=smart&amp;auto=webp&amp;s=98293940de4d4f2797ecf8fe2a5c6cdd8b2d780b', 'width': 640}, {'height': 639, 'url': 'https://external-preview.redd.it/e2U4ER9yvEeHN4VVvI2IUiiZqfX8LaWQTCv_fjJ-LWs.jpg?width=960&amp;crop=smart&amp;auto=webp&amp;s=a6c81df6c19b6bfcaa1b3de2e27af173774f7b33', 'width': 960}, {'height': 719, 'url': 'https://external-preview.redd.it/e2U4ER9yvEeHN4VVvI2IUiiZqfX8LaWQTCv_fjJ-LWs.jpg?width=1080&amp;crop=smart&amp;auto=webp&amp;s=fbc05dd5cd3e42e62d649c47b2cfbef7aef9691e', 'width': 1080}], 'source': {'height': 773, 'url': 'https://external-preview.redd.it/e2U4ER9yvEeHN4VVvI2IUiiZqfX8LaWQTCv_fjJ-LWs.jpg?auto=webp&amp;s=eb99a1f48e2e8272c8d6bdb7419b79c5db5531a4', 'width': 1160}, 'variants': {}}]}",6,1652788738,1,,False,False,False,CryptoCurrency,t5_2wlj3,4876472,public,new,https://a.thumbs.redditmedia.com/JL_RVD0cuD9JeYUiz6Ga_cg8crkU_yYS-lDrCPW7in4.jpg,93.0,140.0,Do Kwon summoned to parliamentary hearing,0,[],1.0,https://cointelegraph.com/news/do-kwon-summoned-to-parliamentary-hearing-following-ust-and-luna-crash?utm_source=coingecko&amp;utm_content=coingecko&amp;utm_campaign=coingecko&amp;utm_medium=coingecko&amp;utm_term=coingecko,https://cointelegraph.com/news/do-kwon-summoned-to-parliamentary-hearing-following-ust-and-luna-crash?utm_source=coingecko&amp;utm_content=coingecko&amp;utm_campaign=coingecko&amp;utm_medium=coingecko&amp;utm_term=coingecko,all_ads,6,1652759927.0,,,,,,,,
3,[],True,-normal-reddit-user-,,,"[{'e': 'text', 't': 'Platinum | QC: CC 362 | CAKE 17'}]",Platinum | QC: CC 362 | CAKE 17,dark,richtext,t2_4gyqdf5o,False,False,False,[],False,False,1652786446,thecryptobasic.com,https://www.reddit.com/r/CryptoCurrency/comments/urk6tl/south_korean_congress_calls_terra_founder_do_kwon/,{},urk6tl,False,False,False,False,False,False,False,False,#0aa18f,NEWS,"[{'e': 'text', 't': 'GENERAL-NEWS'}]",f170aab2-246f-11ec-8143-429a193c9848,GENERAL-NEWS,light,richtext,False,False,True,0,0,False,all_ads,/r/CryptoCurrency/comments/urk6tl/south_korean_congress_calls_terra_founder_do_kwon/,False,link,"{'enabled': False, 'images': [{'id': 's3z6xBCTl2vX043dRHweys4lzkNsmpQKfk10w2msA_E', 'resolutions': [{'height': 67, 'url': 'https://external-preview.redd.it/kvtRc3zlyCx9gyly9ZEb7jkTcIxi6w961Tbr1phcwiI.jpg?width=108&amp;crop=smart&amp;auto=webp&amp;s=c2eaa84684db504e4e30f70951acf9a1b1d7f7df', 'width': 108}, {'height': 135, 'url': 'https://external-preview.redd.it/kvtRc3zlyCx9gyly9ZEb7jkTcIxi6w961Tbr1phcwiI.jpg?width=216&amp;crop=smart&amp;auto=webp&amp;s=b47537607190563ae20e449fc0f963d366b53ed2', 'width': 216}, {'height': 200, 'url': 'https://external-preview.redd.it/kvtRc3zlyCx9gyly9ZEb7jkTcIxi6w961Tbr1phcwiI.jpg?width=320&amp;crop=smart&amp;auto=webp&amp;s=940895a747fffccaba88f6cfae6171d10148bc09', 'width': 320}, {'height': 400, 'url': 'https://external-preview.redd.it/kvtRc3zlyCx9gyly9ZEb7jkTcIxi6w961Tbr1phcwiI.jpg?width=640&amp;crop=smart&amp;auto=webp&amp;s=491109a94f7a0a4e5db60a5c49895036731cd11d', 'width': 640}], 'source': {'height': 589, 'url': 'https://external-preview.redd.it/kvtRc3zlyCx9gyly9ZEb7jkTcIxi6w961Tbr1phcwiI.jpg?auto=webp&amp;s=8fdbc9eb1c47fc8762b2ee13de82d26227c4a113', 'width': 941}, 'variants': {}}]}",6,1652786457,1,,True,False,False,CryptoCurrency,t5_2wlj3,4876265,public,,https://a.thumbs.redditmedia.com/v55k83pyfZRAbI050gA4sphQpawS1L-KRLUzKX-GdV0.jpg,87.0,140.0,South Korean Congress Calls Terra Founder Do Kwon To Explain LUNA And UST Fall,0,[],1.0,https://thecryptobasic.com/2022/05/17/south-korean-congress-ask-terra-luna-founder-do-kwon-to-explain-luna-and-ust-fall/,https://thecryptobasic.com/2022/05/17/south-korean-congress-ask-terra-luna-founder-do-kwon-to-explain-luna-and-ust-fall/,all_ads,6,1652757646.0,moderator,,,,,,,
4,[],False,AdditionPartition,,,[],,,text,t2_51l3hu3b,False,False,False,[],False,False,1652783303,blockmagnates.com,https://www.reddit.com/r/CryptoCurrency/comments/urje5r/a_victim_in_singapore_accuses_do_kwon_of_running/,{},urje5r,False,True,False,False,False,True,False,False,#0aa18f,NEWS,"[{'e': 'text', 't': 'GENERAL-NEWS'}]",f170aab2-246f-11ec-8143-429a193c9848,GENERAL-NEWS,light,richtext,False,False,True,0,0,False,all_ads,/r/CryptoCurrency/comments/urje5r/a_victim_in_singapore_accuses_do_kwon_of_running/,False,link,"{'enabled': False, 'images': [{'id': 'MJ8A9OEqb4TMY8C42EsXejn7Ocg8JsGe2haO7DTojpY', 'resolutions': [{'height': 80, 'url': 'https://external-preview.redd.it/u-ljlGE8wkelj8tdL-p5SKQE2wLx1CEm1M4-ouftcFo.jpg?width=108&amp;crop=smart&amp;auto=webp&amp;s=a7f610a988f41e638f3be96414af617515fd3730', 'width': 108}, {'height': 161, 'url': 'https://external-preview.redd.it/u-ljlGE8wkelj8tdL-p5SKQE2wLx1CEm1M4-ouftcFo.jpg?width=216&amp;crop=smart&amp;auto=webp&amp;s=9d848dd19d4c4094ea39379cabd8106adac2d5f9', 'width': 216}, {'height': 239, 'url': 'https://external-preview.redd.it/u-ljlGE8wkelj8tdL-p5SKQE2wLx1CEm1M4-ouftcFo.jpg?width=320&amp;crop=smart&amp;auto=webp&amp;s=5a6d8a7f6c257a2f7876757154092ec4d680a2f0', 'width': 320}, {'height': 479, 'url': 'https://external-preview.redd.it/u-ljlGE8wkelj8tdL-p5SKQE2wLx1CEm1M4-ouftcFo.jpg?width=640&amp;crop=smart&amp;auto=webp&amp;s=486b06ee76f9c371bd78db5c55b917e8bf670f71', 'width': 640}, {'height': 719, 'url': 'https://external-preview.redd.it/u-ljlGE8wkelj8tdL-p5SKQE2wLx1CEm1M4-ouftcFo.jpg?width=960&amp;crop=smart&amp;auto=webp&amp;s=8cd11900bdfb50782ccbb711ad17abf4f304cb84', 'width': 960}], 'source': {'height': 719, 'url': 'https://external-preview.redd.it/u-ljlGE8wkelj8tdL-p5SKQE2wLx1CEm1M4-ouftcFo.jpg?auto=webp&amp;s=0af95adc36248264846731e821e4e5af932ecdcb', 'width': 960}, 'variants': {}}]}",6,1652783314,1,,True,False,False,CryptoCurrency,t5_2wlj3,4876015,public,new,https://b.thumbs.redditmedia.com/0gNE7ontK2cbFoxAqpFv4InPWwlSxfzlPr681LrFngA.jpg,104.0,140.0,A Victim in Singapore Accuses Do Kwon of Running a Ponzi. The victim claims that over 1000 people have been left holding mud,0,[],1.0,https://blockmagnates.com/a-victim-in-singapore-accuses-terra-do-kwon-of-running-a-ponzi/,https://blockmagnates.com/a-victim-in-singapore-accuses-terra-do-kwon-of-running-a-ponzi/,all_ads,6,1652754503.0,,,,,,,,
5,[],False,AdditionPartition,,,[],,,text,t2_51l3hu3b,False,False,False,[],False,False,1652783123,blockmagnates.com,https://www.reddit.com/r/CryptoCurrency/comments/urjck6/a_victim_in_singapore_accuses_do_kwon_of_running/,{},urjck6,False,True,False,False,False,True,False,False,#0aa18f,NEWS,"[{'e': 'text', 't': 'GENERAL-NEWS'}]",f170aab2-246f-11ec-8143-429a193c9848,GENERAL-NEWS,light,richtext,False,False,True,0,0,False,all_ads,/r/CryptoCurrency/comments/urjck6/a_victim_in_singapore_accuses_do_kwon_of_running/,False,link,"{'enabled': False, 'images': [{'id': 'MJ8A9OEqb4TMY8C42EsXejn7Ocg8JsGe2haO7DTojpY', 'resolutions': [{'height': 80, 'url': 'https://external-preview.redd.it/u-ljlGE8wkelj8tdL-p5SKQE2wLx1CEm1M4-ouftcFo.jpg?width=108&amp;crop=smart&amp;auto=webp&amp;s=a7f610a988f41e638f3be96414af617515fd3730', 'width': 108}, {'height': 161, 'url': 'https://external-preview.redd.it/u-ljlGE8wkelj8tdL-p5SKQE2wLx1CEm1M4-ouftcFo.jpg?width=216&amp;crop=smart&amp;auto=webp&amp;s=9d848dd19d4c4094ea39379cabd8106adac2d5f9', 'width': 216}, {'height': 239, 'url': 'https://external-preview.redd.it/u-ljlGE8wkelj8tdL-p5SKQE2wLx1CEm1M4-ouftcFo.jpg?width=320&amp;crop=smart&amp;auto=webp&amp;s=5a6d8a7f6c257a2f7876757154092ec4d680a2f0', 'width': 320}, {'height': 479, 'url': 'https://external-preview.redd.it/u-ljlGE8wkelj8tdL-p5SKQE2wLx1CEm1M4-ouftcFo.jpg?width=640&amp;crop=smart&amp;auto=webp&amp;s=486b06ee76f9c371bd78db5c55b917e8bf670f71', 'width': 640}, {'height': 719, 'url': 'https://external-preview.redd.it/u-ljlGE8wkelj8tdL-p5SKQE2wLx1CEm1M4-ouftcFo.jpg?width=960&amp;crop=smart&amp;auto=webp&amp;s=8cd11900bdfb50782ccbb711ad17abf4f304cb84', 'width': 960}], 'source': {'height': 719, 'url': 'https://external-preview.redd.it/u-ljlGE8wkelj8tdL-p5SKQE2wLx1CEm1M4-ouftcFo.jpg?auto=webp&amp;s=0af95adc36248264846731e821e4e5af932ecdcb', 'width': 960}, 'variants': {}}]}",6,1652783133,1,,True,False,False,CryptoCurrency,t5_2wlj3,4876001,public,new,https://b.thumbs.redditmedia.com/0gNE7ontK2cbFoxAqpFv4InPWwlSxfzlPr681LrFngA.jpg,104.0,140.0,"A Victim in Singapore Accuses Do Kwon of Running a Ponzi. The victim claims that over 1,000 LUNA and UST holders have been left holding mud.",0,[],1.0,https://blockmagnates.com/a-victim-in-singapore-accuses-terra-do-kwon-of-running-a-ponzi/,https://blockmagnates.com/a-victim-in-singapore-accuses-terra-do-kwon-of-running-a-ponzi/,all_ads,6,1652754323.0,,,,,,,,
6,[],False,AdditionPartition,,,[],,,text,t2_51l3hu3b,False,False,False,[],False,False,1652782283,blockmagnates.com,https://www.reddit.com/r/CryptoCurrency/comments/urj5eh/a_victim_in_singapore_accuses_terra_do_kwon_of/,{},urj5eh,False,True,False,False,False,True,False,False,#0aa18f,NEWS,"[{'e': 'text', 't': 'GENERAL-NEWS'}]",f170aab2-246f-11ec-8143-429a193c9848,GENERAL-NEWS,light,richtext,False,False,True,0,0,False,all_ads,/r/CryptoCurrency/comments/urj5eh/a_victim_in_singapore_accuses_terra_do_kwon_of/,False,link,"{'enabled': False, 'images': [{'id': 'MJ8A9OEqb4TMY8C42EsXejn7Ocg8JsGe2haO7DTojpY', 'resolutions': [{'height': 80, 'url': 'https://external-preview.redd.it/u-ljlGE8wkelj8tdL-p5SKQE2wLx1CEm1M4-ouftcFo.jpg?width=108&amp;crop=smart&amp;auto=webp&amp;s=a7f610a988f41e638f3be96414af617515fd3730', 'width': 108}, {'height': 161, 'url': 'https://external-preview.redd.it/u-ljlGE8wkelj8tdL-p5SKQE2wLx1CEm1M4-ouftcFo.jpg?width=216&amp;crop=smart&amp;auto=webp&amp;s=9d848dd19d4c4094ea39379cabd8106adac2d5f9', 'width': 216}, {'height': 239, 'url': 'https://external-preview.redd.it/u-ljlGE8wkelj8tdL-p5SKQE2wLx1CEm1M4-ouftcFo.jpg?width=320&amp;crop=smart&amp;auto=webp&amp;s=5a6d8a7f6c257a2f7876757154092ec4d680a2f0', 'width': 320}, {'height': 479, 'url': 'https://external-preview.redd.it/u-ljlGE8wkelj8tdL-p5SKQE2wLx1CEm1M4-ouftcFo.jpg?width=640&amp;crop=smart&amp;auto=webp&amp;s=486b06ee76f9c371bd78db5c55b917e8bf670f71', 'width': 640}, {'height': 719, 'url': 'https://external-preview.redd.it/u-ljlGE8wkelj8tdL-p5SKQE2wLx1CEm1M4-ouftcFo.jpg?width=960&amp;crop=smart&amp;auto=webp&amp;s=8cd11900bdfb50782ccbb711ad17abf4f304cb84', 'width': 960}], 'source': {'height': 719, 'url': 'https://external-preview.redd.it/u-ljlGE8wkelj8tdL-p5SKQE2wLx1CEm1M4-ouftcFo.jpg?auto=webp&amp;s=0af95adc36248264846731e821e4e5af932ecdcb', 'width': 960}, 'variants': {}}]}",6,1652782294,1,,True,False,False,CryptoCurrency,t5_2wlj3,4875954,public,new,https://b.thumbs.redditmedia.com/0gNE7ontK2cbFoxAqpFv4InPWwlSxfzlPr681LrFngA.jpg,104.0,140.0,A Victim in Singapore Accuses Terra' Do Kwon of Running a Ponzi,0,[],1.0,https://blockmagnates.com/a-victim-in-singapore-accuses-terra-do-kwon-of-running-a-ponzi/,https://blockmagnates.com/a-victim-in-singapore-accuses-terra-do-kwon-of-running-a-ponzi/,all_ads,6,1652753483.0,,,,,,,,
7,[],False,milonuttigrain,,,"[{'e': 'text', 't': 'Platinum | QC: CC 1481'}]",Platinum | QC: CC 1481,dark,richtext,t2_7xq0otxy,False,False,False,[],False,False,1652780948,theblockcrypto.com,https://www.reddit.com/r/CryptoCurrency/comments/uriu6d/south_korean_politician_calls_for_do_kwon_to/,{},uriu6d,False,True,False,False,False,True,False,False,,POLITICS,"[{'e': 'text', 't': 'üü¢ POLITICS'}]",,üü¢ POLITICS,dark,richtext,False,False,True,0,0,False,all_ads,/r/CryptoCurrency/comments/uriu6d/south_korean_politician_calls_for_do_kwon_to/,False,link,"{'enabled': False, 'images': [{'id': 'PdB54DTghMv1VB1xQq5G5WWGX2njZsRcU8xm111mXXI', 'resolutions': [{'height': 60, 'url': 'https://external-preview.redd.it/_uosErtXZw7oTQpbOZv5JBfHBzMkW327l0AABV-2gpk.jpg?width=108&amp;crop=smart&amp;auto=webp&amp;s=e3e894331eb2b350434c845b0fc104c11bdda9ed', 'width': 108}, {'height': 121, 'url': 'https://external-preview.redd.it/_uosErtXZw7oTQpbOZv5JBfHBzMkW327l0AABV-2gpk.jpg?width=216&amp;crop=smart&amp;auto=webp&amp;s=640ba6d76a423ec8b736b3e5d468cc5dec9f7d56', 'width': 216}, {'height': 180, 'url': 'https://external-preview.redd.it/_uosErtXZw7oTQpbOZv5JBfHBzMkW327l0AABV-2gpk.jpg?width=320&amp;crop=smart&amp;auto=webp&amp;s=3e7fb096b703421e8e11215b8df3addf73084278', 'width': 320}, {'height': 360, 'url': 'https://external-preview.redd.it/_uosErtXZw7oTQpbOZv5JBfHBzMkW327l0AABV-2gpk.jpg?width=640&amp;crop=smart&amp;auto=webp&amp;s=12f6e49608f71a5bb11da4b64290a86ab09a088d', 'width': 640}, {'height': 540, 'url': 'https://external-preview.redd.it/_uosErtXZw7oTQpbOZv5JBfHBzMkW327l0AABV-2gpk.jpg?width=960&amp;crop=smart&amp;auto=webp&amp;s=ea26643e61c0da3e40d9ecc61eca9847c1fd5f0f', 'width': 960}, {'height': 607, 'url': 'https://external-preview.redd.it/_uosErtXZw7oTQpbOZv5JBfHBzMkW327l0AABV-2gpk.jpg?width=1080&amp;crop=smart&amp;auto=webp&amp;s=52568c7ae1f0d0f7e9eafd9e4065bd761ea35c5a', 'width': 1080}], 'source': {'height': 1080, 'url': 'https://external-preview.redd.it/_uosErtXZw7oTQpbOZv5JBfHBzMkW327l0AABV-2gpk.jpg?auto=webp&amp;s=49c570708d315e67bf635fd9eff06d46ddcc487a', 'width': 1920}, 'variants': {}}]}",6,1652780958,1,,True,False,False,CryptoCurrency,t5_2wlj3,4875838,public,new,https://b.thumbs.redditmedia.com/Sxhyqw_BSbasJRUAqO7Waasu8Z-mmXMGwUNSA0zE43c.jpg,78.0,140.0,South Korean politician calls for Do Kwon to attend hearing on TerraUSD's collapse.,0,[],1.0,https://www.theblockcrypto.com/post/147269/south-korean-politician-calls-for-hearing-terra-do-kwon,https://www.theblockcrypto.com/post/147269/south-korean-politician-calls-for-hearing-terra-do-kwon,all_ads,6,1652752148.0,,,,,,,,
8,[],False,Monster_Chief17,,,"[{'e': 'text', 't': 'Platinum | QC: CC 792 | Economy 10'}]",Platinum | QC: CC 792 | Economy 10,dark,richtext,t2_bdcuq2r,False,False,False,[],False,False,1652779756,self.CryptoCurrency,https://www.reddit.com/r/CryptoCurrency/comments/uril09/a_simple_guide_on_how_to_avoid_the_next_luna_and/,{},uril09,False,True,False,False,False,True,True,False,#46d160,ADVICE,"[{'e': 'text', 't': 'ADVICE'}]",e9570888-9c2a-11e3-809c-12313d1661cc,ADVICE,dark,richtext,False,False,True,1,0,False,all_ads,/r/CryptoCurrency/comments/uril09/a_simple_guide_on_how_to_avoid_the_next_luna_and/,False,,,6,1652779767,1,"I am well aware that the complexity of crypto infrastructure gets people confused a lot and thanks to that confusion they end up investing in very obvious ponzi schemes. If you are easily persuaded that the crypto future is already here and that everyone is missing out except you here is a set of very simple questions that you should ask yourself before going all-in on almost anything.

* **Where is the yield coming from?**

If you are ready to ape into a shitcoin because it offers 20% returns on your stablecoin holdings be sure to check where that money is coming from. In the case of UST, it was mostly subsidized by investment funds and Terra Labs because the Anchor protocol wasn't able to generate nearly enough revenue to cover the promised returns. This, as we all now know, is an unsustainable model that makes absolutely no sense.

* **How quickly can I get out?**

In crypto, disaster is always waiting around the corner. We are working with decentralized protocols (most of the time) and they don't care who is using them. Be 100% sure that you understand the tokenomics and the rules of the game you are playing. Going back to Luna you could easily see the disaster unfolding if you did a simple thought experiment in your head.

If the peg breaks down to $0.9 whales can still redeem Luna with UST at a $1 valuation per UST. If you were a whale in this situation you would simply have to capitalize on the opportunity. Buy UST at a 10% discount on a CEX, redeem Luna tokens with UST and sell it in the open market. Rinse and repeat until the peg comes back to normal or you run Luna into the ground.

If such a scenario is a possibility make sure that your exit plan is ready for when it comes because it will come.

* **Why do they need my money in the first place?**

If you keep using your common sense on a daily basis you will eventually end up asking yourself why is someone offering you 20% returns only because you let your money sit on a specific blockchain and in a very specific protocol like Anchor. Better yet, ask yourself why are centralized exchanges offering 3-4-5% returns on ""crypto staking""?

If they can give you 20% they surely must be making a 25% return on your investment PER YEAR which is insanely ambitious in any industry. Sooner or later you will realize that this is not the case and the only reason they need your coins is because they benefit them.

Exchanges will use your capital to do whatever they want because you can't track it and a project like Anchor will just use your funds as exit liquidity if the shit ends up hitting the fan.

* **Am I stupid or is the idea stupid?**

Lastly, you will want to simplify things as much as possible. If I tell you that my Monopoly money is always pegged to the US Dollar because I backed it with a volatile asset like Monopoly houses and hotels, the first thing you should be asking me is how large is the backing.

If the backing is 2:1 meaning that my backing assets are worth twice as much as my Monopoly money supply then my scam money can survive a 50% market correction and still be fully backed but as soon as we go above 50% someone is going to be left holding the bag because I obviously don't have enough money to pay everyone at the same time.


This, just like Luna and UST, is a very stupid idea and there is no shame in calling it stupid. If the math doesn't check out don't be afraid to ask questions and doubt the system and if the answer is *you are just dumb and poor, that's why you don't understand the future of finance* move on with your life and never look back. People that have great ideas are always willing to explain them and gain more exposure while people running ponzis will always be on the defense.



P.S.

I know that all of this became common sense after the Luna aftermath but I'm sure that there are still people that don't understand what went wrong. I have been calling out UST and Do Kwon for months (you can verify that by checking my post history) and trying to explain why the model is broken but every time I would get blasted to downvote hell by the 20% APY bros that took out loans in hopes that UST yield will take care of them. 

Stay safe and stay curious.",False,False,False,CryptoCurrency,t5_2wlj3,4875742,public,new,self,,,A simple guide on how to avoid the next Luna and how to stop giving people like Do Kwon your hard-earned shekels.,0,[],1.0,https://www.reddit.com/r/CryptoCurrency/comments/uril09/a_simple_guide_on_how_to_avoid_the_next_luna_and/,,all_ads,6,1652750956.0,,,,,,,,
9,[],False,glyde2021,,Warning-level3,"[{'e': 'text', 't': '1 - 2 years account age. -15 - 35 comment karma.'}]",1 - 2 years account age. -15 - 35 comment karma.,dark,richtext,t2_a1h1v129,False,False,False,[],False,False,1652767445,self.CryptoCurrency,https://www.reddit.com/r/CryptoCurrency/comments/urfuzq/private_adeess_or_office_of_do_kwon/,{},urfuzq,False,False,False,False,False,False,True,False,#7193ff,DISCUSSION,"[{'e': 'text', 't': 'DISCUSSION'}]",87049662-0882-11e5-82e1-0e9d1a9f7761,DISCUSSION,dark,richtext,False,False,True,1,0,False,all_ads,/r/CryptoCurrency/comments/urfuzq/private_adeess_or_office_of_do_kwon/,False,,,6,1652767455,1,[removed],True,False,False,CryptoCurrency,t5_2wlj3,4874786,public,,self,,,Private adeess or office of Do Kwon?,0,[],1.0,https://www.reddit.com/r/CryptoCurrency/comments/urfuzq/private_adeess_or_office_of_do_kwon/,,all_ads,6,1652738645.0,moderator,,,,,,,
10,[],False,safan97,,,[],,,text,t2_7d713xeu,False,False,False,[],False,False,1652764414,self.CryptoCurrency,https://www.reddit.com/r/CryptoCurrency/comments/urf424/lost_11k_on_do_kwon_tweet/,{},urf424,False,False,False,False,False,False,True,False,#46d160,MARKETS,"[{'e': 'text', 't': 'MARKETS'}]",1a657c8c-e48d-11e5-a215-0e374d550989,MARKETS,light,richtext,False,False,True,0,0,False,all_ads,/r/CryptoCurrency/comments/urf424/lost_11k_on_do_kwon_tweet/,False,,,6,1652764424,1,[removed],True,False,False,CryptoCurrency,t5_2wlj3,4874537,public,,https://b.thumbs.redditmedia.com/ULk7zhaU8RGa21J4GO-fqLuY4i739nUwPsOkQ4pho7k.jpg,76.0,140.0,Lost $11k on Do Kwon Tweet,0,[],1.0,https://www.reddit.com/r/CryptoCurrency/comments/urf424/lost_11k_on_do_kwon_tweet/,,all_ads,6,1652735614.0,reddit,,,,,,,
11,[],False,Cup-Confident,, ETH,"[{'e': 'text', 't': ' BUY HIGH SELL LOW.'}]", BUY HIGH SELL LOW.,dark,richtext,t2_7lhe1noe,False,False,False,[],False,False,1652760274,bloomberg.com,https://www.reddit.com/r/CryptoCurrency/comments/ure18e/do_kwon_proposes_creating_another_blockchain_from/,{},ure18e,False,True,False,False,False,True,False,False,,GENERAL-NEWS,"[{'e': 'text', 't': 'üü¢ GENERAL-NEWS'}]",,üü¢ GENERAL-NEWS,dark,richtext,False,False,False,1,0,False,all_ads,/r/CryptoCurrency/comments/ure18e/do_kwon_proposes_creating_another_blockchain_from/,False,link,"{'enabled': False, 'images': [{'id': 'aQYnFFRWgGKLhnIq3xCs13pddG0UTxEmS59blv1tQeE', 'resolutions': [{'height': 72, 'url': 'https://external-preview.redd.it/XVedT8rjUX9NlZv56sk0LSYny4M4fe9dsEYlAT2VkIM.jpg?width=108&amp;crop=smart&amp;auto=webp&amp;s=3e91f18fe8e3a0e2e53fbef886e6066b6b3fe091', 'width': 108}, {'height': 144, 'url': 'https://external-preview.redd.it/XVedT8rjUX9NlZv56sk0LSYny4M4fe9dsEYlAT2VkIM.jpg?width=216&amp;crop=smart&amp;auto=webp&amp;s=9a1dc244ba57dcf8e22354e73f521fea3426eb9a', 'width': 216}, {'height': 213, 'url': 'https://external-preview.redd.it/XVedT8rjUX9NlZv56sk0LSYny4M4fe9dsEYlAT2VkIM.jpg?width=320&amp;crop=smart&amp;auto=webp&amp;s=1329e2309a9fb2710bd4b5ad6c1ac8677f164b5b', 'width': 320}, {'height': 426, 'url': 'https://external-preview.redd.it/XVedT8rjUX9NlZv56sk0LSYny4M4fe9dsEYlAT2VkIM.jpg?width=640&amp;crop=smart&amp;auto=webp&amp;s=49c29240853d9af4043a8bf05af8b8943dfed820', 'width': 640}, {'height': 640, 'url': 'https://external-preview.redd.it/XVedT8rjUX9NlZv56sk0LSYny4M4fe9dsEYlAT2VkIM.jpg?width=960&amp;crop=smart&amp;auto=webp&amp;s=5105e2275448af4df2445e4a8bcb2fe0a7fb2e01', 'width': 960}, {'height': 720, 'url': 'https://external-preview.redd.it/XVedT8rjUX9NlZv56sk0LSYny4M4fe9dsEYlAT2VkIM.jpg?width=1080&amp;crop=smart&amp;auto=webp&amp;s=9d193f80ca40052eb588231e4e289a4f47c72c29', 'width': 1080}], 'source': {'height': 800, 'url': 'https://external-preview.redd.it/XVedT8rjUX9NlZv56sk0LSYny4M4fe9dsEYlAT2VkIM.jpg?auto=webp&amp;s=3dfb690b43ad170f36cd3d5f5a056e2a0e4ef1de', 'width': 1200}, 'variants': {}}]}",6,1652760284,1,,True,False,False,CryptoCurrency,t5_2wlj3,4874168,public,,https://b.thumbs.redditmedia.com/229igNakeRrNDvQM889odSL4rOpjmIaUjHcGlD9s8Mo.jpg,93.0,140.0,"Do Kwon Proposes Creating Another Blockchain From the previous blockchain and to distribute new tokens to former supporters like key app developers, those whose computers order transactions on the network, and those who still hold UST.",0,[],1.0,https://www.bloomberg.com/news/articles/2022-05-16/do-kwon-proposes-creating-another-blockchain-from-terra-s-ashes,https://www.bloomberg.com/news/articles/2022-05-16/do-kwon-proposes-creating-another-blockchain-from-terra-s-ashes,all_ads,6,1652731474.0,,,,,,,,
12,[],False,Cup-Confident,, ETH,"[{'e': 'text', 't': ' BUY HIGH SELL LOW.'}]", BUY HIGH SELL LOW.,dark,richtext,t2_7lhe1noe,False,False,False,[],False,False,1652760083,bloomberg.com,https://www.reddit.com/r/CryptoCurrency/comments/urdzbs/do_kwon_proposes_creating_another_blockchain_from/,{},urdzbs,False,False,False,False,False,False,False,False,,GENERAL-NEWS,"[{'e': 'text', 't': 'üü¢ GENERAL-NEWS'}]",,üü¢ GENERAL-NEWS,dark,richtext,False,False,True,1,0,False,all_ads,/r/CryptoCurrency/comments/urdzbs/do_kwon_proposes_creating_another_blockchain_from/,False,link,"{'enabled': False, 'images': [{'id': 'aQYnFFRWgGKLhnIq3xCs13pddG0UTxEmS59blv1tQeE', 'resolutions': [{'height': 72, 'url': 'https://external-preview.redd.it/XVedT8rjUX9NlZv56sk0LSYny4M4fe9dsEYlAT2VkIM.jpg?width=108&amp;crop=smart&amp;auto=webp&amp;s=3e91f18fe8e3a0e2e53fbef886e6066b6b3fe091', 'width': 108}, {'height': 144, 'url': 'https://external-preview.redd.it/XVedT8rjUX9NlZv56sk0LSYny4M4fe9dsEYlAT2VkIM.jpg?width=216&amp;crop=smart&amp;auto=webp&amp;s=9a1dc244ba57dcf8e22354e73f521fea3426eb9a', 'width': 216}, {'height': 213, 'url': 'https://external-preview.redd.it/XVedT8rjUX9NlZv56sk0LSYny4M4fe9dsEYlAT2VkIM.jpg?width=320&amp;crop=smart&amp;auto=webp&amp;s=1329e2309a9fb2710bd4b5ad6c1ac8677f164b5b', 'width': 320}, {'height': 426, 'url': 'https://external-preview.redd.it/XVedT8rjUX9NlZv56sk0LSYny4M4fe9dsEYlAT2VkIM.jpg?width=640&amp;crop=smart&amp;auto=webp&amp;s=49c29240853d9af4043a8bf05af8b8943dfed820', 'width': 640}, {'height': 640, 'url': 'https://external-preview.redd.it/XVedT8rjUX9NlZv56sk0LSYny4M4fe9dsEYlAT2VkIM.jpg?width=960&amp;crop=smart&amp;auto=webp&amp;s=5105e2275448af4df2445e4a8bcb2fe0a7fb2e01', 'width': 960}, {'height': 720, 'url': 'https://external-preview.redd.it/XVedT8rjUX9NlZv56sk0LSYny4M4fe9dsEYlAT2VkIM.jpg?width=1080&amp;crop=smart&amp;auto=webp&amp;s=9d193f80ca40052eb588231e4e289a4f47c72c29', 'width': 1080}], 'source': {'height': 800, 'url': 'https://external-preview.redd.it/XVedT8rjUX9NlZv56sk0LSYny4M4fe9dsEYlAT2VkIM.jpg?auto=webp&amp;s=3dfb690b43ad170f36cd3d5f5a056e2a0e4ef1de', 'width': 1200}, 'variants': {}}]}",6,1652760094,1,,True,False,False,CryptoCurrency,t5_2wlj3,4874146,public,new,https://b.thumbs.redditmedia.com/229igNakeRrNDvQM889odSL4rOpjmIaUjHcGlD9s8Mo.jpg,93.0,140.0,"Do Kwon Proposes Creating Another Blockchain From Terra‚Äôs Ashes and to distribute new tokens to former Terra supporters like key app developers, those whose computers order transactions on the network, and those who still hold TerraUSD",0,[],1.0,https://www.bloomberg.com/news/articles/2022-05-16/do-kwon-proposes-creating-another-blockchain-from-terra-s-ashes,https://www.bloomberg.com/news/articles/2022-05-16/do-kwon-proposes-creating-another-blockchain-from-terra-s-ashes,all_ads,6,1652731283.0,moderator,,,,,,,
13,[],False,Delgra,,Warning-level2-2,"[{'e': 'text', 't': 'Tin'}]",Tin,dark,richtext,t2_domhtbpf,False,False,False,[],False,False,1652752428,self.CryptoCurrency,https://www.reddit.com/r/CryptoCurrency/comments/urbq8l/do_kwon_wants_to_create_a_fork_and_award_himself/,{},urbq8l,False,False,False,False,False,False,True,False,#ff66ac,DEBATE,"[{'e': 'text', 't': 'DEBATE'}]",5b762856-d7c9-11e4-822a-22000b2300b2,DEBATE,light,richtext,False,False,True,1,0,False,all_ads,/r/CryptoCurrency/comments/urbq8l/do_kwon_wants_to_create_a_fork_and_award_himself/,False,,,6,1652752439,1,[removed],True,False,False,CryptoCurrency,t5_2wlj3,4873429,public,,self,,,Do Kwon wants to create a fork and award himself new tokens via airdrop?,0,[],1.0,https://www.reddit.com/r/CryptoCurrency/comments/urbq8l/do_kwon_wants_to_create_a_fork_and_award_himself/,,all_ads,6,1652723628.0,moderator,,,,,,,
14,[],False,Training_Influence49,,Warning-level2-2,"[{'e': 'text', 't': 'Tin'}]",Tin,dark,richtext,t2_9uydj65d,False,False,False,[],False,False,1652738815,self.CryptoCurrency,https://www.reddit.com/r/CryptoCurrency/comments/ur7evx/founders_wife_under_emergency_protection_after/,{},ur7evx,False,True,False,False,False,True,True,False,#7193ff,DISCUSSION,"[{'e': 'text', 't': 'DISCUSSION'}]",87049662-0882-11e5-82e1-0e9d1a9f7761,DISCUSSION,dark,richtext,False,False,True,0,0,False,all_ads,/r/CryptoCurrency/comments/ur7evx/founders_wife_under_emergency_protection_after/,False,,,6,1652738826,1,"L**nas founder‚Äôs wife under emergency protection after crypto market death spiral plunges coin to $0

‚ÄúAs ***** founder Do Kwon fought to salvage the failing stablecoin, his wife reportedly sought police protection in the latest blow to a cryptocurrency some fear may trigger a ‚ÄòLehman moment‚Äô for the market.  

On Friday, South Korean media outlet MoneyToday wrote an unidentified person broke into her apartment building, rang the doorbell to ask if Kwon was home, before leaving the premises after she said he wasn‚Äôt.  

Kwon‚Äôs wife has now been provided with security after she requested emergency protection, police in Seoul‚Äôs Seongdong-gu district told Forkast.  

The developments come amid a wipeout in the value of ****, a coin that served to prop up and maintain *********** dollar peg.  Some investors who had owned **** posted on Reddit that people were suicidal after losing everything.  

Kwon, who developed a reputation for belittling and attacking critics of his project, has now been likened to Elizabeth Holmes, found guilty of fraud for her Theranos deception.  

******** was designed to trade at a one-to-one ratio to the greenback, but without some form of actual collateral that should underpin its value, as is the case with Tether.‚Äù  

Wow!!  Shits crazy",True,False,False,CryptoCurrency,t5_2wlj3,4872137,public,,self,,,Founder‚Äôs wife under emergency protection after crypto market death spiral plunges coin to $0,0,[],1.0,https://www.reddit.com/r/CryptoCurrency/comments/ur7evx/founders_wife_under_emergency_protection_after/,,all_ads,6,1652710015.0,,True,,,,,,
15,[],False,BruteSilverback,,Warning-level2-2,"[{'e': 'text', 't': 'Tin'}]",Tin,dark,richtext,t2_a1mcs73a,False,False,False,[],False,False,1652738091,self.CryptoCurrency,https://www.reddit.com/r/CryptoCurrency/comments/ur755m/the_true_luna_truth/,{},ur755m,False,True,False,False,False,True,True,False,#7193ff,DISCUSSION,"[{'e': 'text', 't': 'DISCUSSION'}]",87049662-0882-11e5-82e1-0e9d1a9f7761,DISCUSSION,dark,richtext,False,False,True,0,0,False,all_ads,/r/CryptoCurrency/comments/ur755m/the_true_luna_truth/,False,,,6,1652738102,1,"Blackrock and Citadel borrowed 100K BTC from Gemini (It appears in their loan book). They swapped 25K of that BTC into UST; this was all done quietly in anticipation of the attack. When the time was right, they called up Do Kwon at Terra Foundation and said they wanted to sell a lot of BTC for UST. As it was a large trade they told him they didn't want to move the market and asked if he would like to buy their large block of BTC at a discount for UST. Do Kwan took the bait. He gave them a huge chunk of UST, thus lowering the UST liquidity significantly. At that point, Blackrock/Citadel dumped all of the BTC and UST causing massive slippage and triggering a cascade of forced selling in both assets. The real problem was Blackrock/Citadel knew that Anchor, which holds a lot of LUNA , was a Ponzi scheme (they offer 20% staking APY for Christ Sake) and this crash would trigger more withdrawals than Anchor can repay. These forced withdrawals and selling would trigger a massive selloff in Luna, thus further breaking the St peg and wrecking the market further. Blackrock and Citadel can now buy the BTC back cheaply to repay the loan and pocket the difference. Meanwhile. billions of longs and Bitcoin VaR were wiped out. This was pure market manipulation.",True,False,False,CryptoCurrency,t5_2wlj3,4872061,public,new,self,,,The true Luna truth ?,0,[],1.0,https://www.reddit.com/r/CryptoCurrency/comments/ur755m/the_true_luna_truth/,,all_ads,6,1652709291.0,,,,,,,,
16,[],False,donerkebabish,,Warning-level2-2,"[{'e': 'text', 't': 'Tin'}]",Tin,dark,richtext,t2_4d85oj6p,False,False,False,[],False,False,1652733238,theblockcrypto.com,https://www.reddit.com/r/CryptoCurrency/comments/ur5ctl/do_kwon_wants_to_fork_the_terra_blockchain_as/,{},ur5ctl,False,True,False,False,False,True,False,False,,GENERAL-NEWS,"[{'e': 'text', 't': 'üü¢ GENERAL-NEWS'}]",,üü¢ GENERAL-NEWS,dark,richtext,False,False,True,0,0,False,all_ads,/r/CryptoCurrency/comments/ur5ctl/do_kwon_wants_to_fork_the_terra_blockchain_as/,False,link,"{'enabled': False, 'images': [{'id': '2F2ctamKhAp0W5XQZXVw_Y5XsguCmyJn1VSnEwqI14c', 'resolutions': [{'height': 60, 'url': 'https://external-preview.redd.it/6Pzh1mAIzWRcHrPMFOzIi5SEjH0LqGYGMpDomSPepTg.jpg?width=108&amp;crop=smart&amp;auto=webp&amp;s=f008fbbe58457b8c0d8f9f283b73fcfd4126ead7', 'width': 108}, {'height': 121, 'url': 'https://external-preview.redd.it/6Pzh1mAIzWRcHrPMFOzIi5SEjH0LqGYGMpDomSPepTg.jpg?width=216&amp;crop=smart&amp;auto=webp&amp;s=8d5ba408a14a3d2398b12930224e2ee95d3ad6f4', 'width': 216}, {'height': 180, 'url': 'https://external-preview.redd.it/6Pzh1mAIzWRcHrPMFOzIi5SEjH0LqGYGMpDomSPepTg.jpg?width=320&amp;crop=smart&amp;auto=webp&amp;s=309a6f6657819fb9707eec998a0bbb45a45f68f4', 'width': 320}, {'height': 360, 'url': 'https://external-preview.redd.it/6Pzh1mAIzWRcHrPMFOzIi5SEjH0LqGYGMpDomSPepTg.jpg?width=640&amp;crop=smart&amp;auto=webp&amp;s=3fa3b548bcf854182fe1163b3480768d9db6d032', 'width': 640}, {'height': 540, 'url': 'https://external-preview.redd.it/6Pzh1mAIzWRcHrPMFOzIi5SEjH0LqGYGMpDomSPepTg.jpg?width=960&amp;crop=smart&amp;auto=webp&amp;s=d8d135b77255c23b2dd4cb75c590a55386411345', 'width': 960}, {'height': 607, 'url': 'https://external-preview.redd.it/6Pzh1mAIzWRcHrPMFOzIi5SEjH0LqGYGMpDomSPepTg.jpg?width=1080&amp;crop=smart&amp;auto=webp&amp;s=65eba1081fd2b19a325fc5fb84ebc1a6e6d297e5', 'width': 1080}], 'source': {'height': 1080, 'url': 'https://external-preview.redd.it/6Pzh1mAIzWRcHrPMFOzIi5SEjH0LqGYGMpDomSPepTg.jpg?auto=webp&amp;s=1ea955cfc21239046b20c39592bec5b5d4410bdd', 'width': 1920}, 'variants': {}}]}",6,1652733248,1,,True,False,False,CryptoCurrency,t5_2wlj3,4871518,public,new,https://b.thumbs.redditmedia.com/FQZKJn-MghArKEH9vuqfBfUMmhMWf85dEdH5So2b27g.jpg,78.0,140.0,Do Kwon wants to fork the Terra blockchain as part of revival plan,0,[],1.0,https://www.theblockcrypto.com/linked/147157/do-kwon-wants-to-fork-the-terra-blockchain-as-part-of-revival-plan,https://www.theblockcrypto.com/linked/147157/do-kwon-wants-to-fork-the-terra-blockchain-as-part-of-revival-plan,all_ads,6,1652704438.0,,,,,,,,
17,[],False,randomguy28282,,,[],,,text,t2_eib88635,False,False,False,[],False,False,1652730161,self.CryptoCurrency,https://www.reddit.com/r/CryptoCurrency/comments/ur47d9/do_kwons_new_proposal_plan/,{},ur47d9,False,True,False,False,False,True,True,False,#0aa18f,NEWS,"[{'e': 'text', 't': 'GENERAL-NEWS'}]",f170aab2-246f-11ec-8143-429a193c9848,GENERAL-NEWS,light,richtext,False,False,True,0,0,False,all_ads,/r/CryptoCurrency/comments/ur47d9/do_kwons_new_proposal_plan/,False,,,6,1652730172,1,"Fork the Terra chain into a new chain without the algorithmic stablecoin UST. The old chain will be renamed being called Terra Classic and the new chain to be called Terra (token Luna).

The new Luna will then be airdropped across Luna Classic stakers, Luna Classic holders, residual UST holders, and essential app developers of Terra Classic.

Do Kwon also plans to Airdrop the new Token to exchange holders as well, the only exchange that seems to be confirmed is Binance, no confirmation for FTX or Kucoin yet.

The Token Distribution

1,000,000,000 Luna tokens in total.

25% - Community pool, controlled by staked governance

1% - Essential Developers emergency allocation. No lockup

4% - Essential developers 

35% - All bonded / unbonded Luna, minus TFL at ‚ÄúPre-attack‚Äù snapshot

10% - Luna holders 

25% - UST holders at the ‚ÄúLaunch‚Äù snapshot

This is not confirmed, it still is a proposal. This all depends on the Terra validators accepting this proposal. Governance voting starts on May 18th.",True,False,False,CryptoCurrency,t5_2wlj3,4871181,public,new,self,,,Do Kwon‚Äôs New Proposal Plan,0,[],1.0,https://www.reddit.com/r/CryptoCurrency/comments/ur47d9/do_kwons_new_proposal_plan/,,all_ads,6,1652701361.0,,,,,,,,
18,[],False,333Crypto,,Warning-level3,"[{'e': 'text', 't': '1 - 2 years account age. -15 - 35 comment karma.'}]",1 - 2 years account age. -15 - 35 comment karma.,dark,richtext,t2_a1upju1u,False,False,False,[],False,False,1652727876,youtube.com,https://www.reddit.com/r/CryptoCurrency/comments/ur3djz/do_kwon_new_terra_luna_plan_luna_wins_ust_wins/,{},ur3djz,False,True,False,False,False,True,False,False,#0dd3bb,VIDEOS,"[{'e': 'text', 't': 'VIDEOS'}]",fee6c918-f3e4-11e5-8172-0ecf7e00c6db,VIDEOS,dark,richtext,False,False,True,1,0,False,all_ads,/r/CryptoCurrency/comments/ur3djz/do_kwon_new_terra_luna_plan_luna_wins_ust_wins/,False,rich:video,"{'enabled': False, 'images': [{'id': '0H5IZ8k2TB_dRjCrNItoSk096yeVf9TEexLJfLrjkSw', 'resolutions': [{'height': 81, 'url': 'https://external-preview.redd.it/6gxFuRjvsI8OR4Yz_ppxHj5yMmjr0H1m53Sc8sxJc7Q.jpg?width=108&amp;crop=smart&amp;auto=webp&amp;s=66d60828e051fe272f429847bc319e688f58a689', 'width': 108}, {'height': 162, 'url': 'https://external-preview.redd.it/6gxFuRjvsI8OR4Yz_ppxHj5yMmjr0H1m53Sc8sxJc7Q.jpg?width=216&amp;crop=smart&amp;auto=webp&amp;s=0addd0b0a473c7db884085c285c25a7ca2e2d187', 'width': 216}, {'height': 240, 'url': 'https://external-preview.redd.it/6gxFuRjvsI8OR4Yz_ppxHj5yMmjr0H1m53Sc8sxJc7Q.jpg?width=320&amp;crop=smart&amp;auto=webp&amp;s=c758a56a068e1064df25a2d23310e8a6c3227a38', 'width': 320}], 'source': {'height': 360, 'url': 'https://external-preview.redd.it/6gxFuRjvsI8OR4Yz_ppxHj5yMmjr0H1m53Sc8sxJc7Q.jpg?auto=webp&amp;s=90729a30aa36ca10024850dc2b11a4f5e09b94f4', 'width': 480}, 'variants': {}}]}",6,1652727886,1,,True,False,False,CryptoCurrency,t5_2wlj3,4870934,public,new,https://b.thumbs.redditmedia.com/8QQaCiIuHWAw6yCjh0-nVew_abfTrY-X2U0IfJrqYvQ.jpg,105.0,140.0,Do Kwon NEW Terra (LUNA) Plan! Luna wins! UST wins! Terra WINS! 2 days w...,0,[],1.0,https://youtube.com/watch?v=oE_2-Rka5qE&amp;feature=share,https://youtube.com/watch?v=oE_2-Rka5qE&amp;feature=share,all_ads,6,1652699076.0,,,"{'oembed': {'author_name': '333 Crypto', 'author_url': 'https://www.youtube.com/channel/UCmJ3yraAAsFlewGAu5K4nYA', 'height': 200, 'html': '&lt;iframe width=""356"" height=""200"" src=""https://www.youtube.com/embed/oE_2-Rka5qE?feature=oembed&amp;enablejsapi=1"" frameborder=""0"" allow=""accelerometer; autoplay; clipboard-write; encrypted-media; gyroscope; picture-in-picture"" allowfullscreen&gt;&lt;/iframe&gt;', 'provider_name': 'YouTube', 'provider_url': 'https://www.youtube.com/', 'thumbnail_height': 360, 'thumbnail_url': 'https://i.ytimg.com/vi/oE_2-Rka5qE/hqdefault.jpg', 'thumbnail_width': 480, 'title': 'Do Kwon NEW Terra (LUNA) Plan! Luna wins! UST wins! Terra WINS! 2 days will vote on it!', 'type': 'video', 'version': '1.0', 'width': 356}, 'type': 'youtube.com'}","{'content': '&lt;iframe width=""356"" height=""200"" src=""https://www.youtube.com/embed/oE_2-Rka5qE?feature=oembed&amp;enablejsapi=1"" frameborder=""0"" allow=""accelerometer; autoplay; clipboard-write; encrypted-media; gyroscope; picture-in-picture"" allowfullscreen&gt;&lt;/iframe&gt;', 'height': 200, 'scrolling': False, 'width': 356}","{'oembed': {'author_name': '333 Crypto', 'author_url': 'https://www.youtube.com/channel/UCmJ3yraAAsFlewGAu5K4nYA', 'height': 200, 'html': '&lt;iframe width=""356"" height=""200"" src=""https://www.youtube.com/embed/oE_2-Rka5qE?feature=oembed&amp;enablejsapi=1"" frameborder=""0"" allow=""accelerometer; autoplay; clipboard-write; encrypted-media; gyroscope; picture-in-picture"" allowfullscreen&gt;&lt;/iframe&gt;', 'provider_name': 'YouTube', 'provider_url': 'https://www.youtube.com/', 'thumbnail_height': 360, 'thumbnail_url': 'https://i.ytimg.com/vi/oE_2-Rka5qE/hqdefault.jpg', 'thumbnail_width': 480, 'title': 'Do Kwon NEW Terra (LUNA) Plan! Luna wins! UST wins! Terra WINS! 2 days will vote on it!', 'type': 'video', 'version': '1.0', 'width': 356}, 'type': 'youtube.com'}","{'content': '&lt;iframe width=""356"" height=""200"" src=""https://www.youtube.com/embed/oE_2-Rka5qE?feature=oembed&amp;enablejsapi=1"" frameborder=""0"" allow=""accelerometer; autoplay; clipboard-write; encrypted-media; gyroscope; picture-in-picture"" allowfullscreen&gt;&lt;/iframe&gt;', 'height': 200, 'media_domain_url': 'https://www.redditmedia.com/mediaembed/ur3djz', 'scrolling': False, 'width': 356}",,
19,[],False,Set1Less,,,[],,,text,t2_7itayt3n,False,False,True,[],False,False,1652726696,self.CryptoCurrency,https://www.reddit.com/r/CryptoCurrency/comments/ur2xtb/do_kwon_terras_blockchain_is_incredibly_robust_as/,{},ur2xtb,False,True,False,False,False,True,True,False,#c403f5,COMEDY,"[{'e': 'text', 't': 'COMEDY'}]",5c104cfc-d7c8-11e4-9d14-22000b6902b0,COMEDY,dark,richtext,False,False,True,0,0,False,all_ads,/r/CryptoCurrency/comments/ur2xtb/do_kwon_terras_blockchain_is_incredibly_robust_as/,False,,,6,1652726706,1,"Terra's volatile founder Do kwon just posted that ""Terra‚Äôs blockchain is incredibly robust, as attested to by recent events""

[Really bro? ](https://preview.redd.it/hsgx2zb1vvz81.jpg?width=1174&amp;format=pjpg&amp;auto=webp&amp;s=5db307f9589fa0ae4c82503f29332e1c9a6e2d80)

How can anyone say Terra's blockchain is robust? As attested to by recent events? Is he even living in the same universe?

 Even after the spectacular bust of the stablecoin and 99.9% crash in value the network had to be halted multiple times and then restarted, only to be stopped again. One hardly knows if its active now or not. 

In what world is Terra a robust blockchain? Maybe a GO BUST blockchain",True,False,False,CryptoCurrency,t5_2wlj3,4870803,public,new,https://a.thumbs.redditmedia.com/MiiCdNSefPYENEPo_P-JE713-S6I6whXjSHg3dfwju4.jpg,74.0,140.0,"Do Kwon: ""Terra‚Äôs blockchain is incredibly robust, as attested to by recent events"". Put the crack pipe down son...Robust or Go-bust?",0,[],1.0,https://www.reddit.com/r/CryptoCurrency/comments/ur2xtb/do_kwon_terras_blockchain_is_incredibly_robust_as/,,all_ads,6,1652697896.0,,,,,,,"{'hsgx2zb1vvz81': {'e': 'Image', 'id': 'hsgx2zb1vvz81', 'm': 'image/jpg', 'p': [{'u': 'https://preview.redd.it/hsgx2zb1vvz81.jpg?width=108&amp;crop=smart&amp;auto=webp&amp;s=048469d0a7a5416a7514020add66159ef9d37e68', 'x': 108, 'y': 57}, {'u': 'https://preview.redd.it/hsgx2zb1vvz81.jpg?width=216&amp;crop=smart&amp;auto=webp&amp;s=cc81eae3453753fdb111dfff558072dd544aa254', 'x': 216, 'y': 114}, {'u': 'https://preview.redd.it/hsgx2zb1vvz81.jpg?width=320&amp;crop=smart&amp;auto=webp&amp;s=6dcf270593fa038064d9d64d62aaf02d93e7b0cb', 'x': 320, 'y': 169}, {'u': 'https://preview.redd.it/hsgx2zb1vvz81.jpg?width=640&amp;crop=smart&amp;auto=webp&amp;s=c011eb349a16e25da92b7e26709e254b2ac81df3', 'x': 640, 'y': 339}, {'u': 'https://preview.redd.it/hsgx2zb1vvz81.jpg?width=960&amp;crop=smart&amp;auto=webp&amp;s=95ff5f9b4be5a0a65c2c8de6eceedbe5adf9a000', 'x': 960, 'y': 508}, {'u': 'https://preview.redd.it/hsgx2zb1vvz81.jpg?width=1080&amp;crop=smart&amp;auto=webp&amp;s=a9c325b5f90689457ac074b990292ca2ed7aa193', 'x': 1080, 'y': 572}], 's': {'u': 'https://preview.redd.it/hsgx2zb1vvz81.jpg?width=1174&amp;format=pjpg&amp;auto=webp&amp;s=5db307f9589fa0ae4c82503f29332e1c9a6e2d80', 'x': 1174, 'y': 622}, 'status': 'valid'}}",
20,[],False,Socialinfluencing,,,"[{'e': 'text', 't': ' Criptrillionaire Life! Css: Moon.'}]", Criptrillionaire Life! Css: Moon.,dark,richtext,t2_4bg8kgqw,False,False,False,[],False,False,1652726230,self.CryptoCurrency,https://www.reddit.com/r/CryptoCurrency/comments/ur2rr5/do_kwon_wont_be_the_last_of_his_kind/,{},ur2rr5,False,True,False,False,False,True,True,False,#5a74cc,PERSPECTIVE,"[{'e': 'text', 't': 'PERSPECTIVE'}]",1b44cdb2-2a6c-11ec-9baf-0aa21184cd0a,PERSPECTIVE,light,richtext,False,False,True,1,0,False,all_ads,/r/CryptoCurrency/comments/ur2rr5/do_kwon_wont_be_the_last_of_his_kind/,False,,,6,1652726241,1,"People feel betrayed and lost recently because yet again a sophisticated swindler came in and used the crypto space as a means to scam people out of their money. 

The Robinhood fiasco before it was the same story, that was just more blatant them showing the average person they will try to stop you from getting ahead if they can.

We all ok know billionaires are exempt from common laws, so what remains? Try keep your wits about you when you invest in this market. Always make sure you're as close to 100% certain that you can lose all that money and it won't affect your food or other essentials.

I say this not in arrogance, because truth be told the profits I've made have been marginal due to me not taking enough caution.",True,False,False,CryptoCurrency,t5_2wlj3,4870751,public,new,self,,,Do Kwon won't be the last of his kind.,0,[],1.0,https://www.reddit.com/r/CryptoCurrency/comments/ur2rr5/do_kwon_wont_be_the_last_of_his_kind/,,all_ads,6,1652697430.0,,,,,,,,
21,[],False,CanuckMorav,,,[],,,text,t2_3bdtly61,False,False,False,[],False,False,1652725738,agora.terra.money,https://www.reddit.com/r/CryptoCurrency/comments/ur2l39/terra_ecosystem_revival_plan_2_by_do_kwon/,{},ur2l39,False,True,False,False,False,True,False,False,#7193ff,DISCUSSION,"[{'e': 'text', 't': 'DISCUSSION'}]",87049662-0882-11e5-82e1-0e9d1a9f7761,DISCUSSION,dark,richtext,False,False,True,0,0,False,all_ads,/r/CryptoCurrency/comments/ur2l39/terra_ecosystem_revival_plan_2_by_do_kwon/,False,link,"{'enabled': False, 'images': [{'id': 'XfMwKoiPYfOqd4PAkrwy3ghvCMHeo7culD97x4f18aM', 'resolutions': [{'height': 108, 'url': 'https://external-preview.redd.it/ZkxigoFxlIdswUY9H_3zWuJQH0XoK2lhYUC73SxgS-o.jpg?width=108&amp;crop=smart&amp;auto=webp&amp;s=cfbd7e585e05cb8dd11e3d0c6a2e5bfcbb350d56', 'width': 108}, {'height': 216, 'url': 'https://external-preview.redd.it/ZkxigoFxlIdswUY9H_3zWuJQH0XoK2lhYUC73SxgS-o.jpg?width=216&amp;crop=smart&amp;auto=webp&amp;s=5fb46438116a95fd436230c9976cf5f502f043fd', 'width': 216}, {'height': 320, 'url': 'https://external-preview.redd.it/ZkxigoFxlIdswUY9H_3zWuJQH0XoK2lhYUC73SxgS-o.jpg?width=320&amp;crop=smart&amp;auto=webp&amp;s=d984d230cfe8f309f4d0d418ba25058cb57fc623', 'width': 320}], 'source': {'height': 600, 'url': 'https://external-preview.redd.it/ZkxigoFxlIdswUY9H_3zWuJQH0XoK2lhYUC73SxgS-o.jpg?auto=webp&amp;s=ce98dfe2b2aa79deaca4561829dee2e91d3f8bbd', 'width': 600}, 'variants': {}}]}",6,1652725749,1,,True,False,False,CryptoCurrency,t5_2wlj3,4870688,public,new,https://b.thumbs.redditmedia.com/FSX2KIS4wF0G96Rmh7-5sBCBUbOhZ-i1VMe3GZ2ReKc.jpg,140.0,140.0,Terra Ecosystem Revival Plan 2 by Do Kwon,0,[],1.0,https://agora.terra.money/t/terra-ecosystem-revival-plan-2/18498/14,https://agora.terra.money/t/terra-ecosystem-revival-plan-2/18498/14,all_ads,6,1652696938.0,,,,,,,,
22,[],False,Wonzky,,,"[{'e': 'text', 't': 'Platinum | QC: CC 845'}]",Platinum | QC: CC 845,dark,richtext,t2_15g8bh,False,False,False,[],False,False,1652725652,agora.terra.money,https://www.reddit.com/r/CryptoCurrency/comments/ur2jzb/latest_revival_plan_by_do_kwon_governance/,{},ur2jzb,False,True,False,False,False,True,False,False,#014980,UPDATE,"[{'e': 'text', 't': 'PROJECT-UPDATE'}]",0de51794-8fa8-11eb-8c8b-0e387731294b,PROJECT-UPDATE,light,richtext,False,False,True,0,0,False,all_ads,/r/CryptoCurrency/comments/ur2jzb/latest_revival_plan_by_do_kwon_governance/,False,link,"{'enabled': False, 'images': [{'id': 'XfMwKoiPYfOqd4PAkrwy3ghvCMHeo7culD97x4f18aM', 'resolutions': [{'height': 108, 'url': 'https://external-preview.redd.it/ZkxigoFxlIdswUY9H_3zWuJQH0XoK2lhYUC73SxgS-o.jpg?width=108&amp;crop=smart&amp;auto=webp&amp;s=cfbd7e585e05cb8dd11e3d0c6a2e5bfcbb350d56', 'width': 108}, {'height': 216, 'url': 'https://external-preview.redd.it/ZkxigoFxlIdswUY9H_3zWuJQH0XoK2lhYUC73SxgS-o.jpg?width=216&amp;crop=smart&amp;auto=webp&amp;s=5fb46438116a95fd436230c9976cf5f502f043fd', 'width': 216}, {'height': 320, 'url': 'https://external-preview.redd.it/ZkxigoFxlIdswUY9H_3zWuJQH0XoK2lhYUC73SxgS-o.jpg?width=320&amp;crop=smart&amp;auto=webp&amp;s=d984d230cfe8f309f4d0d418ba25058cb57fc623', 'width': 320}], 'source': {'height': 600, 'url': 'https://external-preview.redd.it/ZkxigoFxlIdswUY9H_3zWuJQH0XoK2lhYUC73SxgS-o.jpg?auto=webp&amp;s=ce98dfe2b2aa79deaca4561829dee2e91d3f8bbd', 'width': 600}, 'variants': {}}]}",6,1652725663,1,,True,False,False,CryptoCurrency,t5_2wlj3,4870675,public,new,https://b.thumbs.redditmedia.com/jhsPS7cwaXLHkcM9K_WJ1u8TrdOseGnRIu418A3N0TE.jpg,140.0,140.0,Latest Revival Plan by Do Kwon - Governance &amp; Proposals,0,[],1.0,https://agora.terra.money/t/terra-ecosystem-revival-plan-2/18498,https://agora.terra.money/t/terra-ecosystem-revival-plan-2/18498,all_ads,6,1652696852.0,,,,,,,,
23,[],False,securitygusf,,,[],,,text,t2_9l1ez79p,False,False,False,[],False,False,1652725482,self.CryptoCurrency,https://www.reddit.com/r/CryptoCurrency/comments/ur2ht7/do_kwon_proposes_forking_terra_chain/,{},ur2ht7,False,False,False,False,False,False,True,False,#add2e2,ADVICE,"[{'e': 'text', 't': 'ANALYSIS'}]",c1034ee6-9c2a-11e3-a8c4-12313b0e8e20,ANALYSIS,dark,richtext,False,False,True,1,0,False,all_ads,/r/CryptoCurrency/comments/ur2ht7/do_kwon_proposes_forking_terra_chain/,False,,,6,1652725493,1,[removed],True,False,False,CryptoCurrency,t5_2wlj3,4870653,public,,self,,,Do Kwon Proposes Forking Terra Chain,0,[],1.0,https://www.reddit.com/r/CryptoCurrency/comments/ur2ht7/do_kwon_proposes_forking_terra_chain/,,all_ads,6,1652696682.0,moderator,,,,,,,
24,[],False,Pseudonymous100419,,Warning-level2-2,"[{'e': 'text', 't': 'Tin | CRO 8'}]",Tin | CRO 8,dark,richtext,t2_3yin4wvt,False,False,False,[],False,False,1652725205,self.CryptoCurrency,https://www.reddit.com/r/CryptoCurrency/comments/ur2e7p/do_kwon_new_terra_revivial_plan/,{},ur2e7p,False,False,False,False,False,False,True,False,#7193ff,DISCUSSION,"[{'e': 'text', 't': 'DISCUSSION'}]",87049662-0882-11e5-82e1-0e9d1a9f7761,DISCUSSION,dark,richtext,False,False,True,0,0,False,all_ads,/r/CryptoCurrency/comments/ur2e7p/do_kwon_new_terra_revivial_plan/,False,self,"{'enabled': False, 'images': [{'id': 'XfMwKoiPYfOqd4PAkrwy3ghvCMHeo7culD97x4f18aM', 'resolutions': [{'height': 108, 'url': 'https://external-preview.redd.it/ZkxigoFxlIdswUY9H_3zWuJQH0XoK2lhYUC73SxgS-o.jpg?width=108&amp;crop=smart&amp;auto=webp&amp;s=cfbd7e585e05cb8dd11e3d0c6a2e5bfcbb350d56', 'width': 108}, {'height': 216, 'url': 'https://external-preview.redd.it/ZkxigoFxlIdswUY9H_3zWuJQH0XoK2lhYUC73SxgS-o.jpg?width=216&amp;crop=smart&amp;auto=webp&amp;s=5fb46438116a95fd436230c9976cf5f502f043fd', 'width': 216}, {'height': 320, 'url': 'https://external-preview.redd.it/ZkxigoFxlIdswUY9H_3zWuJQH0XoK2lhYUC73SxgS-o.jpg?width=320&amp;crop=smart&amp;auto=webp&amp;s=d984d230cfe8f309f4d0d418ba25058cb57fc623', 'width': 320}], 'source': {'height': 600, 'url': 'https://external-preview.redd.it/ZkxigoFxlIdswUY9H_3zWuJQH0XoK2lhYUC73SxgS-o.jpg?auto=webp&amp;s=ce98dfe2b2aa79deaca4561829dee2e91d3f8bbd', 'width': 600}, 'variants': {}}]}",6,1652725216,1,[removed],True,False,False,CryptoCurrency,t5_2wlj3,4870628,public,,self,,,Do Kwon New Terra Revivial Plan,0,[],1.0,https://www.reddit.com/r/CryptoCurrency/comments/ur2e7p/do_kwon_new_terra_revivial_plan/,,all_ads,6,1652696405.0,automod_filtered,,,,,,,
25,[],False,Pseudonymous100419,,Warning-level2-2,"[{'e': 'text', 't': 'Tin | CRO 8'}]",Tin | CRO 8,dark,richtext,t2_3yin4wvt,False,False,False,[],False,False,1652724908,self.CryptoCurrency,https://www.reddit.com/r/CryptoCurrency/comments/ur2ag6/do_kwon_new_terra_revivial_plan/,{},ur2ag6,False,False,False,False,False,False,True,False,#7193ff,DISCUSSION,"[{'e': 'text', 't': 'DISCUSSION'}]",87049662-0882-11e5-82e1-0e9d1a9f7761,DISCUSSION,dark,richtext,False,False,True,1,0,False,all_ads,/r/CryptoCurrency/comments/ur2ag6/do_kwon_new_terra_revivial_plan/,False,self,"{'enabled': False, 'images': [{'id': 'XfMwKoiPYfOqd4PAkrwy3ghvCMHeo7culD97x4f18aM', 'resolutions': [{'height': 108, 'url': 'https://external-preview.redd.it/ZkxigoFxlIdswUY9H_3zWuJQH0XoK2lhYUC73SxgS-o.jpg?width=108&amp;crop=smart&amp;auto=webp&amp;s=cfbd7e585e05cb8dd11e3d0c6a2e5bfcbb350d56', 'width': 108}, {'height': 216, 'url': 'https://external-preview.redd.it/ZkxigoFxlIdswUY9H_3zWuJQH0XoK2lhYUC73SxgS-o.jpg?width=216&amp;crop=smart&amp;auto=webp&amp;s=5fb46438116a95fd436230c9976cf5f502f043fd', 'width': 216}, {'height': 320, 'url': 'https://external-preview.redd.it/ZkxigoFxlIdswUY9H_3zWuJQH0XoK2lhYUC73SxgS-o.jpg?width=320&amp;crop=smart&amp;auto=webp&amp;s=d984d230cfe8f309f4d0d418ba25058cb57fc623', 'width': 320}], 'source': {'height': 600, 'url': 'https://external-preview.redd.it/ZkxigoFxlIdswUY9H_3zWuJQH0XoK2lhYUC73SxgS-o.jpg?auto=webp&amp;s=ce98dfe2b2aa79deaca4561829dee2e91d3f8bbd', 'width': 600}, 'variants': {}}]}",6,1652724918,1,[removed],True,False,False,CryptoCurrency,t5_2wlj3,4870592,public,,self,,,Do Kwon New Terra Revivial Plan,0,[],1.0,https://www.reddit.com/r/CryptoCurrency/comments/ur2ag6/do_kwon_new_terra_revivial_plan/,,all_ads,6,1652696108.0,moderator,,,,,,,
26,[],False,OVERTIME003,,,[],,,text,t2_lc6lwpc2,False,False,False,[],False,False,1652724539,self.CryptoCurrency,https://www.reddit.com/r/CryptoCurrency/comments/ur25ka/a_police_report_has_been_filed_in_singapore/,{},ur25ka,False,True,False,False,False,True,True,False,#7193ff,DISCUSSION,"[{'e': 'text', 't': 'DISCUSSION'}]",87049662-0882-11e5-82e1-0e9d1a9f7761,DISCUSSION,dark,richtext,False,False,True,1,0,False,all_ads,/r/CryptoCurrency/comments/ur25ka/a_police_report_has_been_filed_in_singapore/,False,,,6,1652724550,1,"Terra / LUNA, once in the top 10 of the crypto capitalization list, crashed more than 99% from its all-time high and its holders saw their portfolio being destroyed in a few days. This event caused a general cryptocurrency bloodbath as a reaction.

**A police report has been filed yesterday by a Singapore citizen. He claims that he knew of more than 1000 Singaporeans that invested in LUNA and UST. UST was sold as the stablecoin that will remain pegged to $1 but it dropped to $0.1 because the ponzi scam collapsed. LUNA became worthless overnight. A total of $32 Billion dollars is lost.**

&amp;#x200B;

https://preview.redd.it/gw1wis9yovz81.png?width=490&amp;format=png&amp;auto=webp&amp;s=062d7d2e45318b44da00dabb4609cd2204f59335

&amp;#x200B;

https://preview.redd.it/9c1csg20pvz81.png?width=494&amp;format=png&amp;auto=webp&amp;s=feb1bcab38e711f2d52bdd65bd30fd0d3694cd2a

&amp;#x200B;

https://preview.redd.it/pcr2kio1pvz81.png?width=493&amp;format=png&amp;auto=webp&amp;s=53750a393ca29239a45dbc797d64ed9e0ac44518",True,False,False,CryptoCurrency,t5_2wlj3,4870549,public,,https://b.thumbs.redditmedia.com/IWlKAfKU4JrjPPDZasUQ83MyIHPhNJ8WzaTg1BBgXng.jpg,140.0,140.0,A police report has been filed in Singapore against Do Kwon on behalf of LUNA and UST investors.,0,[],1.0,https://www.reddit.com/r/CryptoCurrency/comments/ur25ka/a_police_report_has_been_filed_in_singapore/,,all_ads,6,1652695739.0,,,,,,,"{'9c1csg20pvz81': {'e': 'Image', 'id': '9c1csg20pvz81', 'm': 'image/png', 'p': [{'u': 'https://preview.redd.it/9c1csg20pvz81.png?width=108&amp;crop=smart&amp;auto=webp&amp;s=ff9f5fac6d8103e4a179112da5c8b69c501b72bd', 'x': 108, 'y': 151}, {'u': 'https://preview.redd.it/9c1csg20pvz81.png?width=216&amp;crop=smart&amp;auto=webp&amp;s=3e4d906cd9f8148cc91f901d607ce5004e81311d', 'x': 216, 'y': 303}, {'u': 'https://preview.redd.it/9c1csg20pvz81.png?width=320&amp;crop=smart&amp;auto=webp&amp;s=41af7239630497a89ed2584a10a11a908769117e', 'x': 320, 'y': 450}], 's': {'u': 'https://preview.redd.it/9c1csg20pvz81.png?width=494&amp;format=png&amp;auto=webp&amp;s=feb1bcab38e711f2d52bdd65bd30fd0d3694cd2a', 'x': 494, 'y': 695}, 'status': 'valid'}, 'gw1wis9yovz81': {'e': 'Image', 'id': 'gw1wis9yovz81', 'm': 'image/png', 'p': [{'u': 'https://preview.redd.it/gw1wis9yovz81.png?width=108&amp;crop=smart&amp;auto=webp&amp;s=e8051bc285179443280ab9b68b513d521ab49353', 'x': 108, 'y': 153}, {'u': 'https://preview.redd.it/gw1wis9yovz81.png?width=216&amp;crop=smart&amp;auto=webp&amp;s=37dafc989058d9eb59a14c899114ab63383cdce8', 'x': 216, 'y': 307}, {'u': 'https://preview.redd.it/gw1wis9yovz81.png?width=320&amp;crop=smart&amp;auto=webp&amp;s=16f9212db437b4e2b466416f8c33f9fcd71a50f0', 'x': 320, 'y': 455}], 's': {'u': 'https://preview.redd.it/gw1wis9yovz81.png?width=490&amp;format=png&amp;auto=webp&amp;s=062d7d2e45318b44da00dabb4609cd2204f59335', 'x': 490, 'y': 697}, 'status': 'valid'}, 'pcr2kio1pvz81': {'e': 'Image', 'id': 'pcr2kio1pvz81', 'm': 'image/png', 'p': [{'u': 'https://preview.redd.it/pcr2kio1pvz81.png?width=108&amp;crop=smart&amp;auto=webp&amp;s=fc8d83f2dcf3a763527bee99865a2084d19f8d03', 'x': 108, 'y': 153}, {'u': 'https://preview.redd.it/pcr2kio1pvz81.png?width=216&amp;crop=smart&amp;auto=webp&amp;s=427898621669cbb13987d95ef60174549579af7c', 'x': 216, 'y': 306}, {'u': 'https://preview.redd.it/pcr2kio1pvz81.png?width=320&amp;crop=smart&amp;auto=webp&amp;s=970a0bc84109c7896e1b92678eca9edd8c079312', 'x': 320, 'y': 453}], 's': {'u': 'https://preview.redd.it/pcr2kio1pvz81.png?width=493&amp;format=png&amp;auto=webp&amp;s=53750a393ca29239a45dbc797d64ed9e0ac44518', 'x': 493, 'y': 699}, 'status': 'valid'}}",
27,[],False,CryptoChief,,Observer,"[{'e': 'text', 't': 'Observer'}]",Observer,dark,richtext,t2_e0t5q,False,False,False,[],False,False,1652723968,self.CryptoCurrency,https://www.reddit.com/r/CryptoCurrency/comments/ur1xqq/vitalik_buterin_says_do_kwon_should_protect_the/,{},ur1xqq,False,True,False,False,False,True,True,False,,,[],,,dark,text,False,False,True,0,0,False,all_ads,/r/CryptoCurrency/comments/ur1xqq/vitalik_buterin_says_do_kwon_should_protect_the/,False,,,6,1652723979,1,,False,False,False,CryptoCurrency,t5_2wlj3,4870491,public,new,self,,,"Vitalik Buterin says Do Kwon should protect the smallholders, not the whales",0,[],1.0,https://www.reddit.com/r/CryptoCurrency/comments/ur1xqq/vitalik_buterin_says_do_kwon_should_protect_the/,,all_ads,6,1652695168.0,,,,,,,,7161c2cc-a8bb-11e7-93c3-0e3a67e32c3a
28,[],False,AdhesivenessDue652,,Warning-level2-2,"[{'e': 'text', 't': 'Tin'}]",Tin,dark,richtext,t2_7kznsvkh,False,False,False,[],False,False,1652721641,self.CryptoCurrency,https://www.reddit.com/r/CryptoCurrency/comments/ur1348/anyone_noticed_how_this_dip_was_very_inorganic/,{},ur1348,False,True,False,False,False,True,True,False,#7193ff,DISCUSSION,"[{'e': 'text', 't': 'DISCUSSION'}]",87049662-0882-11e5-82e1-0e9d1a9f7761,DISCUSSION,dark,richtext,False,False,False,0,0,False,all_ads,/r/CryptoCurrency/comments/ur1348/anyone_noticed_how_this_dip_was_very_inorganic/,False,,,6,1652721651,1,"Yes, the worldwide market as a whole isnt at its best right now and a dip was indeed expected, not just in the crypto market alone.

However, this dip happened in a way that was definitely not organic in any way.

I think we all know by now that Luna‚Äôs downfall is shady asf and this is supported by the fact that Do Kwon dissolved Terraform Labs right before it dumped.

This Luna dump ended up affecting the entire crypto market over multiple days and the market still hasn‚Äôt recovered till now and most probably won‚Äôt recover for a while.

What I don‚Äôt understand is, how did this all happen so damn fast? There is definitely some sort of foul play in the background especially with rumors about Citadel and Blackrock dipping their hands into this cause if you look at the development that‚Äôs happening in the market you would assume that prices would hold up MUCH stronger than they did in reality.

You a lot of development going on with projects like Chainlink and recently Hedera after HBAR foundation started allocating more than half a billion dollars to expand the Hedera network and introduce new projects to its ecosystem.

I‚Äôm assuming that all of this money being poured into the market would at least make investors and institutions holding crypto a lot more confident. So I‚Äôm feeling pretty cynical about what happened.",True,False,False,CryptoCurrency,t5_2wlj3,4870232,public,new,self,,,Anyone noticed how this dip was very inorganic?,0,[],1.0,https://www.reddit.com/r/CryptoCurrency/comments/ur1348/anyone_noticed_how_this_dip_was_very_inorganic/,,all_ads,6,1652692841.0,,,,,,,,
29,[],False,dirtydominion,,Warning-level2-2,"[{'e': 'text', 't': 'Tin | 6 months old'}]",Tin | 6 months old,dark,richtext,t2_frexvdmp,False,False,False,[],False,False,1652719993,investing-press.com,https://www.reddit.com/r/CryptoCurrency/comments/ur0gc4/terra_luna_what_is_the_rescue_plan_proposed_by_do/,{},ur0gc4,False,True,False,False,False,True,False,False,#0aa18f,NEWS,"[{'e': 'text', 't': 'GENERAL-NEWS'}]",f170aab2-246f-11ec-8143-429a193c9848,GENERAL-NEWS,light,richtext,False,False,True,0,0,False,all_ads,/r/CryptoCurrency/comments/ur0gc4/terra_luna_what_is_the_rescue_plan_proposed_by_do/,False,link,"{'enabled': False, 'images': [{'id': 'zpa9dD6ssMkgFASWHrvGFSREEOPig9aXh2Ogpm5fvJ4', 'resolutions': [{'height': 60, 'url': 'https://external-preview.redd.it/VsEvboJxWFE7w4zEZf-cOQDqYe9dqAoMiqrv0jYgJik.jpg?width=108&amp;crop=smart&amp;auto=webp&amp;s=c5c8a29046857bfec37a7d9091637bb18228dcb3', 'width': 108}, {'height': 121, 'url': 'https://external-preview.redd.it/VsEvboJxWFE7w4zEZf-cOQDqYe9dqAoMiqrv0jYgJik.jpg?width=216&amp;crop=smart&amp;auto=webp&amp;s=20f8ea0eedbfe63d63907b499123ce754a440991', 'width': 216}, {'height': 180, 'url': 'https://external-preview.redd.it/VsEvboJxWFE7w4zEZf-cOQDqYe9dqAoMiqrv0jYgJik.jpg?width=320&amp;crop=smart&amp;auto=webp&amp;s=bd8b7d346211c45426a16a6543b470a947528244', 'width': 320}, {'height': 360, 'url': 'https://external-preview.redd.it/VsEvboJxWFE7w4zEZf-cOQDqYe9dqAoMiqrv0jYgJik.jpg?width=640&amp;crop=smart&amp;auto=webp&amp;s=5304fec26e371516e46616a81717f95b7ec778b5', 'width': 640}], 'source': {'height': 411, 'url': 'https://external-preview.redd.it/VsEvboJxWFE7w4zEZf-cOQDqYe9dqAoMiqrv0jYgJik.jpg?auto=webp&amp;s=14643a82ab8b1dec1275dfa88d2b53a728988e85', 'width': 730}, 'variants': {}}]}",6,1652720003,1,,True,False,False,CryptoCurrency,t5_2wlj3,4870036,public,,https://b.thumbs.redditmedia.com/Rb_p6805tkGpl5iI4pGSB1ElfRBRoVz3__2GSc_sGVY.jpg,78.0,140.0,Terra (LUNA): what is the rescue plan proposed by Do Kwon ?,0,[],1.0,https://www.investing-press.com/terra-luna-what-is-the-rescue-plan-proposed-by-do-kwon/,https://www.investing-press.com/terra-luna-what-is-the-rescue-plan-proposed-by-do-kwon/,all_ads,6,1652691193.0,,,,,,,,
