,all_awardings,allow_live_comments,author,author_flair_css_class,author_flair_richtext,author_flair_text,author_flair_type,author_fullname,author_is_blocked,author_patreon_flair,author_premium,awarders,can_mod_post,contest_mode,created_utc,domain,full_link,gildings,id,is_created_from_ads_ui,is_crosspostable,is_meta,is_original_content,is_reddit_media_domain,is_robot_indexable,is_self,is_video,link_flair_background_color,link_flair_css_class,link_flair_richtext,link_flair_template_id,link_flair_text,link_flair_text_color,link_flair_type,locked,media_only,no_follow,num_comments,num_crossposts,over_18,parent_whitelist_status,permalink,pinned,pwls,retrieved_on,score,selftext,send_replies,spoiler,stickied,subreddit,subreddit_id,subreddit_subscribers,subreddit_type,thumbnail,title,total_awards_received,treatment_tags,upvote_ratio,url,whitelist_status,wls,created,author_flair_template_id,author_flair_text_color,post_hint,preview,removed_by_category,thumbnail_height,thumbnail_width,url_overridden_by_dest,author_flair_background_color,media,media_embed,secure_media,secure_media_embed,suggested_sort
0,[],False,FractalConscience,,[],,text,t2_ceq4e0tm,False,False,False,[],False,False,1652889261,self.CryptoCurrency,https://www.reddit.com/r/CryptoCurrency/comments/usg2qr/usdt_isnt_going_anywhere/,{},usg2qr,False,True,False,False,False,True,True,False,#7193ff,DISCUSSION,"[{'e': 'text', 't': 'DISCUSSION'}]",87049662-0882-11e5-82e1-0e9d1a9f7761,DISCUSSION,dark,richtext,False,False,True,0,0,False,all_ads,/r/CryptoCurrency/comments/usg2qr/usdt_isnt_going_anywhere/,False,6,1652889271,1,"I really think people are making a bigger deal out of tether than it really is. Yes as of right now some tether maybe not be backed. But if worse comes to worse bitfinex just has to ask another exchange for some funds. All major exchanges use USDT as a trading pair, I have no doubt if bitfinex asked CZ or KuCoin for a loan they wouldn‚Äôt hesitate. If you think these exchanges are lending to each other or are not ‚Äúfriends‚Äù you don‚Äôt understand how big monetary systems operate. 

If USDT fails all these big exchanges take a big L. I really don‚Äôt think they would sit back and let that happen. Bitfinex gets a subpoena for an audit of their books and they don‚Äôt have the funds? They literally just need to ask CZ or any unregulated exchange for a temporary loan. 

Yeah this dosent fix the fact that the money they are claiming they have isn‚Äôt there. But the downfall of tether is a battle that the big exchanges and their friends won‚Äôt let happen. USDT has the title universal stablecoin. All exchanges have it listed. It is engrained very deeply into the cryptocurrency ecosystem. I believe this may be one of the too big to fail situations. If it does I believe it will be a very very slow process. All this USDT being sold off is just a product of the UST debacle and I honestly can‚Äôt see it having any real ramifications on USDT.",True,False,False,CryptoCurrency,t5_2wlj3,4883708,public,self,USDT isn‚Äôt going anywhere,0,[],1.0,https://www.reddit.com/r/CryptoCurrency/comments/usg2qr/usdt_isnt_going_anywhere/,all_ads,6,1652860461.0,,,,,,,,,,,,,,
1,[],False,wima_space,noob,"[{'e': 'text', 't': 'redditor for 1 week'}]",redditor for 1 week,richtext,t2_mmmbbm10,False,False,False,[],False,False,1652887173,wima-space.com,https://www.reddit.com/r/Bitcoin/comments/usfbf3/terras_luna_crypto_crash_how_ust_broke_and_whats/,{},usfbf3,False,False,False,False,False,False,False,False,,,[],,,dark,text,False,False,True,0,0,False,all_ads,/r/Bitcoin/comments/usfbf3/terras_luna_crypto_crash_how_ust_broke_and_whats/,False,6,1652887184,1,,True,False,False,Bitcoin,t5_2s3qj,4200003,public,https://a.thumbs.redditmedia.com/pfK-5u9iRkLxo9JI9EmCwMvi0MXpGDq1T-KRjmfukf0.jpg,Terra's Luna Crypto Crash: How UST Broke and What's Next - wima space,0,[],1.0,https://wima-space.com/2022/05/18/terras-luna-crypto-crash-how-ust-broke-and-whats-next/,all_ads,6,1652858373.0,2ec8e69e-6c36-11e9-a04b-0afb553d4ea6,dark,link,"{'enabled': False, 'images': [{'id': 'uXpAGr0H1m-SIJgELYdPxGbZZ6-EiClGfMdsSOYhQOw', 'resolutions': [{'height': 60, 'url': 'https://external-preview.redd.it/VaglvFtEFIO-aW0sSYz0PrSAfzIJuM7Cwo9s8TUjlkU.jpg?width=108&amp;crop=smart&amp;auto=webp&amp;s=6e7608c1bc5c05aad3f19141b5522c61304f01d1', 'width': 108}, {'height': 121, 'url': 'https://external-preview.redd.it/VaglvFtEFIO-aW0sSYz0PrSAfzIJuM7Cwo9s8TUjlkU.jpg?width=216&amp;crop=smart&amp;auto=webp&amp;s=c86b323be31fa31a9c3fb5fa86dadc3a9b364c63', 'width': 216}, {'height': 180, 'url': 'https://external-preview.redd.it/VaglvFtEFIO-aW0sSYz0PrSAfzIJuM7Cwo9s8TUjlkU.jpg?width=320&amp;crop=smart&amp;auto=webp&amp;s=3a66b84baf6ce4a75130948b2f1d6cebc92e669b', 'width': 320}, {'height': 360, 'url': 'https://external-preview.redd.it/VaglvFtEFIO-aW0sSYz0PrSAfzIJuM7Cwo9s8TUjlkU.jpg?width=640&amp;crop=smart&amp;auto=webp&amp;s=d169c660e561704257cd0a82a80b23fa90460178', 'width': 640}, {'height': 540, 'url': 'https://external-preview.redd.it/VaglvFtEFIO-aW0sSYz0PrSAfzIJuM7Cwo9s8TUjlkU.jpg?width=960&amp;crop=smart&amp;auto=webp&amp;s=0606282bee183151aa8610edbbd9376e40ecc322', 'width': 960}], 'source': {'height': 576, 'url': 'https://external-preview.redd.it/VaglvFtEFIO-aW0sSYz0PrSAfzIJuM7Cwo9s8TUjlkU.jpg?auto=webp&amp;s=070d7fe241f99745dd47263b1eacced6611854d7', 'width': 1024}, 'variants': {}}]}",moderator,78.0,140.0,https://wima-space.com/2022/05/18/terras-luna-crypto-crash-how-ust-broke-and-whats-next/,,,,,,
2,[],False,jes1118,,[],,text,t2_naw56ofi,False,False,False,[],False,False,1652886805,venturetime.co,https://www.reddit.com/r/Bitcoin/comments/usf6r7/george_soros_type_attack_on_bitcoin_and_ust/,{},usf6r7,False,False,False,False,False,False,False,False,,,[],,,dark,text,False,False,True,0,0,False,all_ads,/r/Bitcoin/comments/usf6r7/george_soros_type_attack_on_bitcoin_and_ust/,False,6,1652886816,1,,True,False,False,Bitcoin,t5_2s3qj,4199984,public,https://b.thumbs.redditmedia.com/zuGWkzyCZNpUiDxnUI9cVbK9jCXUS6ULbNGfD_gwRGM.jpg,George Soros type Attack on Bitcoin and UST,0,[],1.0,https://www.venturetime.co/p/why-the-crypto-market-crashed-the?s=w,all_ads,6,1652858005.0,,,link,"{'enabled': False, 'images': [{'id': 'cP-EcBWy187bbliTzMeyK6nfykydgAyTSf_XqCEDhx4', 'resolutions': [{'height': 108, 'url': 'https://external-preview.redd.it/b_EMzmzZaSVj7okrlYD8yFnqqjfd7jMBHv9DPYw8Dr4.jpg?width=108&amp;crop=smart&amp;auto=webp&amp;s=34937e5e630e3e42da54d7e7a04032e714644e41', 'width': 108}, {'height': 216, 'url': 'https://external-preview.redd.it/b_EMzmzZaSVj7okrlYD8yFnqqjfd7jMBHv9DPYw8Dr4.jpg?width=216&amp;crop=smart&amp;auto=webp&amp;s=d367126dc9aa21c13b335e934923a910c51bfaac', 'width': 216}, {'height': 320, 'url': 'https://external-preview.redd.it/b_EMzmzZaSVj7okrlYD8yFnqqjfd7jMBHv9DPYw8Dr4.jpg?width=320&amp;crop=smart&amp;auto=webp&amp;s=f293a2d92ce03e09182e6130322b603f442e1203', 'width': 320}], 'source': {'height': 600, 'url': 'https://external-preview.redd.it/b_EMzmzZaSVj7okrlYD8yFnqqjfd7jMBHv9DPYw8Dr4.jpg?auto=webp&amp;s=5adbd6b9d2e5a7a510d11e599729405bab8af607', 'width': 600}, 'variants': {}}]}",moderator,140.0,140.0,https://www.venturetime.co/p/why-the-crypto-market-crashed-the?s=w,,,,,,
3,[],False,333Crypto,Warning-level3,"[{'e': 'text', 't': '1 - 2 years account age. -15 - 35 comment karma.'}]",1 - 2 years account age. -15 - 35 comment karma.,richtext,t2_a1upju1u,False,False,False,[],False,False,1652886114,youtube.com,https://www.reddit.com/r/CryptoCurrency/comments/usexsr/how_to_get_the_new_luna_token_on_new_terra_chain/,{},usexsr,False,True,False,False,False,True,False,False,#0dd3bb,VIDEOS,"[{'e': 'text', 't': 'VIDEOS'}]",fee6c918-f3e4-11e5-8172-0ecf7e00c6db,VIDEOS,dark,richtext,False,False,False,1,0,False,all_ads,/r/CryptoCurrency/comments/usexsr/how_to_get_the_new_luna_token_on_new_terra_chain/,False,6,1652886125,1,,True,False,False,CryptoCurrency,t5_2wlj3,4883471,public,https://a.thumbs.redditmedia.com/H4IqHfUGdSCjeYEvGo7-K9duVR17BXutPjVlnQxz-h0.jpg,How to Get the NEW LUNA token on NEW TERRA Chain! Buy UST?,0,[],1.0,https://youtube.com/watch?v=VfOQFGZJMzI&amp;feature=share,all_ads,6,1652857314.0,,dark,rich:video,"{'enabled': False, 'images': [{'id': 'GcncUNgLfT-U_ZQkUwtQjDZOC3NyVG04fuwDbZtYOMc', 'resolutions': [{'height': 81, 'url': 'https://external-preview.redd.it/BeNrazh-K8bdV587L5QYp293X06QjFjbzatC_ey___Y.jpg?width=108&amp;crop=smart&amp;auto=webp&amp;s=006af49a35224eba0a3d9899ce5dc82359ff9f75', 'width': 108}, {'height': 162, 'url': 'https://external-preview.redd.it/BeNrazh-K8bdV587L5QYp293X06QjFjbzatC_ey___Y.jpg?width=216&amp;crop=smart&amp;auto=webp&amp;s=698d2dc8792c69fce4ed0c51b7326f7337020453', 'width': 216}, {'height': 240, 'url': 'https://external-preview.redd.it/BeNrazh-K8bdV587L5QYp293X06QjFjbzatC_ey___Y.jpg?width=320&amp;crop=smart&amp;auto=webp&amp;s=b2bd78ab5756fd4aac52568452c2bfbf37d7c440', 'width': 320}], 'source': {'height': 360, 'url': 'https://external-preview.redd.it/BeNrazh-K8bdV587L5QYp293X06QjFjbzatC_ey___Y.jpg?auto=webp&amp;s=7ee0f95e317656ab15f9f505dcc7d9d6004b4d2f', 'width': 480}, 'variants': {}}]}",,105.0,140.0,https://youtube.com/watch?v=VfOQFGZJMzI&amp;feature=share,,"{'oembed': {'author_name': '333 Crypto', 'author_url': 'https://www.youtube.com/channel/UCmJ3yraAAsFlewGAu5K4nYA', 'height': 200, 'html': '&lt;iframe width=""356"" height=""200"" src=""https://www.youtube.com/embed/VfOQFGZJMzI?feature=oembed&amp;enablejsapi=1"" frameborder=""0"" allow=""accelerometer; autoplay; clipboard-write; encrypted-media; gyroscope; picture-in-picture"" allowfullscreen&gt;&lt;/iframe&gt;', 'provider_name': 'YouTube', 'provider_url': 'https://www.youtube.com/', 'thumbnail_height': 360, 'thumbnail_url': 'https://i.ytimg.com/vi/VfOQFGZJMzI/hqdefault.jpg', 'thumbnail_width': 480, 'title': 'How to Get the NEW LUNA token on NEW TERRA Chain! Buy UST?', 'type': 'video', 'version': '1.0', 'width': 356}, 'type': 'youtube.com'}","{'content': '&lt;iframe width=""356"" height=""200"" src=""https://www.youtube.com/embed/VfOQFGZJMzI?feature=oembed&amp;enablejsapi=1"" frameborder=""0"" allow=""accelerometer; autoplay; clipboard-write; encrypted-media; gyroscope; picture-in-picture"" allowfullscreen&gt;&lt;/iframe&gt;', 'height': 200, 'scrolling': False, 'width': 356}","{'oembed': {'author_name': '333 Crypto', 'author_url': 'https://www.youtube.com/channel/UCmJ3yraAAsFlewGAu5K4nYA', 'height': 200, 'html': '&lt;iframe width=""356"" height=""200"" src=""https://www.youtube.com/embed/VfOQFGZJMzI?feature=oembed&amp;enablejsapi=1"" frameborder=""0"" allow=""accelerometer; autoplay; clipboard-write; encrypted-media; gyroscope; picture-in-picture"" allowfullscreen&gt;&lt;/iframe&gt;', 'provider_name': 'YouTube', 'provider_url': 'https://www.youtube.com/', 'thumbnail_height': 360, 'thumbnail_url': 'https://i.ytimg.com/vi/VfOQFGZJMzI/hqdefault.jpg', 'thumbnail_width': 480, 'title': 'How to Get the NEW LUNA token on NEW TERRA Chain! Buy UST?', 'type': 'video', 'version': '1.0', 'width': 356}, 'type': 'youtube.com'}","{'content': '&lt;iframe width=""356"" height=""200"" src=""https://www.youtube.com/embed/VfOQFGZJMzI?feature=oembed&amp;enablejsapi=1"" frameborder=""0"" allow=""accelerometer; autoplay; clipboard-write; encrypted-media; gyroscope; picture-in-picture"" allowfullscreen&gt;&lt;/iframe&gt;', 'height': 200, 'media_domain_url': 'https://www.redditmedia.com/mediaembed/usexsr', 'scrolling': False, 'width': 356}",
4,[],False,crypto_currency_77,,[],,text,t2_hubpqrkp,False,False,False,[],False,False,1652885125,cryptocurrencysimple.com,https://www.reddit.com/r/CryptoCurrency/comments/usekte/what_is_terra_ust_and_luna/,{},usekte,False,False,False,False,False,False,False,False,#646d73,TECHNOLOGY,"[{'e': 'text', 't': 'TECHNOLOGY'}]",2cb47a9c-3cc9-11ec-8857-7e7f5686f7de,TECHNOLOGY,dark,richtext,False,False,True,0,0,False,all_ads,/r/CryptoCurrency/comments/usekte/what_is_terra_ust_and_luna/,False,6,1652885135,1,,False,False,False,CryptoCurrency,t5_2wlj3,4883392,public,https://b.thumbs.redditmedia.com/IrpJLIAG40Yk3xojJk518H1tOVTGM284P6a8BxJxwrI.jpg,What is Terra? UST and LUNA,0,[],1.0,https://cryptocurrencysimple.com/what-is-terra-ust-and-luna/?feed_id=22553&amp;_unique_id=62850684c217c,all_ads,6,1652856325.0,,,link,"{'enabled': False, 'images': [{'id': 'qh1LnMdOtwEMOcX_cUuPCvkBQYCkFM4q4xgdeVh3W3U', 'resolutions': [{'height': 60, 'url': 'https://external-preview.redd.it/IDvap9mDDcT8uBofwOUu3hLza_i7oQVck7VjeJ4M4ds.jpg?width=108&amp;crop=smart&amp;auto=webp&amp;s=820c5ad3732ed22b0d04e86f36c2867ba0862d00', 'width': 108}, {'height': 121, 'url': 'https://external-preview.redd.it/IDvap9mDDcT8uBofwOUu3hLza_i7oQVck7VjeJ4M4ds.jpg?width=216&amp;crop=smart&amp;auto=webp&amp;s=9b7a1b62f743294ec6e815daa47a1c60528240a7', 'width': 216}, {'height': 180, 'url': 'https://external-preview.redd.it/IDvap9mDDcT8uBofwOUu3hLza_i7oQVck7VjeJ4M4ds.jpg?width=320&amp;crop=smart&amp;auto=webp&amp;s=c4047d99b6609044f98f3152a9bfca52249f26e2', 'width': 320}, {'height': 360, 'url': 'https://external-preview.redd.it/IDvap9mDDcT8uBofwOUu3hLza_i7oQVck7VjeJ4M4ds.jpg?width=640&amp;crop=smart&amp;auto=webp&amp;s=64d4c38956b9f291c24def804e0b53020d93ddde', 'width': 640}, {'height': 540, 'url': 'https://external-preview.redd.it/IDvap9mDDcT8uBofwOUu3hLza_i7oQVck7VjeJ4M4ds.jpg?width=960&amp;crop=smart&amp;auto=webp&amp;s=9c23e454c5f0925aeb2366ae4873eccfb316f2c6', 'width': 960}], 'source': {'height': 576, 'url': 'https://external-preview.redd.it/IDvap9mDDcT8uBofwOUu3hLza_i7oQVck7VjeJ4M4ds.jpg?auto=webp&amp;s=34ef96154637a19d399a205ee9229bea770e9ba5', 'width': 1024}, 'variants': {}}]}",reddit,78.0,140.0,https://cryptocurrencysimple.com/what-is-terra-ust-and-luna/?feed_id=22553&amp;_unique_id=62850684c217c,,,,,,
5,[],False,Possible-Ad-7058,Warning-level3,"[{'e': 'text', 't': '1 - 2 years account age. -15 - 35 comment karma.'}]",1 - 2 years account age. -15 - 35 comment karma.,richtext,t2_4u9is5dg,False,False,False,[],False,False,1652884823,self.CryptoCurrency,https://www.reddit.com/r/CryptoCurrency/comments/usegwg/after_ust_fiacso_all_altcoins_are_shitcoins/,{},usegwg,False,False,False,False,False,False,True,False,#46d160,ADVICE,"[{'e': 'text', 't': 'ADVICE'}]",e9570888-9c2a-11e3-809c-12313d1661cc,ADVICE,dark,richtext,False,False,True,1,0,False,all_ads,/r/CryptoCurrency/comments/usegwg/after_ust_fiacso_all_altcoins_are_shitcoins/,False,6,1652884833,1,[removed],True,False,False,CryptoCurrency,t5_2wlj3,4883362,public,self,After UST fiacso.. all Altcoins are shitcoins,0,[],1.0,https://www.reddit.com/r/CryptoCurrency/comments/usegwg/after_ust_fiacso_all_altcoins_are_shitcoins/,all_ads,6,1652856023.0,,dark,,,moderator,,,,,,,,,
6,[],False,alexo12,,"[{'e': 'text', 't': ' Panic HODler'}]", Panic HODler,richtext,t2_8g3o575,False,False,True,[],False,False,1652883747,news.bitcoin.com,https://www.reddit.com/r/CryptoCurrency/comments/use2xi/3_members_of_terraform_labs_inhouse_legal_team/,{},use2xi,False,True,False,False,False,True,False,False,#0aa18f,NEWS,"[{'e': 'text', 't': 'GENERAL-NEWS'}]",f170aab2-246f-11ec-8143-429a193c9848,GENERAL-NEWS,light,richtext,False,False,True,0,0,False,all_ads,/r/CryptoCurrency/comments/use2xi/3_members_of_terraform_labs_inhouse_legal_team/,False,6,1652883757,1,,False,False,False,CryptoCurrency,t5_2wlj3,4883280,public,https://b.thumbs.redditmedia.com/9loaJ1RAd9G_qWGz7KDW5--c0anWoIMUdhl__zCdecg.jpg,"3 Members of Terraform Labs' In-House Legal Team Abruptly Leave Amid LUNA, and UST Fallout",0,[],1.0,https://news.bitcoin.com/3-members-of-terraform-labs-in-house-legal-team-abruptly-leave-amid-luna-and-ust-fallout/,all_ads,6,1652854947.0,,dark,link,"{'enabled': False, 'images': [{'id': '2s2CyilxExM1vnWJwxYwAJZpwnC4PLEgP4NWDiRM5Vc', 'resolutions': [{'height': 60, 'url': 'https://external-preview.redd.it/gOEqdnP6eKHXgPCluQUB5d2tN4p5t51nxc3hsBijfFY.jpg?width=108&amp;crop=smart&amp;auto=webp&amp;s=3c7a85a423d5c6f3d65c0a839abe740f8f36f3f6', 'width': 108}, {'height': 121, 'url': 'https://external-preview.redd.it/gOEqdnP6eKHXgPCluQUB5d2tN4p5t51nxc3hsBijfFY.jpg?width=216&amp;crop=smart&amp;auto=webp&amp;s=0947588b6fa60f1f3b43670a4546282bcd645bde', 'width': 216}, {'height': 180, 'url': 'https://external-preview.redd.it/gOEqdnP6eKHXgPCluQUB5d2tN4p5t51nxc3hsBijfFY.jpg?width=320&amp;crop=smart&amp;auto=webp&amp;s=a01eb3d410034f934c3de3668014d981eaec4393', 'width': 320}, {'height': 360, 'url': 'https://external-preview.redd.it/gOEqdnP6eKHXgPCluQUB5d2tN4p5t51nxc3hsBijfFY.jpg?width=640&amp;crop=smart&amp;auto=webp&amp;s=c42a6fcbb4036e4a71545b75ba100a8fbd7ec9b4', 'width': 640}, {'height': 540, 'url': 'https://external-preview.redd.it/gOEqdnP6eKHXgPCluQUB5d2tN4p5t51nxc3hsBijfFY.jpg?width=960&amp;crop=smart&amp;auto=webp&amp;s=88a0b6978d968a4ce87c6d00fcb565d710414e1c', 'width': 960}, {'height': 607, 'url': 'https://external-preview.redd.it/gOEqdnP6eKHXgPCluQUB5d2tN4p5t51nxc3hsBijfFY.jpg?width=1080&amp;crop=smart&amp;auto=webp&amp;s=081a79a6cf52b3307f4937cc43aa5cfbe00bd986', 'width': 1080}], 'source': {'height': 720, 'url': 'https://external-preview.redd.it/gOEqdnP6eKHXgPCluQUB5d2tN4p5t51nxc3hsBijfFY.jpg?auto=webp&amp;s=493b6425a987dc6321476577abc131fe324ac48a', 'width': 1280}, 'variants': {}}]}",,78.0,140.0,https://news.bitcoin.com/3-members-of-terraform-labs-in-house-legal-team-abruptly-leave-amid-luna-and-ust-fallout/,,,,,,new
7,[],False,Stankoman,,"[{'e': 'text', 't': 'Platinum | QC: CC 25'}]",Platinum | QC: CC 25,richtext,t2_a9eb8,False,False,False,[],False,False,1652880701,i.redd.it,https://www.reddit.com/r/CryptoCurrency/comments/usd0nt/ust_aint_got_nothing_on_usdd_that_juicy_apr/,{},usd0nt,False,True,False,False,True,True,False,False,#c403f5,COMEDY,"[{'e': 'text', 't': 'COMEDY'}]",5c104cfc-d7c8-11e4-9d14-22000b6902b0,COMEDY,dark,richtext,False,False,True,1,0,False,all_ads,/r/CryptoCurrency/comments/usd0nt/ust_aint_got_nothing_on_usdd_that_juicy_apr/,False,6,1652880712,1,,True,False,False,CryptoCurrency,t5_2wlj3,4883026,public,https://a.thumbs.redditmedia.com/neXVxKiO5ckK1pnsGY5hvJJUb4aenG6J-qdgmlOKVr8.jpg,UST ain't got nothing on USDD! That juicy APR.,0,[],1.0,https://i.redd.it/oejo1f4fl8091.png,all_ads,6,1652851901.0,,dark,image,"{'enabled': True, 'images': [{'id': 'ON9Q5y6QNzu4bygfXWPotce-adQA-f1vLf4Sk-fpQ5M', 'resolutions': [{'height': 173, 'url': 'https://preview.redd.it/oejo1f4fl8091.png?width=108&amp;crop=smart&amp;auto=webp&amp;s=68bf9245e10e181d23dea1e711d47eb3b190ac2e', 'width': 108}, {'height': 346, 'url': 'https://preview.redd.it/oejo1f4fl8091.png?width=216&amp;crop=smart&amp;auto=webp&amp;s=eaaf82d00bc754c0aede38e7e286c8556f6f01f6', 'width': 216}, {'height': 513, 'url': 'https://preview.redd.it/oejo1f4fl8091.png?width=320&amp;crop=smart&amp;auto=webp&amp;s=2707ec212c7d36e569b89c8250829213552f3093', 'width': 320}, {'height': 1026, 'url': 'https://preview.redd.it/oejo1f4fl8091.png?width=640&amp;crop=smart&amp;auto=webp&amp;s=3136cf2293ac5cfd4687c981b90203e2faf05670', 'width': 640}, {'height': 1539, 'url': 'https://preview.redd.it/oejo1f4fl8091.png?width=960&amp;crop=smart&amp;auto=webp&amp;s=2be69b5fc3f4d3c31ff74d18cf159afd077abf63', 'width': 960}, {'height': 1732, 'url': 'https://preview.redd.it/oejo1f4fl8091.png?width=1080&amp;crop=smart&amp;auto=webp&amp;s=50a5a402d1592bbe6db458d0f43396287b9fd0b5', 'width': 1080}], 'source': {'height': 1732, 'url': 'https://preview.redd.it/oejo1f4fl8091.png?auto=webp&amp;s=f1e00113eb820c4b1d03a5dbc975b9e4b5f5413c', 'width': 1080}, 'variants': {}}]}",,140.0,140.0,https://i.redd.it/oejo1f4fl8091.png,,,,,,
8,[],False,SantiagoSchw,Warning-level1-1,"[{'e': 'text', 't': 'Bronze | CAKE 8'}]",Bronze | CAKE 8,richtext,t2_k1jrktn,False,False,False,[],False,False,1652877826,self.CryptoCurrency,https://www.reddit.com/r/CryptoCurrency/comments/usc1ad/the_terra_revival_proposal_is_now_live_and_under/,{},usc1ad,False,True,False,False,False,True,True,False,#0aa18f,NEWS,"[{'e': 'text', 't': 'GENERAL-NEWS'}]",f170aab2-246f-11ec-8143-429a193c9848,GENERAL-NEWS,light,richtext,False,False,True,0,0,False,all_ads,/r/CryptoCurrency/comments/usc1ad/the_terra_revival_proposal_is_now_live_and_under/,False,6,1652877837,1," **Summary of the proposal**

* Fork the Terra chain into a new chain without the algorithmic stablecoin. The old chain to be called Terra Classic (token Luna Classic - LUNC), and the new chain to be called Terra (token Luna - LUNA)
* Luna to be airdropped across Luna Classic stakers, Luna Classic holders, residual UST holders, and essential app developers of Terra Classic.
* TFL‚Äôs wallet (terra1dp0taj85ruc299rkdvzp4z5pfg6z6swaed74e6) will be removed in the whitelist for the airdrop, making Terra a fully community owned chain
* Allocate a large portion of the token distribution in 1) providing emergency runway for existing Terra dapp developers 2) align interest of devs with the long term success of the ecosystem
* Network security to be incentivized with token inflation. Target staking rewards of 7% p.a.

&amp;#x200B;

**Token Distribution rules**

* Community pool: 25%
   * Controlled by staked governance
   * 10% earmarked for developers
* Pre-attack LUNA holders: 35%
   * All bonded / unbonded Luna, minus TFL at ‚ÄúPre-attack‚Äù snapshot; staking derivatives included
   * For wallets with &lt; 1M Luna: 1 year cliff, 2 year vesting thereafter
   * For wallets with &gt; 1M Luna: 1 year cliff, 4 year vesting thereafter
* Pre-attack aUST holders: 10%
   * 500K whale cap - covers up to 99.7% of all holders but only 26.72% of aUST
   * 15% unlocked at genesis; 85% vested over 2 years thereafter with 6 month cliff
* Post-attack LUNA holders: 10%
   * Staking derivatives included
   * 15% unlocked at genesis; 85% vested over 2 years thereafter with 6 month cliff
* Post-attack UST holders: 20%
   * 15% unlocked at genesis; 85% vested over 2 years thereafter with 6 month cliff

Definitions:

* ‚ÄúPre-attack‚Äù snapshot to be taken at at Terra Classic block 7544915 (2022.05.07 23:00:04+08:00)
* ‚ÄúPost-attack‚Äù snapshot to be taken at Terra Classic block 7790000 (2022.05.27 03:59:51+08:00)

&amp;#x200B;

&gt;More information on [https://medium.com/coinmonks/terra-luna-revival-plan-announced-will-people-recover-their-money-cb061de16397](https://medium.com/coinmonks/terra-luna-revival-plan-announced-will-people-recover-their-money-cb061de16397)

&amp;#x200B;

What do you think about this plan? Will it work?",True,False,False,CryptoCurrency,t5_2wlj3,4882842,public,self,The Terra Revival Proposal is now live and under scrutiny,0,[],1.0,https://www.reddit.com/r/CryptoCurrency/comments/usc1ad/the_terra_revival_proposal_is_now_live_and_under/,all_ads,6,1652849026.0,,dark,self,"{'enabled': False, 'images': [{'id': 'rwKP_Eb7atvAs6qX7Y7uOFCFuLewHTjbFbvj-R7WeGE', 'resolutions': [{'height': 60, 'url': 'https://external-preview.redd.it/cHwKMFiWvNvVf23Rwjqs6pZgDr4887sztdcj94n3UKg.jpg?width=108&amp;crop=smart&amp;auto=webp&amp;s=2922c03eb9f3babd59bee12c7b0b3325ac8aa918', 'width': 108}, {'height': 121, 'url': 'https://external-preview.redd.it/cHwKMFiWvNvVf23Rwjqs6pZgDr4887sztdcj94n3UKg.jpg?width=216&amp;crop=smart&amp;auto=webp&amp;s=8bd9c688bd215b31c5eaf22907b5f953947c0f77', 'width': 216}, {'height': 179, 'url': 'https://external-preview.redd.it/cHwKMFiWvNvVf23Rwjqs6pZgDr4887sztdcj94n3UKg.jpg?width=320&amp;crop=smart&amp;auto=webp&amp;s=c44977524468607ee6bb9a0aec32d705433828d5', 'width': 320}, {'height': 359, 'url': 'https://external-preview.redd.it/cHwKMFiWvNvVf23Rwjqs6pZgDr4887sztdcj94n3UKg.jpg?width=640&amp;crop=smart&amp;auto=webp&amp;s=8214d729614bc4733cbf0beb3a3c46f0bea67763', 'width': 640}], 'source': {'height': 533, 'url': 'https://external-preview.redd.it/cHwKMFiWvNvVf23Rwjqs6pZgDr4887sztdcj94n3UKg.jpg?auto=webp&amp;s=1e94151146dc4cb79fd0fc8507390a37d0920f99', 'width': 948}, 'variants': {}}]}",,,,,,,,,,new
9,[],False,Roadside-Strelok,Bitcoin,"[{'e': 'text', 't': 'Silver | QC: BTC 128 | r/Buttcoin 37 | r/Entrepreneur 13'}]",Silver | QC: BTC 128 | r/Buttcoin 37 | r/Entrepreneur 13,richtext,t2_ccpc8,False,False,False,[],False,False,1652876780,agora.terra.money,https://www.reddit.com/r/CryptoCurrency/comments/usbpfe/next_steps_for_lunaust_holders_a_detailed_analysis/,{},usbpfe,False,True,False,False,False,True,False,False,#7193ff,DISCUSSION,"[{'e': 'text', 't': 'DISCUSSION'}]",87049662-0882-11e5-82e1-0e9d1a9f7761,DISCUSSION,dark,richtext,False,False,True,0,0,False,all_ads,/r/CryptoCurrency/comments/usbpfe/next_steps_for_lunaust_holders_a_detailed_analysis/,False,6,1652876791,1,,True,False,False,CryptoCurrency,t5_2wlj3,4882772,public,https://b.thumbs.redditmedia.com/uHF2jtk7_1i76N__Y8p9-nTyWmpuUCGHvfyH6toYmWU.jpg,Next Steps for LUNA/UST Holders: A Detailed Analysis,0,[],1.0,https://agora.terra.money/t/next-steps-for-luna-ust-holders-a-detailed-analysis/22084,all_ads,6,1652847980.0,38521cf8-291e-11e5-aaf3-0ee61c357d3b,dark,link,"{'enabled': False, 'images': [{'id': 'XfMwKoiPYfOqd4PAkrwy3ghvCMHeo7culD97x4f18aM', 'resolutions': [{'height': 108, 'url': 'https://external-preview.redd.it/ZkxigoFxlIdswUY9H_3zWuJQH0XoK2lhYUC73SxgS-o.jpg?width=108&amp;crop=smart&amp;auto=webp&amp;s=cfbd7e585e05cb8dd11e3d0c6a2e5bfcbb350d56', 'width': 108}, {'height': 216, 'url': 'https://external-preview.redd.it/ZkxigoFxlIdswUY9H_3zWuJQH0XoK2lhYUC73SxgS-o.jpg?width=216&amp;crop=smart&amp;auto=webp&amp;s=5fb46438116a95fd436230c9976cf5f502f043fd', 'width': 216}, {'height': 320, 'url': 'https://external-preview.redd.it/ZkxigoFxlIdswUY9H_3zWuJQH0XoK2lhYUC73SxgS-o.jpg?width=320&amp;crop=smart&amp;auto=webp&amp;s=d984d230cfe8f309f4d0d418ba25058cb57fc623', 'width': 320}], 'source': {'height': 600, 'url': 'https://external-preview.redd.it/ZkxigoFxlIdswUY9H_3zWuJQH0XoK2lhYUC73SxgS-o.jpg?auto=webp&amp;s=ce98dfe2b2aa79deaca4561829dee2e91d3f8bbd', 'width': 600}, 'variants': {}}]}",,140.0,140.0,https://agora.terra.money/t/next-steps-for-luna-ust-holders-a-detailed-analysis/22084,,,,,,new
10,[],False,Huddster99,Warning-level2-2,"[{'e': 'text', 't': 'Tin | r/WSB 22'}]",Tin | r/WSB 22,richtext,t2_37wmqoer,False,False,False,[],False,False,1652875692,self.CryptoCurrency,https://www.reddit.com/r/CryptoCurrency/comments/usbdga/for_everyone_who_wants_to_see_tether_get_wiped/,{},usbdga,False,True,False,False,False,True,True,False,#7193ff,DISCUSSION,"[{'e': 'text', 't': 'DISCUSSION'}]",87049662-0882-11e5-82e1-0e9d1a9f7761,DISCUSSION,dark,richtext,False,False,True,0,0,False,all_ads,/r/CryptoCurrency/comments/usbdga/for_everyone_who_wants_to_see_tether_get_wiped/,False,6,1652875702,1,"With the collapse of UST and now the overall (deserved) uncertainty behind stable coins and many crypto projects in general, many have started wanting tether to crash as well. 

While I understand the ‚Äúrip the bandaid off now‚Äù argument, and I also agree that tether is shady at best, we truly can‚Äôt withstand a KO punch to tether right now. Currently sitting at #3 in terms of MC, billions of dollars would be exiting the crypto eco system and may never return. Government regulations could get overbearing, and the overall crypto market sentiment is bearish at best. Add in the other macroeconomic factors (war, inflation to name a few) and it doesn‚Äôt spell bull run if tether collapses. 

Could it lead to the buying opportunity of a lifetime? Yes. 
Could it also never recover? Yes. 

My long term will always be on crypto not only surviving, but thriving to new ATH‚Äôs. However, I don‚Äôt want to see just how poorly USDT‚Äôs collapse could destroy the market. 

TLDR; If Tether bites the bullet just like UST, the short term outlook is horrible.",True,False,False,CryptoCurrency,t5_2wlj3,4882707,public,self,"For everyone who wants to see Tether get wiped out, think about how negative that could be for the crypto space",0,[],1.0,https://www.reddit.com/r/CryptoCurrency/comments/usbdga/for_everyone_who_wants_to_see_tether_get_wiped/,all_ads,6,1652846892.0,,dark,,,,,,,,,,,,
11,[],False,daydr3amer_,Warning-level2-2,"[{'e': 'text', 't': 'Tin | CRO 17 | ExchSubs 17'}]",Tin | CRO 17 | ExchSubs 17,richtext,t2_17d2b5xh,False,False,False,[],False,False,1652875664,self.CryptoCurrency,https://www.reddit.com/r/CryptoCurrency/comments/usbd58/terra_help_needed/,{},usbd58,False,True,False,False,False,True,True,False,#7193ff,DISCUSSION,"[{'e': 'text', 't': 'DISCUSSION'}]",87049662-0882-11e5-82e1-0e9d1a9f7761,DISCUSSION,dark,richtext,False,False,True,0,0,False,all_ads,/r/CryptoCurrency/comments/usbd58/terra_help_needed/,False,6,1652875675,1,"Be me  
Have 60k in UST pre crash  
Be at a conference the days during crash, no time to read news or do research  
Come home to Terra being in flames  
No way to cash out of the Terra chain  
Finally find a CEX still accepting Luna deposits over Ethereum Network  
No time for a test transaction because EVERYTHING is in flames  
Convert 60k UST to 5kk Luna and send to CEX  
Transaktion takes 2 hours to pass  
See value drop to 0 in real time  
Sit on 5mio Luna worth around 900$ rn  
Wat do  


So it is like they say: NEVER invest money that you are not willing to lose. I will come over this bit it still hurts as hell, impacting my near future. I was diversified a lot before, but things happened and I broke my own rules, ultimately leading to the loss of 80% of my portfolio. But that shall not be the point of this discussion.

What would be the smartest way to deal with this situation? In order to get my money back fully I would need Luna to go back up to 0.011$, which is likely never going to happen - although crypto is a wild place where p&amp;d and greed are a thing. Crazy things have happened before. Selling at the current price makes absolutely no sense to me. If Terra reaches its Market Cap before crash, price will be around 0.0003$ - but I also highly doubt that people will regain so much trust that we will ever reach even that point again. I don't believe in the Fork, because people will sell and jump off the train asap imho. Buyback and burn doesn't work either, because there are no funds left.

Get the Luna back to the native wallet? Leave it on the CEX in order to be able to sell quickly? Stake it? Take advantage of the volatility and gamble with leverage? Sell it for the loss nonetheless? Swap for 11k UST and hope for repeg? Prey for some lunatics to push the price to 1.1 cents? (pun intended)

What would you do?",True,False,False,CryptoCurrency,t5_2wlj3,4882704,public,self,Terra Help needed,0,[],1.0,https://www.reddit.com/r/CryptoCurrency/comments/usbd58/terra_help_needed/,all_ads,6,1652846864.0,,dark,,,,,,,,,,,,
12,[],False,TradingGameTeam,,[],,text,t2_7e7t6kiu,False,False,False,[],False,False,1652875658,self.CryptoCurrency,https://www.reddit.com/r/CryptoCurrency/comments/usbd2h/what_are_the_chances_tether_depegs_like_ust/,{},usbd2h,False,False,False,False,False,False,True,False,#7193ff,DISCUSSION,"[{'e': 'text', 't': 'DISCUSSION'}]",87049662-0882-11e5-82e1-0e9d1a9f7761,DISCUSSION,dark,richtext,False,False,True,1,0,False,all_ads,/r/CryptoCurrency/comments/usbd2h/what_are_the_chances_tether_depegs_like_ust/,False,6,1652875668,1,[removed],True,False,False,CryptoCurrency,t5_2wlj3,4882704,public,self,What are the chances Tether De-Pegs like UST?,0,[],1.0,https://www.reddit.com/r/CryptoCurrency/comments/usbd2h/what_are_the_chances_tether_depegs_like_ust/,all_ads,6,1652846858.0,,,,,moderator,,,,,,,,,
13,[],False,sleepsoncouches,,[],,text,t2_bscl3,False,False,False,[],False,False,1652874089,self.CryptoCurrency,https://www.reddit.com/r/CryptoCurrency/comments/usavgk/why_is_cb_pro_showing_a_vastly_different_ust_price/,{},usavgk,False,False,False,False,False,False,True,False,#7193ff,DISCUSSION,"[{'e': 'text', 't': 'DISCUSSION'}]",87049662-0882-11e5-82e1-0e9d1a9f7761,DISCUSSION,dark,richtext,False,False,True,1,0,False,all_ads,/r/CryptoCurrency/comments/usavgk/why_is_cb_pro_showing_a_vastly_different_ust_price/,False,6,1652874100,1,[removed],True,False,False,CryptoCurrency,t5_2wlj3,4882614,public,self,Why is CB Pro showing a vastly different UST price?,0,[],1.0,https://www.reddit.com/r/CryptoCurrency/comments/usavgk/why_is_cb_pro_showing_a_vastly_different_ust_price/,all_ads,6,1652845289.0,,,,,moderator,,,,,,,,,
14,[],False,sleepsoncouches,,[],,text,t2_bscl3,False,False,False,[],False,False,1652873986,self.CryptoCurrency,https://www.reddit.com/r/CryptoCurrency/comments/usauhh/why_is_cb_pro_showing_a_vastly_different_ust_price/,{},usauhh,False,False,False,False,False,False,True,False,#46d160,ADVICE,"[{'e': 'text', 't': 'ADVICE'}]",e9570888-9c2a-11e3-809c-12313d1661cc,ADVICE,dark,richtext,False,False,True,1,0,False,all_ads,/r/CryptoCurrency/comments/usauhh/why_is_cb_pro_showing_a_vastly_different_ust_price/,False,6,1652873997,1,[removed],True,False,False,CryptoCurrency,t5_2wlj3,4882611,public,self,Why is CB Pro showing a vastly different UST price?,0,[],1.0,https://www.reddit.com/r/CryptoCurrency/comments/usauhh/why_is_cb_pro_showing_a_vastly_different_ust_price/,all_ads,6,1652845186.0,,,,,moderator,,,,,,,,,
15,[],False,Far-Scholar9028,,"[{'e': 'text', 't': 'Platinum | QC: CC 243'}]",Platinum | QC: CC 243,richtext,t2_6fmcdhuy,False,False,False,[],False,False,1652871263,theblockcrypto.com,https://www.reddit.com/r/CryptoCurrency/comments/usa4rm/major_korean_law_firm_decides_to_sue_do_kwon/,{},usa4rm,False,True,False,False,False,True,False,False,,DISCUSSION,"[{'e': 'text', 't': 'üü¢ DISCUSSION'}]",,üü¢ DISCUSSION,dark,richtext,False,False,True,0,0,False,all_ads,/r/CryptoCurrency/comments/usa4rm/major_korean_law_firm_decides_to_sue_do_kwon/,False,6,1652871273,1,,True,False,False,CryptoCurrency,t5_2wlj3,4882475,public,https://b.thumbs.redditmedia.com/-xD_NGHn5VKsSWpfB6UPzwcxhYkZv99-F4mIEftNVKY.jpg,Major Korean law firm decides to sue Do Kwon after UST collapse,0,[],1.0,https://www.theblockcrypto.com/post/147509/korean-law-firm-lkb-decides-to-sue-do-kwon-terra-ust-collapse,all_ads,6,1652842463.0,,dark,link,"{'enabled': False, 'images': [{'id': 'DSrBKCUghSBvjdwuhU3AfN7S7v4iZ7n6o0n-tr8NK9A', 'resolutions': [{'height': 60, 'url': 'https://external-preview.redd.it/bvdJa-uoYRTl7DHGwt34UD7pknM5mlF-qMdbQfyOPe4.jpg?width=108&amp;crop=smart&amp;auto=webp&amp;s=0b786cd71ddf90de7dc47962a04f23b487dbff7e', 'width': 108}, {'height': 121, 'url': 'https://external-preview.redd.it/bvdJa-uoYRTl7DHGwt34UD7pknM5mlF-qMdbQfyOPe4.jpg?width=216&amp;crop=smart&amp;auto=webp&amp;s=a4c36066eae017df5b9402d71229e390cf1077ce', 'width': 216}, {'height': 180, 'url': 'https://external-preview.redd.it/bvdJa-uoYRTl7DHGwt34UD7pknM5mlF-qMdbQfyOPe4.jpg?width=320&amp;crop=smart&amp;auto=webp&amp;s=ec030271e176db6cf17863457d2dc4cb0ab1b314', 'width': 320}, {'height': 360, 'url': 'https://external-preview.redd.it/bvdJa-uoYRTl7DHGwt34UD7pknM5mlF-qMdbQfyOPe4.jpg?width=640&amp;crop=smart&amp;auto=webp&amp;s=d0a829fa27ddc9cb014f827e71f2dce2687a1fbf', 'width': 640}, {'height': 540, 'url': 'https://external-preview.redd.it/bvdJa-uoYRTl7DHGwt34UD7pknM5mlF-qMdbQfyOPe4.jpg?width=960&amp;crop=smart&amp;auto=webp&amp;s=d7d66e63ecb6e202448838e1ea8ae791409e48bb', 'width': 960}, {'height': 607, 'url': 'https://external-preview.redd.it/bvdJa-uoYRTl7DHGwt34UD7pknM5mlF-qMdbQfyOPe4.jpg?width=1080&amp;crop=smart&amp;auto=webp&amp;s=e210038840bbd23811c4c42ad0ff1fbccfe3016e', 'width': 1080}], 'source': {'height': 1080, 'url': 'https://external-preview.redd.it/bvdJa-uoYRTl7DHGwt34UD7pknM5mlF-qMdbQfyOPe4.jpg?auto=webp&amp;s=d0ecdc1d1cd874af615ad2a80e2c1b691c89b351', 'width': 1920}, 'variants': {}}]}",,78.0,140.0,https://www.theblockcrypto.com/post/147509/korean-law-firm-lkb-decides-to-sue-do-kwon-terra-ust-collapse,,,,,,
16,[],False,Trifusi0n,,"[{'e': 'text', 't': 'Silver | QC: CC 56, BTC 26 | CRO 90 | ExchSubs 90'}]","Silver | QC: CC 56, BTC 26 | CRO 90 | ExchSubs 90",richtext,t2_s9ut9,False,False,False,[],False,False,1652866553,self.CryptoCurrency,https://www.reddit.com/r/CryptoCurrency/comments/us90zy/celsius_and_nexo_have_exposure_to_usdt_what/,{},us90zy,False,True,False,False,False,True,True,False,#7193ff,DISCUSSION,"[{'e': 'text', 't': 'DISCUSSION'}]",87049662-0882-11e5-82e1-0e9d1a9f7761,DISCUSSION,dark,richtext,False,False,True,0,0,False,all_ads,/r/CryptoCurrency/comments/us90zy/celsius_and_nexo_have_exposure_to_usdt_what/,False,6,1652866564,1,"Celsius and Nexo have exposure to USDT, what happens if it de-pegs?

After recent events with the UST collapse and the move by USDT down to 0.95, I‚Äôve been looking at my exposure to USDT both direct and indirect and I‚Äôve noticed one aspect is crypto lending platforms like Celsius and Nexo. 

Both of these platforms allow you to borrow USDT by putting up crypto as collateral. In the event of a complete USDT collapse, this would mean the borrowers wouldn‚Äôt owe very much and would be able to redeem their collateral without paying their loan back (in USD terms). 

I already consider these platforms risky but considering this I may increase that risk assessment. Obviously the whole market would be in chaos if USDT collapsed, but what do people think would happen to these lending platforms? Will they go under taking all the collateral and peoples lent coins with them? Will they demand repayment in USD instead?",True,False,False,CryptoCurrency,t5_2wlj3,4882240,public,self,"Celsius and Nexo have exposure to USDT, what happens if it de-pegs?",0,[],1.0,https://www.reddit.com/r/CryptoCurrency/comments/us90zy/celsius_and_nexo_have_exposure_to_usdt_what/,all_ads,6,1652837753.0,,dark,,,,,,,,,,,,new
17,[],False,altranger9000,Warning-level2-2,"[{'e': 'text', 't': 'Tin'}]",Tin,richtext,t2_c4c6y2gg,False,False,False,[],False,False,1652866277,self.CryptoCurrency,https://www.reddit.com/r/CryptoCurrency/comments/us8yui/for_those_still_in_luna_read_this/,{},us8yui,False,True,False,False,False,True,True,False,#c403f5,COMEDY,"[{'e': 'text', 't': 'COMEDY'}]",5c104cfc-d7c8-11e4-9d14-22000b6902b0,COMEDY,dark,richtext,False,False,True,0,0,False,all_ads,/r/CryptoCurrency/comments/us8yui/for_those_still_in_luna_read_this/,False,6,1652866287,1,"So I got a job at UPS this year, and met this guy with who I quickly became good buddies. Shortly put, he's in deep financial debts and struggling with child support payments. So I decided to do him a solid and get him into LUNA around the same time I did, hoping he'd get his finances together.

For the record, I'd call myself a gem hunter, or a value investor if you prefer (think Buffet style). I've been able to flip very little money to a respectable amount, thanks to proper DYORing. I got into Doge before Elon shilled it on the SNL, think about that.

Anyway. We both loaded our bags this month after a solid 2% retrace, and he seemed pretty optimistic at first, held through every dip and even staked his UST. But ever since the Do Kwon FUD, everything changed. He's been shunning me and just being passive aggressive overall.

At first, I tried to be accommodating. I thought to myself ""sure, he's new to crypto. gotta give him time, let him adapt, he'll eventually come around"". Boy was I wrong... Just three days after the 99.99% dip happened, I received a text from him saying ""we have to talk"". Perplexed by it, I decided ""ok, let's give it a go"".

We arranged to meet at the cafeteria the next morning, and I decided to wear a ""#LUNATIC"" bracelet for the occasion. Nothing too crazy, right. But little did I know, he \*flipped on me\* almost immediately.

He insisted that I apparently ""took him with me to the depth of hell"", followed by a bunch of intelligible shouting. Needless to say this caused a scene. I tried to remain calm and didn't say a single word, but the ungratefulness and disrespect got to me.

So as soon as he was done rambling about how he'd be selling all of his bags, I held eye contact, and couldn't help but shout back at him ""LISTEN TO ME, LITTLE BITCH : THIS YEAR'S ATH WILL BE NEXT YEAR'S BOTTOM"".

Everyone went silent for a solid minute. I was enraged seeing a fellow Lunatic turn into a brainless, emotional chick. I thought my statement would speak sense into him, right, but the madman took it even further...

He threw his coffee at me. I immediately punched him to the stomach and proceeded to beat him to a pulp. So many things went through my head during that moment : Do Kwon's smile, the depeg, the trillion token supply, Janet Yellen, the fork, the $120 ATH... I was in a state of trans, almost. Security had to escort me out and it took me a while to calm down. But I definitely taught that paperhands a lesson, although it cost me my job.

Moral of the story : Be grateful if someone got you into Luna, accumulate while you can, and most importantly : HODL. We're still so early, you can't even imagine. Just a trillion token away from recovery.

Thank you if you've made it this far.",True,False,False,CryptoCurrency,t5_2wlj3,4882223,public,self,"For those still in LUNA, read this.",0,[],1.0,https://www.reddit.com/r/CryptoCurrency/comments/us8yui/for_those_still_in_luna_read_this/,all_ads,6,1652837477.0,,dark,,,,,,,,,,,,
18,[],False,rint2399,,[],,text,t2_j76qskvt,False,False,False,[],False,False,1652863732,youtube.com,https://www.reddit.com/r/CryptoCurrency/comments/us8enz/luna_ust_just_announced_their_new_plan/,{},us8enz,False,True,False,False,False,True,False,False,#add2e2,ADVICE,"[{'e': 'text', 't': 'ANALYSIS'}]",c1034ee6-9c2a-11e3-a8c4-12313b0e8e20,ANALYSIS,dark,richtext,False,False,True,1,0,False,all_ads,/r/CryptoCurrency/comments/us8enz/luna_ust_just_announced_their_new_plan/,False,6,1652863742,1,,True,False,False,CryptoCurrency,t5_2wlj3,4882078,public,https://b.thumbs.redditmedia.com/1EnwdmpLB4t3Yb69n6_KjBoE8AydOVSIEr3wSCSLiLI.jpg,LUNA UST JUST ANNOUNCED! Their New PLAN!,0,[],1.0,https://www.youtube.com/watch?v=qKbYGYxYvAU,all_ads,6,1652834932.0,,,rich:video,"{'enabled': False, 'images': [{'id': '-nJH6t-xWFILKni09YumtQiomMk9qOfntNiKIoo4VBY', 'resolutions': [{'height': 81, 'url': 'https://external-preview.redd.it/-uCG2izrVLt6htNJDGfbY4q9f4XxYnzTEyiVpU7HlhQ.jpg?width=108&amp;crop=smart&amp;auto=webp&amp;s=b610a086e06013016ca26f73fa020f4b4e46ac81', 'width': 108}, {'height': 162, 'url': 'https://external-preview.redd.it/-uCG2izrVLt6htNJDGfbY4q9f4XxYnzTEyiVpU7HlhQ.jpg?width=216&amp;crop=smart&amp;auto=webp&amp;s=038fa907ec5d48c99faa95101c76d19d2643c8a7', 'width': 216}, {'height': 240, 'url': 'https://external-preview.redd.it/-uCG2izrVLt6htNJDGfbY4q9f4XxYnzTEyiVpU7HlhQ.jpg?width=320&amp;crop=smart&amp;auto=webp&amp;s=6f951200ac0f0ed717050a20cef866eaca6270e3', 'width': 320}], 'source': {'height': 360, 'url': 'https://external-preview.redd.it/-uCG2izrVLt6htNJDGfbY4q9f4XxYnzTEyiVpU7HlhQ.jpg?auto=webp&amp;s=ddec33fe7cd63bbc385e3a0a48be92259ce22164', 'width': 480}, 'variants': {}}]}",,105.0,140.0,https://www.youtube.com/watch?v=qKbYGYxYvAU,,"{'oembed': {'author_name': 'My Financial Friend', 'author_url': 'https://www.youtube.com/c/MyFinancialFriend', 'height': 200, 'html': '&lt;iframe width=""356"" height=""200"" src=""https://www.youtube.com/embed/qKbYGYxYvAU?feature=oembed&amp;enablejsapi=1"" frameborder=""0"" allow=""accelerometer; autoplay; clipboard-write; encrypted-media; gyroscope; picture-in-picture"" allowfullscreen&gt;&lt;/iframe&gt;', 'provider_name': 'YouTube', 'provider_url': 'https://www.youtube.com/', 'thumbnail_height': 360, 'thumbnail_url': 'https://i.ytimg.com/vi/qKbYGYxYvAU/hqdefault.jpg', 'thumbnail_width': 480, 'title': 'LUNA UST JUST ANNOUNCED! Their New PLAN!', 'type': 'video', 'version': '1.0', 'width': 356}, 'type': 'youtube.com'}","{'content': '&lt;iframe width=""356"" height=""200"" src=""https://www.youtube.com/embed/qKbYGYxYvAU?feature=oembed&amp;enablejsapi=1"" frameborder=""0"" allow=""accelerometer; autoplay; clipboard-write; encrypted-media; gyroscope; picture-in-picture"" allowfullscreen&gt;&lt;/iframe&gt;', 'height': 200, 'scrolling': False, 'width': 356}","{'oembed': {'author_name': 'My Financial Friend', 'author_url': 'https://www.youtube.com/c/MyFinancialFriend', 'height': 200, 'html': '&lt;iframe width=""356"" height=""200"" src=""https://www.youtube.com/embed/qKbYGYxYvAU?feature=oembed&amp;enablejsapi=1"" frameborder=""0"" allow=""accelerometer; autoplay; clipboard-write; encrypted-media; gyroscope; picture-in-picture"" allowfullscreen&gt;&lt;/iframe&gt;', 'provider_name': 'YouTube', 'provider_url': 'https://www.youtube.com/', 'thumbnail_height': 360, 'thumbnail_url': 'https://i.ytimg.com/vi/qKbYGYxYvAU/hqdefault.jpg', 'thumbnail_width': 480, 'title': 'LUNA UST JUST ANNOUNCED! Their New PLAN!', 'type': 'video', 'version': '1.0', 'width': 356}, 'type': 'youtube.com'}","{'content': '&lt;iframe width=""356"" height=""200"" src=""https://www.youtube.com/embed/qKbYGYxYvAU?feature=oembed&amp;enablejsapi=1"" frameborder=""0"" allow=""accelerometer; autoplay; clipboard-write; encrypted-media; gyroscope; picture-in-picture"" allowfullscreen&gt;&lt;/iframe&gt;', 'height': 200, 'media_domain_url': 'https://www.redditmedia.com/mediaembed/us8enz', 'scrolling': False, 'width': 356}",
19,[],False,aliensmadeus,,"[{'e': 'text', 't': 'Platinum | QC: CC 29 | NANO 8'}]",Platinum | QC: CC 29 | NANO 8,richtext,t2_1kqdfoz0,False,False,False,[],False,False,1652857624,decrypt.co,https://www.reddit.com/r/CryptoCurrency/comments/us734v/terras_legal_team_resigns_in_wake_of_ust_luna/,{},us734v,False,True,False,False,False,True,False,False,#0aa18f,NEWS,"[{'e': 'text', 't': 'GENERAL-NEWS'}]",f170aab2-246f-11ec-8143-429a193c9848,GENERAL-NEWS,light,richtext,False,False,True,0,0,False,all_ads,/r/CryptoCurrency/comments/us734v/terras_legal_team_resigns_in_wake_of_ust_luna/,False,6,1652857634,1,,True,False,False,CryptoCurrency,t5_2wlj3,4881752,public,https://b.thumbs.redditmedia.com/TWL-8PNAWMC1d5U0A_jXNrHxE879AI_bTnSJNOJ-MOQ.jpg,"Terra‚Äôs Legal Team Resigns in Wake of UST, LUNA Collapse",0,[],1.0,https://decrypt.co/100698/terras-legal-team-resigns-in-wake-of-ust-luna-collapse,all_ads,6,1652828824.0,,dark,link,"{'enabled': False, 'images': [{'id': 'ea3_sRkrG7Lf3VOn6fau8SoDg91rEgEYcgLrijwf338', 'resolutions': [{'height': 60, 'url': 'https://external-preview.redd.it/Qsb0mdvDL-YPtEwgZIoqq2zCry8E5GzrSDXdHxNPvtw.jpg?width=108&amp;crop=smart&amp;auto=webp&amp;s=e52158ebdea935a9d6cd15b5f3dd63ae3b4b730d', 'width': 108}, {'height': 121, 'url': 'https://external-preview.redd.it/Qsb0mdvDL-YPtEwgZIoqq2zCry8E5GzrSDXdHxNPvtw.jpg?width=216&amp;crop=smart&amp;auto=webp&amp;s=02967087f850cb9bd9ba3b0fe4a6dde29b2c6026', 'width': 216}, {'height': 180, 'url': 'https://external-preview.redd.it/Qsb0mdvDL-YPtEwgZIoqq2zCry8E5GzrSDXdHxNPvtw.jpg?width=320&amp;crop=smart&amp;auto=webp&amp;s=148f5a827775b44bfd93cb7659b034af0fb82126', 'width': 320}], 'source': {'height': 340, 'url': 'https://external-preview.redd.it/Qsb0mdvDL-YPtEwgZIoqq2zCry8E5GzrSDXdHxNPvtw.jpg?auto=webp&amp;s=2ebbd59904482a896e5fdb100eb2efeada7e69f3', 'width': 604}, 'variants': {}}]}",,78.0,140.0,https://decrypt.co/100698/terras-legal-team-resigns-in-wake-of-ust-luna-collapse,,,,,,new
20,[],False,gdj11,,"[{'e': 'text', 't': 'Platinum|QC:CC352,CCMeta124,CCMemes36|CRO12|Technology20'}]","Platinum|QC:CC352,CCMeta124,CCMemes36|CRO12|Technology20",richtext,t2_9arkz,False,False,False,[],False,False,1652849090,self.CryptoCurrency,https://www.reddit.com/r/CryptoCurrency/comments/us4zcp/ust_is_proof_that_just_because_a_whitepaper_is/,{},us4zcp,False,True,False,False,False,True,True,False,#46d160,ADVICE,"[{'e': 'text', 't': 'ADVICE'}]",e9570888-9c2a-11e3-809c-12313d1661cc,ADVICE,dark,richtext,False,False,True,0,0,False,all_ads,/r/CryptoCurrency/comments/us4zcp/ust_is_proof_that_just_because_a_whitepaper_is/,False,6,1652849100,1,"Here‚Äôs Terra‚Äôs whitepaper if you‚Äôre curious: https://assets.website-files.com/611153e7af981472d8da199c/618b02d13e938ae1f8ad1e45_Terra_White_paper.pdf

I‚Äôve been guilty of this myself. I find some new project with a cool logo and professional website, so I try to do my due diligence and read through the whitepaper. I quickly read over the verbose paragraphs of text filled with buzzwords and lofty claims, and then come all the fancy equations. I don‚Äôt understand most of them at all, and I just assume some brilliant minds came up with this stuff so it must work.

It‚Äôs funny because the Terra whitepaper goes into detail about how their algorithms and systems will keep the coin stable even when volatility is high. It all sounds great, except for one big problem: it didn‚Äôt work. I guess what I‚Äôm saying is that doing your own research doesn‚Äôt mean you‚Äôre not going to lose everything. And most importantly, something that we‚Äôve all heard and many choose to ignore: only invest what you can afford to lose. People were taking out six-figure bank loans to buy UST so they could earn interest, because it‚Äôs a stablecoin! What could possibly go wrong? I genuinely feel bad for them, but come on. Don‚Äôt be stupid.",True,False,False,CryptoCurrency,t5_2wlj3,4881253,public,self,"UST is proof that just because a whitepaper is filled with complex equations you don‚Äôt understand, doesn‚Äôt mean they know WTF they‚Äôre doing",0,[],1.0,https://www.reddit.com/r/CryptoCurrency/comments/us4zcp/ust_is_proof_that_just_because_a_whitepaper_is/,all_ads,6,1652820290.0,,dark,,,,,,,,,,,,new
21,[],False,FunExpression1858,,[],,text,t2_dgey6ksu,False,False,False,[],False,False,1652844585,finance.yahoo.com,https://www.reddit.com/r/CryptoCurrency/comments/us3rv2/terra_creator_do_kwon_proposes_ditching_his_ust/,{},us3rv2,False,True,False,False,False,True,False,False,#7193ff,DISCUSSION,"[{'e': 'text', 't': 'DISCUSSION'}]",87049662-0882-11e5-82e1-0e9d1a9f7761,DISCUSSION,dark,richtext,False,False,True,0,0,False,all_ads,/r/CryptoCurrency/comments/us3rv2/terra_creator_do_kwon_proposes_ditching_his_ust/,False,6,1652844596,1,,True,False,False,CryptoCurrency,t5_2wlj3,4880993,public,https://b.thumbs.redditmedia.com/XWYy8hHXaHIxlLxX62yVj1Z_RCTdXJ-4ZQcbAVBkMok.jpg,"Terra creator Do Kwon proposes ditching his UST stablecoin, creating a new chain altogether",0,[],1.0,https://finance.yahoo.com/news/terra-creator-kwon-proposes-ditching-190413365.html,all_ads,6,1652815785.0,,,link,"{'enabled': False, 'images': [{'id': '31t85saKuiea_ZvrapCSclEGOaZX8RiNUWwNd_vBiQM', 'resolutions': [{'height': 72, 'url': 'https://external-preview.redd.it/PuWYMFJqTUizViW3RWZYvlz98huCpKS3GDWj2nkiLOo.jpg?width=108&amp;crop=smart&amp;auto=webp&amp;s=db6a3f34b7c7cde8bbb5dfe3f9134c4da66794f3', 'width': 108}, {'height': 144, 'url': 'https://external-preview.redd.it/PuWYMFJqTUizViW3RWZYvlz98huCpKS3GDWj2nkiLOo.jpg?width=216&amp;crop=smart&amp;auto=webp&amp;s=149ca76b30fe045acbe7fc7344f96ed7ac500690', 'width': 216}, {'height': 213, 'url': 'https://external-preview.redd.it/PuWYMFJqTUizViW3RWZYvlz98huCpKS3GDWj2nkiLOo.jpg?width=320&amp;crop=smart&amp;auto=webp&amp;s=d0725fe9b9e87c14f9b847c1292ce25a3daa2377', 'width': 320}, {'height': 426, 'url': 'https://external-preview.redd.it/PuWYMFJqTUizViW3RWZYvlz98huCpKS3GDWj2nkiLOo.jpg?width=640&amp;crop=smart&amp;auto=webp&amp;s=3404275881260ee0dc3591dd0769621aff2fa686', 'width': 640}, {'height': 640, 'url': 'https://external-preview.redd.it/PuWYMFJqTUizViW3RWZYvlz98huCpKS3GDWj2nkiLOo.jpg?width=960&amp;crop=smart&amp;auto=webp&amp;s=5dc8062a52e24e6ed17dff20d4d41f773f08416b', 'width': 960}, {'height': 720, 'url': 'https://external-preview.redd.it/PuWYMFJqTUizViW3RWZYvlz98huCpKS3GDWj2nkiLOo.jpg?width=1080&amp;crop=smart&amp;auto=webp&amp;s=be94c1c0812ef5409c45fdeaec4eb66e760b8e64', 'width': 1080}], 'source': {'height': 800, 'url': 'https://external-preview.redd.it/PuWYMFJqTUizViW3RWZYvlz98huCpKS3GDWj2nkiLOo.jpg?auto=webp&amp;s=3e293be86dcd2587b8cc863cf1c4516369f80667', 'width': 1200}, 'variants': {}}]}",,93.0,140.0,https://finance.yahoo.com/news/terra-creator-kwon-proposes-ditching-190413365.html,,,,,,new
22,[],False,ChampagneSupernova86,,[],,text,t2_n7r6nukl,False,False,False,[],False,False,1652840581,self.CryptoCurrency,https://www.reddit.com/r/CryptoCurrency/comments/us2ll0/i_suppose_i_have_become_an_idiot/,{},us2ll0,False,True,False,False,False,True,True,False,#46d160,ADVICE,"[{'e': 'text', 't': 'ADVICE'}]",e9570888-9c2a-11e3-809c-12313d1661cc,ADVICE,dark,richtext,False,False,False,0,0,False,all_ads,/r/CryptoCurrency/comments/us2ll0/i_suppose_i_have_become_an_idiot/,False,6,1652840592,1,"Well for a start my btc portfolia has was down a quarter ad like 10 years ago I liked to part, although I did hodl the remainder and bagged more at pandemic in the 2.600$ region, then got eth although i only have a few thousand of them (woth), not few thousand eth lol.

Everyone was telling me i wass a moron like like 5 years or something ago when i got into buying zcash,monero and everyone saying litecoin was a rip off bitcoin/whitepaper etc but i made gains, loads alts went to fuck since then, korean ICON i thought was going to be huge. VEC , well ive profited with it but i was expecting big returns. my  xtz did good as in early, my nrg i made profit with airfrop but only couple hundred i sold early shouldve held out 2 months and got 3 times as much.

Then Pamdemic comes, im bored locked down working from home, for seem reaason is see a lot of hate for ada, algo and chalinlink on here , stx too, unsure why. I mean I know theyre not worth loads but I got in real early and they made me feel invincible the gains.

I always do what my grandad said, take initial profit out and a third of profit so atleast made couple grand profit and whats left in those oens is cash that wasnt mine that will hopefully make money although i see algo as my longterm and shifted some of each of the above to there, its slow but steady I think.

Another annoyance I was going to buy polkadot around the same time, it just sounded too dodgy, tbf didnt look into it too much, the name I think. I bet on sports and won but I would have made MUCH MUCH more if id stuck that in pola.

Lat year I got cro near the beginning bought and got indigo thats long been staked, bit miffed at t hat though. I mean I have profit but I thought it waas going to be much more than what i made, although its not money id turn my nose up at lol but still I had high hopes.

Helium miners when they first came out too. my mate was raking it in who has moved to the states, says not so much now. I am in Scotland, checked map there was one other person so not even any point in that. Like a little cluster of them have to be around it said, one single person in Scotland had it lol.

 Today was my stupidest one but one im not bothered about, I won ¬£70 from E4 spent on scratchcards.

I know they sketchy history of Luna and had to rexocer once and might not again but thought wtf, threew the 370 in at that really low price today, if it goes up again ill be delighted, if distancing themselves from ust  and trying to fork doesnt work I aint to fussed. Ill just check in a few months time tosee if theyre burnt or not.

I got Matic at a low the other day, hoping for a revival there.

I keep hearing how important data is in todays world and now switched to crytpto too, i read about one called dent 5 mins ago, ill have to research it more, I was just wondering if anyone knew any other data like ones.

I remember a cloud based miner and u get paid in DINX or something but i cant find it, goes to mining servers around the world. Cant find it or a data based one loooking good?

Sorry for long email and yeah im an idiot for throwing that money at terra luna today, but its so low it might recover even some, even to afew dolars id be pretty happy.

&amp;#x200B;

Its moneyI donr need, and I already donare to,well I wont say for reason of upsetting some peoples but couple different charities for people and places with my gains, so i felt the ¬£70 mines was just for me for it to recover a second time or be burnt when I check a second time.

&amp;#x200B;

Bur yeah if anyone knows thnt dynox cloud data server or something or any other data based crytos that are interesting please let me know so I can have a look.

&amp;#x200B;

Just thought I'd say hello  to the communitym hope you all good and hope everyone  isnt bored by my novel.

&amp;#x200B;

Also wtf is vita inu im swervomg it. but they so desperate for me to joint told me to make a wallet and the would give e ¬£10 so i could use their faucet, smacks of desperation rugpull lol\\",True,False,False,CryptoCurrency,t5_2wlj3,4880757,public,self,I suppose I have become an idiot.,0,[],1.0,https://www.reddit.com/r/CryptoCurrency/comments/us2ll0/i_suppose_i_have_become_an_idiot/,all_ads,6,1652811781.0,,,,,,,,,,,,,,
23,[],False,wima_space,,[],,text,t2_mmmbbm10,False,False,False,[],False,False,1652824393,wima-space.com,https://www.reddit.com/r/CryptoCurrency/comments/urxezj/crypto_rout_another_stablecoin_falls_after_ust/,{},urxezj,False,True,False,False,False,True,False,False,#add2e2,ADVICE,"[{'e': 'text', 't': 'ANALYSIS'}]",c1034ee6-9c2a-11e3-a8c4-12313b0e8e20,ANALYSIS,dark,richtext,False,False,True,0,0,False,all_ads,/r/CryptoCurrency/comments/urxezj/crypto_rout_another_stablecoin_falls_after_ust/,False,6,1652824404,1,,True,False,False,CryptoCurrency,t5_2wlj3,4879674,public,https://b.thumbs.redditmedia.com/oRAyf9GB9fSs6Ep7ljey-6ACV0bX89-qj3t8ypqRfjs.jpg,Crypto Rout: Another Stablecoin Falls After UST and Luna - wima space,0,[],1.0,https://wima-space.com/2022/05/17/crypto-rout-another-stablecoin-falls-after-ust-and-luna/,all_ads,6,1652795593.0,,,link,"{'enabled': False, 'images': [{'id': '2WEEY78nvjyXVJwIVkMP4M3bcAW4HbZb4Iu1woygu3A', 'resolutions': [{'height': 74, 'url': 'https://external-preview.redd.it/w69mnqIp624P0Xkn7GuIuIDqUh_s7VrLZmpfCstqxng.jpg?width=108&amp;crop=smart&amp;auto=webp&amp;s=116e5348b1b05b1e340f72b963580ca9b89ff4bb', 'width': 108}, {'height': 148, 'url': 'https://external-preview.redd.it/w69mnqIp624P0Xkn7GuIuIDqUh_s7VrLZmpfCstqxng.jpg?width=216&amp;crop=smart&amp;auto=webp&amp;s=b23bd16cf2dff413e7793528ce65edc9aabe9d2d', 'width': 216}], 'source': {'height': 186, 'url': 'https://external-preview.redd.it/w69mnqIp624P0Xkn7GuIuIDqUh_s7VrLZmpfCstqxng.jpg?auto=webp&amp;s=f38e1b1ff5a635c9db2fd1124cef1b36e67fdff2', 'width': 271}, 'variants': {}}]}",,96.0,140.0,https://wima-space.com/2022/05/17/crypto-rout-another-stablecoin-falls-after-ust-and-luna/,,,,,,
24,[],False,wima_space,noob,"[{'e': 'text', 't': 'redditor for 1 week'}]",redditor for 1 week,richtext,t2_mmmbbm10,False,False,False,[],False,False,1652824226,wima-space.com,https://www.reddit.com/r/Bitcoin/comments/urxcss/crypto_rout_another_stablecoin_falls_after_ust/,{},urxcss,False,False,False,False,False,False,False,False,,,[],,,dark,text,False,False,True,0,0,False,all_ads,/r/Bitcoin/comments/urxcss/crypto_rout_another_stablecoin_falls_after_ust/,False,6,1652824236,1,,True,False,False,Bitcoin,t5_2s3qj,4197329,public,https://b.thumbs.redditmedia.com/oRAyf9GB9fSs6Ep7ljey-6ACV0bX89-qj3t8ypqRfjs.jpg,Crypto Rout: Another Stablecoin Falls After UST and Luna - wima space,0,[],1.0,https://wima-space.com/2022/05/17/crypto-rout-another-stablecoin-falls-after-ust-and-luna/,all_ads,6,1652795426.0,2ec8e69e-6c36-11e9-a04b-0afb553d4ea6,dark,link,"{'enabled': False, 'images': [{'id': '2WEEY78nvjyXVJwIVkMP4M3bcAW4HbZb4Iu1woygu3A', 'resolutions': [{'height': 74, 'url': 'https://external-preview.redd.it/w69mnqIp624P0Xkn7GuIuIDqUh_s7VrLZmpfCstqxng.jpg?width=108&amp;crop=smart&amp;auto=webp&amp;s=116e5348b1b05b1e340f72b963580ca9b89ff4bb', 'width': 108}, {'height': 148, 'url': 'https://external-preview.redd.it/w69mnqIp624P0Xkn7GuIuIDqUh_s7VrLZmpfCstqxng.jpg?width=216&amp;crop=smart&amp;auto=webp&amp;s=b23bd16cf2dff413e7793528ce65edc9aabe9d2d', 'width': 216}], 'source': {'height': 186, 'url': 'https://external-preview.redd.it/w69mnqIp624P0Xkn7GuIuIDqUh_s7VrLZmpfCstqxng.jpg?auto=webp&amp;s=f38e1b1ff5a635c9db2fd1124cef1b36e67fdff2', 'width': 271}, 'variants': {}}]}",moderator,96.0,140.0,https://wima-space.com/2022/05/17/crypto-rout-another-stablecoin-falls-after-ust-and-luna/,,,,,,
25,[],False,zippyteach,Warning-level2-2,"[{'e': 'text', 't': 'Tin | QC: DOGE 18 | CC critic'}]",Tin | QC: DOGE 18 | CC critic,richtext,t2_9hsk53kl,False,False,False,[],False,False,1652821601,stories.app.goo.gl,https://www.reddit.com/r/CryptoCurrency/comments/urweil/vitalik_buterin_wants_terra_to_protect_small_ust/,{},urweil,False,True,False,False,False,True,False,False,#0aa18f,NEWS,"[{'e': 'text', 't': 'GENERAL-NEWS'}]",f170aab2-246f-11ec-8143-429a193c9848,GENERAL-NEWS,light,richtext,False,False,True,0,0,False,all_ads,/r/CryptoCurrency/comments/urweil/vitalik_buterin_wants_terra_to_protect_small_ust/,False,6,1652821612,1,,True,False,False,CryptoCurrency,t5_2wlj3,4879484,public,https://b.thumbs.redditmedia.com/QbAZRCfKtOdMTXoC5m21kWIhf8m_IqqREGqcOFktI5U.jpg,Vitalik Buterin Wants Terra To Protect Small UST Holders,0,[],1.0,https://stories.app.goo.gl/miHu,all_ads,6,1652792801.0,,dark,link,"{'enabled': False, 'images': [{'id': 'RN2Bxv2DS2U5T56mg3SmQGVwQO816e07LlP6r1y7_lg', 'resolutions': [{'height': 143, 'url': 'https://external-preview.redd.it/Xe6gjFnqCRT8jJa6KOW4aNuuEQI38ZxFcSYZCXn9H08.jpg?width=108&amp;crop=smart&amp;auto=webp&amp;s=68957470c3fcccb16cc5b67c512a67737e99bb6f', 'width': 108}, {'height': 287, 'url': 'https://external-preview.redd.it/Xe6gjFnqCRT8jJa6KOW4aNuuEQI38ZxFcSYZCXn9H08.jpg?width=216&amp;crop=smart&amp;auto=webp&amp;s=10abe18f7943a4a7ed1a1faeb28f2fbb898c0d04', 'width': 216}, {'height': 426, 'url': 'https://external-preview.redd.it/Xe6gjFnqCRT8jJa6KOW4aNuuEQI38ZxFcSYZCXn9H08.jpg?width=320&amp;crop=smart&amp;auto=webp&amp;s=16593101464fe7e526b64609c135112202ba521d', 'width': 320}, {'height': 853, 'url': 'https://external-preview.redd.it/Xe6gjFnqCRT8jJa6KOW4aNuuEQI38ZxFcSYZCXn9H08.jpg?width=640&amp;crop=smart&amp;auto=webp&amp;s=d2ee84a2897b0861c6dabf691b381a686452745e', 'width': 640}], 'source': {'height': 853, 'url': 'https://external-preview.redd.it/Xe6gjFnqCRT8jJa6KOW4aNuuEQI38ZxFcSYZCXn9H08.jpg?auto=webp&amp;s=3ededacb6936ba805df39066b4f5bff37f5c531a', 'width': 640}, 'variants': {}}]}",,140.0,140.0,https://stories.app.goo.gl/miHu,,,,,,
26,[],False,_TheWolfOfWalmart_,,"[{'e': 'text', 't': 'Buy high, sell low'}]","Buy high, sell low",richtext,t2_eubq4dbs,False,False,False,[],False,False,1652819288,theblockcrypto.com,https://www.reddit.com/r/CryptoCurrency/comments/urvju6/terraform_labs_legal_team_resigns_after_ust/,{},urvju6,False,True,False,False,False,True,False,False,,GENERAL-NEWS,"[{'e': 'text', 't': 'üü¢ GENERAL-NEWS'}]",,üü¢ GENERAL-NEWS,dark,richtext,False,False,True,0,0,False,all_ads,/r/CryptoCurrency/comments/urvju6/terraform_labs_legal_team_resigns_after_ust/,False,6,1652819298,1,,False,False,False,CryptoCurrency,t5_2wlj3,4879310,public,https://b.thumbs.redditmedia.com/W5eapaO3rRvJ6PSd1_mcmas7-3Z_P5XqSfMFT8WkwkQ.jpg,Terraform Labs‚Äô legal team resigns after UST collapse,0,[],1.0,https://www.theblockcrypto.com/post/147390/terraform-labs-legal-team-resigns-after-ust-collapse,all_ads,6,1652790488.0,,dark,link,"{'enabled': False, 'images': [{'id': '7D3LEpk_VmJw0l_Rxd_6PZ3SCwpD3CF9fbl9VoaHUM4', 'resolutions': [{'height': 60, 'url': 'https://external-preview.redd.it/P_Llv02Mpi25VQqW4CgfdKJPDCKZ6VtLDKaU9Rmv2R0.jpg?width=108&amp;crop=smart&amp;auto=webp&amp;s=df13b35a279af5973bb0293cd6e71a62804f909c', 'width': 108}, {'height': 121, 'url': 'https://external-preview.redd.it/P_Llv02Mpi25VQqW4CgfdKJPDCKZ6VtLDKaU9Rmv2R0.jpg?width=216&amp;crop=smart&amp;auto=webp&amp;s=e580196a797a65316b6643d167314cb056fb691a', 'width': 216}, {'height': 180, 'url': 'https://external-preview.redd.it/P_Llv02Mpi25VQqW4CgfdKJPDCKZ6VtLDKaU9Rmv2R0.jpg?width=320&amp;crop=smart&amp;auto=webp&amp;s=970c24372a10416cfa08ee5227289a270ea62d91', 'width': 320}, {'height': 360, 'url': 'https://external-preview.redd.it/P_Llv02Mpi25VQqW4CgfdKJPDCKZ6VtLDKaU9Rmv2R0.jpg?width=640&amp;crop=smart&amp;auto=webp&amp;s=be537eac34d9558739340b1e44dde1008b39b424', 'width': 640}, {'height': 540, 'url': 'https://external-preview.redd.it/P_Llv02Mpi25VQqW4CgfdKJPDCKZ6VtLDKaU9Rmv2R0.jpg?width=960&amp;crop=smart&amp;auto=webp&amp;s=7f4670205159b03f753cbb0f8496c65513566e4b', 'width': 960}, {'height': 607, 'url': 'https://external-preview.redd.it/P_Llv02Mpi25VQqW4CgfdKJPDCKZ6VtLDKaU9Rmv2R0.jpg?width=1080&amp;crop=smart&amp;auto=webp&amp;s=4e89d4393ed3fa09c207195f1dc941284a4965be', 'width': 1080}], 'source': {'height': 1080, 'url': 'https://external-preview.redd.it/P_Llv02Mpi25VQqW4CgfdKJPDCKZ6VtLDKaU9Rmv2R0.jpg?auto=webp&amp;s=108185f2cbee44432c666dc7b77c90e67d720e1b', 'width': 1920}, 'variants': {}}]}",,78.0,140.0,https://www.theblockcrypto.com/post/147390/terraform-labs-legal-team-resigns-after-ust-collapse,,,,,,new
27,[],False,V3CH41NMIKE,Warning-level2-2,"[{'e': 'text', 't': 'Tin'}]",Tin,richtext,t2_ca8mlnj8,False,False,False,[],False,False,1652818942,self.CryptoCurrency,https://www.reddit.com/r/CryptoCurrency/comments/urvffi/algorithmic_stablecoinsjust_the_beginning/,{},urvffi,False,True,False,False,False,True,True,False,#add2e2,ADVICE,"[{'e': 'text', 't': 'ANALYSIS'}]",c1034ee6-9c2a-11e3-a8c4-12313b0e8e20,ANALYSIS,dark,richtext,False,False,True,0,0,False,all_ads,/r/CryptoCurrency/comments/urvffi/algorithmic_stablecoinsjust_the_beginning/,False,6,1652818953,1,The LUNA/UST contagion has made its way into DEUS/DEI. The DEI stablecoin is currently 43% off its peg. This market risk has also made ripples in USDT markets as it briefly traded off its peg last week (Tether had ~$7.5B in redemptions and is not updating its current holdings). I haven‚Äôt seen much discussion on TRON/ USDD. USDD is a ‚Äúdecentralized algorithmic stablecoin‚Äù that was being launched just as the LUNA/UST debacle was playing out. Does anyone have any thoughts on whether this newly minted token could take out TRON?,True,False,False,CryptoCurrency,t5_2wlj3,4879282,public,self,Algorithmic Stablecoins‚ÄîJust the beginning?,0,[],1.0,https://www.reddit.com/r/CryptoCurrency/comments/urvffi/algorithmic_stablecoinsjust_the_beginning/,all_ads,6,1652790142.0,,dark,,,,,,,,,,,,new
28,[],False,CartographerWorth649,Warning-level1-1,"[{'e': 'text', 't': 'Bronze'}]",Bronze,richtext,t2_cumkycm9,False,False,False,[],False,False,1652816777,self.CryptoCurrency,https://www.reddit.com/r/CryptoCurrency/comments/urumbo/what_did_i_learn_with_lunaust_scandal/,{},urumbo,False,False,False,False,False,False,True,False,#5a74cc,PERSPECTIVE,"[{'e': 'text', 't': 'PERSPECTIVE'}]",1b44cdb2-2a6c-11ec-9baf-0aa21184cd0a,PERSPECTIVE,light,richtext,False,False,True,0,0,False,all_ads,/r/CryptoCurrency/comments/urumbo/what_did_i_learn_with_lunaust_scandal/,False,6,1652816788,1,[removed],True,False,False,CryptoCurrency,t5_2wlj3,4879104,public,self,What did I learn with LUNA/UST scandal,0,[],1.0,https://www.reddit.com/r/CryptoCurrency/comments/urumbo/what_did_i_learn_with_lunaust_scandal/,all_ads,6,1652787977.0,,dark,self,"{'enabled': False, 'images': [{'id': 'LR18ykTb8mswhf6gtH3jpl9ln1Vu19pb6H62r6MImH8', 'resolutions': [{'height': 71, 'url': 'https://external-preview.redd.it/RkBDxkIM0oOA-0Z3R7KXxqfh8hIRj4_P_xgG09DOZoQ.jpg?width=108&amp;crop=smart&amp;auto=webp&amp;s=87171d2fde558a4c566a161d0b82e12d996966ae', 'width': 108}, {'height': 143, 'url': 'https://external-preview.redd.it/RkBDxkIM0oOA-0Z3R7KXxqfh8hIRj4_P_xgG09DOZoQ.jpg?width=216&amp;crop=smart&amp;auto=webp&amp;s=289736a8de2074ed2392808b39c573a0cae884cc', 'width': 216}, {'height': 213, 'url': 'https://external-preview.redd.it/RkBDxkIM0oOA-0Z3R7KXxqfh8hIRj4_P_xgG09DOZoQ.jpg?width=320&amp;crop=smart&amp;auto=webp&amp;s=7cb0b153749e26fa2fb6a8b491be8cb7ba22875a', 'width': 320}, {'height': 426, 'url': 'https://external-preview.redd.it/RkBDxkIM0oOA-0Z3R7KXxqfh8hIRj4_P_xgG09DOZoQ.jpg?width=640&amp;crop=smart&amp;auto=webp&amp;s=bb171e0ba31313dcaeb92cf73ce83c2ea221f810', 'width': 640}, {'height': 639, 'url': 'https://external-preview.redd.it/RkBDxkIM0oOA-0Z3R7KXxqfh8hIRj4_P_xgG09DOZoQ.jpg?width=960&amp;crop=smart&amp;auto=webp&amp;s=b239d4a16706d0edb0a413e7bccffcbdc74b60f4', 'width': 960}], 'source': {'height': 682, 'url': 'https://external-preview.redd.it/RkBDxkIM0oOA-0Z3R7KXxqfh8hIRj4_P_xgG09DOZoQ.jpg?auto=webp&amp;s=50b8fad8678cf5c71df8263ee6081f7b9bc6a4f6', 'width': 1024}, 'variants': {}}]}",reddit,,,,,,,,,
29,[],False,_cryptoo,Warning-level2-2,"[{'e': 'text', 't': 'Tin'}]",Tin,richtext,t2_fu78n53,False,False,False,[],False,False,1652813903,self.CryptoCurrency,https://www.reddit.com/r/CryptoCurrency/comments/urtkdd/terra_a_post_mortem_is_my_thesis_correct/,{},urtkdd,False,True,False,True,False,True,True,False,#add2e2,ADVICE,"[{'e': 'text', 't': 'ANALYSIS'}]",c1034ee6-9c2a-11e3-a8c4-12313b0e8e20,ANALYSIS,dark,richtext,False,False,True,1,0,False,all_ads,/r/CryptoCurrency/comments/urtkdd/terra_a_post_mortem_is_my_thesis_correct/,False,6,1652813913,1,"I had been thinking about the UST de-peg. The only bridge that was tying 1 UST to 1 USD was LUNA which had a perceived value based on the market conditions. So sudden dump in UST naturally slashed its price, so to get 1 USD from 1 UST people started redeeming LUNA and selling it in LUNA/USD(or USDT) market. And since LUNA was just being minted without any max supply and being sold in open market which naturally tanked its price. In the meantime people started losing trust in UST and started withdrawing it from defi protocols and selling/redeeming it. Causing a sudden influx of UST and LUNA both ready to be sold, crashing both the prices.

  
Now the problem could've been alleviated if not completely solved by having a max-supply of LUNA and then halting the LUNA-minting once it reached that. And asking users to redeem their USTs for BTC etc from their reserves.

The reserves was the only thing that differentiated it (now we know it was all optics)from being an outright Ponzi. And since the reserves were not deployed/utilized on time technically rendering the whole thing as some version a  Ponzi-scam. I'm using the word 'scam' as it's not completely transparent how the reserves were used/unused as compared to how they were (subtly)marketed to be used.   


I had 0 UST, lost just few $ only when I bought LUNA dip  like a fool. So I'm not writing this with emotions, just out of academic interest. I might have glossed over some details and terminologies, I want to ask the community is my thesis correct?  


Also it made me wonder about a silver lining which is: if Crypto and DeFi survives and matures gracefully over the decades wouldn't if become one of the more robust and efficient financial systems?   
As in any inefficiency or bugs in the system will not be long lived and will be heavily punished beyond oblivion right away by profiteering entities/bots, and what will remain be highly open and efficient financial market. Thank you for reading, feel free to correct, critique would love to understand more.",True,False,False,CryptoCurrency,t5_2wlj3,4878849,public,self,"TERRA - a post mortem, is my thesis correct?",0,[],1.0,https://www.reddit.com/r/CryptoCurrency/comments/urtkdd/terra_a_post_mortem_is_my_thesis_correct/,all_ads,6,1652785103.0,,dark,,,,,,,,,,,,new
30,[],False,Yoshie5,,"[{'e': 'text', 't': 'Gold | QC: CC 24'}]",Gold | QC: CC 24,richtext,t2_xfgmj,False,False,False,[],False,False,1652812578,theblockcrypto.com,https://www.reddit.com/r/CryptoCurrency/comments/urt3t2/terraform_labs_legal_team_resigns_after_ust/,{},urt3t2,False,True,False,False,False,True,False,False,,GENERAL-NEWS,"[{'e': 'text', 't': 'üü¢ GENERAL-NEWS'}]",,üü¢ GENERAL-NEWS,dark,richtext,False,False,True,0,0,False,all_ads,/r/CryptoCurrency/comments/urt3t2/terraform_labs_legal_team_resigns_after_ust/,False,6,1652812589,1,,True,False,False,CryptoCurrency,t5_2wlj3,4878766,public,https://b.thumbs.redditmedia.com/W5eapaO3rRvJ6PSd1_mcmas7-3Z_P5XqSfMFT8WkwkQ.jpg,Terraform Labs‚Äô legal team resigns after UST collapse,0,[],1.0,https://www.theblockcrypto.com/post/147390/terraform-labs-legal-team-resigns-after-ust-collapse,all_ads,6,1652783778.0,,dark,link,"{'enabled': False, 'images': [{'id': '7D3LEpk_VmJw0l_Rxd_6PZ3SCwpD3CF9fbl9VoaHUM4', 'resolutions': [{'height': 60, 'url': 'https://external-preview.redd.it/P_Llv02Mpi25VQqW4CgfdKJPDCKZ6VtLDKaU9Rmv2R0.jpg?width=108&amp;crop=smart&amp;auto=webp&amp;s=df13b35a279af5973bb0293cd6e71a62804f909c', 'width': 108}, {'height': 121, 'url': 'https://external-preview.redd.it/P_Llv02Mpi25VQqW4CgfdKJPDCKZ6VtLDKaU9Rmv2R0.jpg?width=216&amp;crop=smart&amp;auto=webp&amp;s=e580196a797a65316b6643d167314cb056fb691a', 'width': 216}, {'height': 180, 'url': 'https://external-preview.redd.it/P_Llv02Mpi25VQqW4CgfdKJPDCKZ6VtLDKaU9Rmv2R0.jpg?width=320&amp;crop=smart&amp;auto=webp&amp;s=970c24372a10416cfa08ee5227289a270ea62d91', 'width': 320}, {'height': 360, 'url': 'https://external-preview.redd.it/P_Llv02Mpi25VQqW4CgfdKJPDCKZ6VtLDKaU9Rmv2R0.jpg?width=640&amp;crop=smart&amp;auto=webp&amp;s=be537eac34d9558739340b1e44dde1008b39b424', 'width': 640}, {'height': 540, 'url': 'https://external-preview.redd.it/P_Llv02Mpi25VQqW4CgfdKJPDCKZ6VtLDKaU9Rmv2R0.jpg?width=960&amp;crop=smart&amp;auto=webp&amp;s=7f4670205159b03f753cbb0f8496c65513566e4b', 'width': 960}, {'height': 607, 'url': 'https://external-preview.redd.it/P_Llv02Mpi25VQqW4CgfdKJPDCKZ6VtLDKaU9Rmv2R0.jpg?width=1080&amp;crop=smart&amp;auto=webp&amp;s=4e89d4393ed3fa09c207195f1dc941284a4965be', 'width': 1080}], 'source': {'height': 1080, 'url': 'https://external-preview.redd.it/P_Llv02Mpi25VQqW4CgfdKJPDCKZ6VtLDKaU9Rmv2R0.jpg?auto=webp&amp;s=108185f2cbee44432c666dc7b77c90e67d720e1b', 'width': 1920}, 'variants': {}}]}",,78.0,140.0,https://www.theblockcrypto.com/post/147390/terraform-labs-legal-team-resigns-after-ust-collapse,,,,,,new
31,[],False,yeknomhtooms,,[],,text,t2_esx2h3ia,False,False,False,[],False,False,1652812028,cointelegraph.com,https://www.reddit.com/r/CryptoCurrency/comments/urswlf/do_kwon_that_idiot_should_compensate_not_only/,{},urswlf,False,True,False,False,False,True,False,False,#7193ff,DISCUSSION,"[{'e': 'text', 't': 'DISCUSSION'}]",87049662-0882-11e5-82e1-0e9d1a9f7761,DISCUSSION,dark,richtext,False,False,True,0,0,False,all_ads,/r/CryptoCurrency/comments/urswlf/do_kwon_that_idiot_should_compensate_not_only/,False,6,1652812038,2,,False,False,False,CryptoCurrency,t5_2wlj3,4878714,public,https://a.thumbs.redditmedia.com/JL_RVD0cuD9JeYUiz6Ga_cg8crkU_yYS-lDrCPW7in4.jpg,"Do Kwon, that idiot, should compensate not only Luna/UST holders but crypto holders. He single-handedly crashed the whole market and apparently kept millions in bitcoin for himself",0,[],1.0,https://cointelegraph.com/news/do-kwon-summoned-to-parliamentary-hearing-following-ust-and-luna-crash,all_ads,6,1652783228.0,,,link,"{'enabled': False, 'images': [{'id': 'yHvygBWToRbvjiwrPpSG41hQzGeC5d-OjWzgXNLOwO8', 'resolutions': [{'height': 71, 'url': 'https://external-preview.redd.it/e2U4ER9yvEeHN4VVvI2IUiiZqfX8LaWQTCv_fjJ-LWs.jpg?width=108&amp;crop=smart&amp;auto=webp&amp;s=0beceb0cb3b4ea36c87aaf2700e16cb24f12ecd4', 'width': 108}, {'height': 143, 'url': 'https://external-preview.redd.it/e2U4ER9yvEeHN4VVvI2IUiiZqfX8LaWQTCv_fjJ-LWs.jpg?width=216&amp;crop=smart&amp;auto=webp&amp;s=ef18ca5ed82a3e5ccf3a50e71864fa4b5ed2b619', 'width': 216}, {'height': 213, 'url': 'https://external-preview.redd.it/e2U4ER9yvEeHN4VVvI2IUiiZqfX8LaWQTCv_fjJ-LWs.jpg?width=320&amp;crop=smart&amp;auto=webp&amp;s=4228d3173701ab109ec804d185533ed04bb46fd2', 'width': 320}, {'height': 426, 'url': 'https://external-preview.redd.it/e2U4ER9yvEeHN4VVvI2IUiiZqfX8LaWQTCv_fjJ-LWs.jpg?width=640&amp;crop=smart&amp;auto=webp&amp;s=98293940de4d4f2797ecf8fe2a5c6cdd8b2d780b', 'width': 640}, {'height': 639, 'url': 'https://external-preview.redd.it/e2U4ER9yvEeHN4VVvI2IUiiZqfX8LaWQTCv_fjJ-LWs.jpg?width=960&amp;crop=smart&amp;auto=webp&amp;s=a6c81df6c19b6bfcaa1b3de2e27af173774f7b33', 'width': 960}, {'height': 719, 'url': 'https://external-preview.redd.it/e2U4ER9yvEeHN4VVvI2IUiiZqfX8LaWQTCv_fjJ-LWs.jpg?width=1080&amp;crop=smart&amp;auto=webp&amp;s=fbc05dd5cd3e42e62d649c47b2cfbef7aef9691e', 'width': 1080}], 'source': {'height': 773, 'url': 'https://external-preview.redd.it/e2U4ER9yvEeHN4VVvI2IUiiZqfX8LaWQTCv_fjJ-LWs.jpg?auto=webp&amp;s=eb99a1f48e2e8272c8d6bdb7419b79c5db5531a4', 'width': 1160}, 'variants': {}}]}",,93.0,140.0,https://cointelegraph.com/news/do-kwon-summoned-to-parliamentary-hearing-following-ust-and-luna-crash,,,,,,new
32,[],False,Derezal,Warning-level1-1,"[{'e': 'text', 't': 'Bronze'}]",Bronze,richtext,t2_4tgracs,False,False,False,[],False,False,1652811532,theblockcrypto.com,https://www.reddit.com/r/CryptoCurrency/comments/urspxf/terraform_labs_legal_team_resigns_after_ust/,{},urspxf,False,True,False,False,False,True,False,False,,GENERAL-NEWS,"[{'e': 'text', 't': 'üü¢ GENERAL-NEWS'}]",,üü¢ GENERAL-NEWS,dark,richtext,False,False,True,0,0,False,all_ads,/r/CryptoCurrency/comments/urspxf/terraform_labs_legal_team_resigns_after_ust/,False,6,1652811542,1,,False,False,False,CryptoCurrency,t5_2wlj3,4878667,public,https://b.thumbs.redditmedia.com/W5eapaO3rRvJ6PSd1_mcmas7-3Z_P5XqSfMFT8WkwkQ.jpg,Terraform Labs‚Äô legal team resigns after UST collapse,0,[],1.0,https://www.theblockcrypto.com/post/147390/terraform-labs-legal-team-resigns-after-ust-collapse?utm_source=rss&amp;utm_medium=rss,all_ads,6,1652782732.0,,dark,link,"{'enabled': False, 'images': [{'id': '7D3LEpk_VmJw0l_Rxd_6PZ3SCwpD3CF9fbl9VoaHUM4', 'resolutions': [{'height': 60, 'url': 'https://external-preview.redd.it/P_Llv02Mpi25VQqW4CgfdKJPDCKZ6VtLDKaU9Rmv2R0.jpg?width=108&amp;crop=smart&amp;auto=webp&amp;s=df13b35a279af5973bb0293cd6e71a62804f909c', 'width': 108}, {'height': 121, 'url': 'https://external-preview.redd.it/P_Llv02Mpi25VQqW4CgfdKJPDCKZ6VtLDKaU9Rmv2R0.jpg?width=216&amp;crop=smart&amp;auto=webp&amp;s=e580196a797a65316b6643d167314cb056fb691a', 'width': 216}, {'height': 180, 'url': 'https://external-preview.redd.it/P_Llv02Mpi25VQqW4CgfdKJPDCKZ6VtLDKaU9Rmv2R0.jpg?width=320&amp;crop=smart&amp;auto=webp&amp;s=970c24372a10416cfa08ee5227289a270ea62d91', 'width': 320}, {'height': 360, 'url': 'https://external-preview.redd.it/P_Llv02Mpi25VQqW4CgfdKJPDCKZ6VtLDKaU9Rmv2R0.jpg?width=640&amp;crop=smart&amp;auto=webp&amp;s=be537eac34d9558739340b1e44dde1008b39b424', 'width': 640}, {'height': 540, 'url': 'https://external-preview.redd.it/P_Llv02Mpi25VQqW4CgfdKJPDCKZ6VtLDKaU9Rmv2R0.jpg?width=960&amp;crop=smart&amp;auto=webp&amp;s=7f4670205159b03f753cbb0f8496c65513566e4b', 'width': 960}, {'height': 607, 'url': 'https://external-preview.redd.it/P_Llv02Mpi25VQqW4CgfdKJPDCKZ6VtLDKaU9Rmv2R0.jpg?width=1080&amp;crop=smart&amp;auto=webp&amp;s=4e89d4393ed3fa09c207195f1dc941284a4965be', 'width': 1080}], 'source': {'height': 1080, 'url': 'https://external-preview.redd.it/P_Llv02Mpi25VQqW4CgfdKJPDCKZ6VtLDKaU9Rmv2R0.jpg?auto=webp&amp;s=108185f2cbee44432c666dc7b77c90e67d720e1b', 'width': 1920}, 'variants': {}}]}",,78.0,140.0,https://www.theblockcrypto.com/post/147390/terraform-labs-legal-team-resigns-after-ust-collapse?utm_source=rss&amp;utm_medium=rss,,,,,,new
33,[],False,-RoopeSeta-,,[],,text,t2_7mx8ghv,False,False,False,[],False,False,1652810596,self.CryptoCurrency,https://www.reddit.com/r/CryptoCurrency/comments/ursdi4/after_ust_fall_which_stable_coin_do_you_think_is/,{},ursdi4,False,False,False,False,False,False,True,False,#add2e2,ADVICE,"[{'e': 'text', 't': 'ANALYSIS'}]",c1034ee6-9c2a-11e3-a8c4-12313b0e8e20,ANALYSIS,dark,richtext,False,False,True,2,0,False,all_ads,/r/CryptoCurrency/comments/ursdi4/after_ust_fall_which_stable_coin_do_you_think_is/,False,6,1652810607,1,[removed],True,False,False,CryptoCurrency,t5_2wlj3,4878576,public,self,"After UST fall, which stable coin do you think is the safest?",0,[],1.0,https://www.reddit.com/r/CryptoCurrency/comments/ursdi4/after_ust_fall_which_stable_coin_do_you_think_is/,all_ads,6,1652781796.0,,,,,moderator,,,,,,,,,
34,[],False,OVERTIME003,,[],,text,t2_lc6lwpc2,False,False,False,[],False,False,1652810292,theblockcrypto.com,https://www.reddit.com/r/CryptoCurrency/comments/urs96a/terraform_labs_legal_team_resigns_after_ust/,{},urs96a,False,True,False,False,False,True,False,False,,GENERAL-NEWS,"[{'e': 'text', 't': 'üü¢ GENERAL-NEWS'}]",,üü¢ GENERAL-NEWS,dark,richtext,False,False,True,0,0,False,all_ads,/r/CryptoCurrency/comments/urs96a/terraform_labs_legal_team_resigns_after_ust/,False,6,1652810303,1,,True,False,False,CryptoCurrency,t5_2wlj3,4878546,public,https://b.thumbs.redditmedia.com/W5eapaO3rRvJ6PSd1_mcmas7-3Z_P5XqSfMFT8WkwkQ.jpg,Terraform Labs‚Äô legal team resigns after UST collapse,0,[],1.0,https://www.theblockcrypto.com/post/147390/terraform-labs-legal-team-resigns-after-ust-collapse?utm_source=rss&amp;utm_medium=rss,all_ads,6,1652781492.0,,,link,"{'enabled': False, 'images': [{'id': '7D3LEpk_VmJw0l_Rxd_6PZ3SCwpD3CF9fbl9VoaHUM4', 'resolutions': [{'height': 60, 'url': 'https://external-preview.redd.it/P_Llv02Mpi25VQqW4CgfdKJPDCKZ6VtLDKaU9Rmv2R0.jpg?width=108&amp;crop=smart&amp;auto=webp&amp;s=df13b35a279af5973bb0293cd6e71a62804f909c', 'width': 108}, {'height': 121, 'url': 'https://external-preview.redd.it/P_Llv02Mpi25VQqW4CgfdKJPDCKZ6VtLDKaU9Rmv2R0.jpg?width=216&amp;crop=smart&amp;auto=webp&amp;s=e580196a797a65316b6643d167314cb056fb691a', 'width': 216}, {'height': 180, 'url': 'https://external-preview.redd.it/P_Llv02Mpi25VQqW4CgfdKJPDCKZ6VtLDKaU9Rmv2R0.jpg?width=320&amp;crop=smart&amp;auto=webp&amp;s=970c24372a10416cfa08ee5227289a270ea62d91', 'width': 320}, {'height': 360, 'url': 'https://external-preview.redd.it/P_Llv02Mpi25VQqW4CgfdKJPDCKZ6VtLDKaU9Rmv2R0.jpg?width=640&amp;crop=smart&amp;auto=webp&amp;s=be537eac34d9558739340b1e44dde1008b39b424', 'width': 640}, {'height': 540, 'url': 'https://external-preview.redd.it/P_Llv02Mpi25VQqW4CgfdKJPDCKZ6VtLDKaU9Rmv2R0.jpg?width=960&amp;crop=smart&amp;auto=webp&amp;s=7f4670205159b03f753cbb0f8496c65513566e4b', 'width': 960}, {'height': 607, 'url': 'https://external-preview.redd.it/P_Llv02Mpi25VQqW4CgfdKJPDCKZ6VtLDKaU9Rmv2R0.jpg?width=1080&amp;crop=smart&amp;auto=webp&amp;s=4e89d4393ed3fa09c207195f1dc941284a4965be', 'width': 1080}], 'source': {'height': 1080, 'url': 'https://external-preview.redd.it/P_Llv02Mpi25VQqW4CgfdKJPDCKZ6VtLDKaU9Rmv2R0.jpg?auto=webp&amp;s=108185f2cbee44432c666dc7b77c90e67d720e1b', 'width': 1920}, 'variants': {}}]}",,78.0,140.0,https://www.theblockcrypto.com/post/147390/terraform-labs-legal-team-resigns-after-ust-collapse?utm_source=rss&amp;utm_medium=rss,,,,,,
35,[],False,Tatakae69,,"[{'e': 'text', 't': 'Platinum | QC: CC 877'}]",Platinum | QC: CC 877,richtext,t2_adks17de,False,False,False,[],False,False,1652809431,theblockcrypto.com,https://www.reddit.com/r/CryptoCurrency/comments/urrxrh/terraform_labs_legal_team_resigns_after_ust/,{},urrxrh,False,True,False,False,False,True,False,False,,GENERAL-NEWS,"[{'e': 'text', 't': 'üü¢ GENERAL-NEWS'}]",,üü¢ GENERAL-NEWS,dark,richtext,False,False,True,0,0,False,all_ads,/r/CryptoCurrency/comments/urrxrh/terraform_labs_legal_team_resigns_after_ust/,False,6,1652809442,1,,True,False,False,CryptoCurrency,t5_2wlj3,4878476,public,https://b.thumbs.redditmedia.com/W5eapaO3rRvJ6PSd1_mcmas7-3Z_P5XqSfMFT8WkwkQ.jpg,Terraform Labs‚Äô legal team resigns after UST collapse.,0,[],1.0,https://www.theblockcrypto.com/post/147390/terraform-labs-legal-team-resigns-after-ust-collapse?utm_source=rss&amp;utm_medium=rss,all_ads,6,1652780631.0,,dark,link,"{'enabled': False, 'images': [{'id': '7D3LEpk_VmJw0l_Rxd_6PZ3SCwpD3CF9fbl9VoaHUM4', 'resolutions': [{'height': 60, 'url': 'https://external-preview.redd.it/P_Llv02Mpi25VQqW4CgfdKJPDCKZ6VtLDKaU9Rmv2R0.jpg?width=108&amp;crop=smart&amp;auto=webp&amp;s=df13b35a279af5973bb0293cd6e71a62804f909c', 'width': 108}, {'height': 121, 'url': 'https://external-preview.redd.it/P_Llv02Mpi25VQqW4CgfdKJPDCKZ6VtLDKaU9Rmv2R0.jpg?width=216&amp;crop=smart&amp;auto=webp&amp;s=e580196a797a65316b6643d167314cb056fb691a', 'width': 216}, {'height': 180, 'url': 'https://external-preview.redd.it/P_Llv02Mpi25VQqW4CgfdKJPDCKZ6VtLDKaU9Rmv2R0.jpg?width=320&amp;crop=smart&amp;auto=webp&amp;s=970c24372a10416cfa08ee5227289a270ea62d91', 'width': 320}, {'height': 360, 'url': 'https://external-preview.redd.it/P_Llv02Mpi25VQqW4CgfdKJPDCKZ6VtLDKaU9Rmv2R0.jpg?width=640&amp;crop=smart&amp;auto=webp&amp;s=be537eac34d9558739340b1e44dde1008b39b424', 'width': 640}, {'height': 540, 'url': 'https://external-preview.redd.it/P_Llv02Mpi25VQqW4CgfdKJPDCKZ6VtLDKaU9Rmv2R0.jpg?width=960&amp;crop=smart&amp;auto=webp&amp;s=7f4670205159b03f753cbb0f8496c65513566e4b', 'width': 960}, {'height': 607, 'url': 'https://external-preview.redd.it/P_Llv02Mpi25VQqW4CgfdKJPDCKZ6VtLDKaU9Rmv2R0.jpg?width=1080&amp;crop=smart&amp;auto=webp&amp;s=4e89d4393ed3fa09c207195f1dc941284a4965be', 'width': 1080}], 'source': {'height': 1080, 'url': 'https://external-preview.redd.it/P_Llv02Mpi25VQqW4CgfdKJPDCKZ6VtLDKaU9Rmv2R0.jpg?auto=webp&amp;s=108185f2cbee44432c666dc7b77c90e67d720e1b', 'width': 1920}, 'variants': {}}]}",,78.0,140.0,https://www.theblockcrypto.com/post/147390/terraform-labs-legal-team-resigns-after-ust-collapse?utm_source=rss&amp;utm_medium=rss,,,,,,
36,[],False,ChemicalGreek,,[],,text,t2_42blnkwd,False,False,False,[],False,False,1652808473,theblockcrypto.com,https://www.reddit.com/r/CryptoCurrency/comments/urrl0l/terraform_labs_legal_team_resigns_after_ust/,{},urrl0l,False,True,False,False,False,True,False,False,,GENERAL-NEWS,"[{'e': 'text', 't': 'üü¢ GENERAL-NEWS'}]",,üü¢ GENERAL-NEWS,dark,richtext,False,False,False,0,0,False,all_ads,/r/CryptoCurrency/comments/urrl0l/terraform_labs_legal_team_resigns_after_ust/,False,6,1652808484,1,,True,False,False,CryptoCurrency,t5_2wlj3,4878391,public,https://b.thumbs.redditmedia.com/W5eapaO3rRvJ6PSd1_mcmas7-3Z_P5XqSfMFT8WkwkQ.jpg,Terraform Labs‚Äô legal team resigns after UST collapse,0,[],1.0,https://www.theblockcrypto.com/post/147390/terraform-labs-legal-team-resigns-after-ust-collapse,all_ads,6,1652779673.0,,,link,"{'enabled': False, 'images': [{'id': '7D3LEpk_VmJw0l_Rxd_6PZ3SCwpD3CF9fbl9VoaHUM4', 'resolutions': [{'height': 60, 'url': 'https://external-preview.redd.it/P_Llv02Mpi25VQqW4CgfdKJPDCKZ6VtLDKaU9Rmv2R0.jpg?width=108&amp;crop=smart&amp;auto=webp&amp;s=df13b35a279af5973bb0293cd6e71a62804f909c', 'width': 108}, {'height': 121, 'url': 'https://external-preview.redd.it/P_Llv02Mpi25VQqW4CgfdKJPDCKZ6VtLDKaU9Rmv2R0.jpg?width=216&amp;crop=smart&amp;auto=webp&amp;s=e580196a797a65316b6643d167314cb056fb691a', 'width': 216}, {'height': 180, 'url': 'https://external-preview.redd.it/P_Llv02Mpi25VQqW4CgfdKJPDCKZ6VtLDKaU9Rmv2R0.jpg?width=320&amp;crop=smart&amp;auto=webp&amp;s=970c24372a10416cfa08ee5227289a270ea62d91', 'width': 320}, {'height': 360, 'url': 'https://external-preview.redd.it/P_Llv02Mpi25VQqW4CgfdKJPDCKZ6VtLDKaU9Rmv2R0.jpg?width=640&amp;crop=smart&amp;auto=webp&amp;s=be537eac34d9558739340b1e44dde1008b39b424', 'width': 640}, {'height': 540, 'url': 'https://external-preview.redd.it/P_Llv02Mpi25VQqW4CgfdKJPDCKZ6VtLDKaU9Rmv2R0.jpg?width=960&amp;crop=smart&amp;auto=webp&amp;s=7f4670205159b03f753cbb0f8496c65513566e4b', 'width': 960}, {'height': 607, 'url': 'https://external-preview.redd.it/P_Llv02Mpi25VQqW4CgfdKJPDCKZ6VtLDKaU9Rmv2R0.jpg?width=1080&amp;crop=smart&amp;auto=webp&amp;s=4e89d4393ed3fa09c207195f1dc941284a4965be', 'width': 1080}], 'source': {'height': 1080, 'url': 'https://external-preview.redd.it/P_Llv02Mpi25VQqW4CgfdKJPDCKZ6VtLDKaU9Rmv2R0.jpg?auto=webp&amp;s=108185f2cbee44432c666dc7b77c90e67d720e1b', 'width': 1920}, 'variants': {}}]}",,78.0,140.0,https://www.theblockcrypto.com/post/147390/terraform-labs-legal-team-resigns-after-ust-collapse,,,,,,
37,[],False,IIIIIIIIIIIIIIlIIl,Warning-level2-2,"[{'e': 'text', 't': 'Tin | SHIB 13'}]",Tin | SHIB 13,richtext,t2_c1l10z13,False,False,False,[],False,False,1652805546,self.CryptoCurrency,https://www.reddit.com/r/CryptoCurrency/comments/urqijm/luna_can_be_saved_check_out_this_idea/,{},urqijm,False,True,False,False,False,True,True,False,#add2e2,ADVICE,"[{'e': 'text', 't': 'ANALYSIS'}]",c1034ee6-9c2a-11e3-a8c4-12313b0e8e20,ANALYSIS,dark,richtext,False,False,True,0,0,False,all_ads,/r/CryptoCurrency/comments/urqijm/luna_can_be_saved_check_out_this_idea/,False,6,1652805556,1,"The only way to save LUNA and UST is to reclaim the community's faith, which I've lost due to the UST disaster. I had never held any LUNA before the event and was instead using Anchor as my dollar savings account and staking/locking my UST because I thought it was a superior alternative to USDT and other stablecoins.

&amp;#x200B;

I started in February or March and was quite pleased with Anchor. I never accepted any loans, never leveraged my assets, and never took use of the processes. I just locked my UST and have been buying UST with USDT and transferring them into my Anchor account from the first day.  


&amp;#x200B;

Outstanding aUST: 8.3 billion

&amp;#x200B;

The top 10 Anchor wallets own 26.824% of all aUST (!!!)

&amp;#x200B;

There are a total of 256k Anchor wallets

&amp;#x200B;

The top 1,000 Anchor wallets own 82.37% of all aUST

&amp;#x200B;

The poorest wallet from the top 1,000 has 955k aUST

&amp;#x200B;

I really believe that saving the smaller holders is the best solution since they account for the vast majority of people yet for the least amount of capital.

&amp;#x200B;

If LUNA is able to save the small and deeply impacted people it will regain trust really fast. This is what we need now. Most of the UST holders had less than 20,000 UST in total and a big portion of the accounts had much less than 5,000. Saving and bailing out these people should be priority number one to regain trust.

&amp;#x200B;

LUNA has built a tremendous network and ecosystem and I believe it is worth at least a few billion. The community is huge, the dev talent pool is amazing and Terra Station has millions of users worldwide. I imagine it's possible to get a loan (since the interest rates in the US are so low the impact won't be so hard) and save the network, bailout small users, and buy back and burn LUNA.

&amp;#x200B;

Of course, in case there are any funds left in LFG reserves or even on TFL accounts, these should be immediately used to rescue the protocol and regain trust.

&amp;#x200B;

Do Kwon should also be accounted responsible for everything and his personal net worth should be used as collateral for the loan or, even better, be put at the service of LUNA and its holders.

&amp;#x200B;

Do is clearly a filthy rich man - one of the FORBES' 30 under 30 - and he should but his own money to save what he destroyed with his psychopathic behavior and arrogance. (Karma is a bitch, right?).

&amp;#x200B;

I have many theories for Do's silence and one of these theories is that he was hiding his assets and taking ownership of the remaining Bitcoin LFG had, dumping LUNA and USDT, and stacking Bitcoin and other cryptos for his own. Of course guys this is only a theory but I can't say a psychopath as he wouldn't do or consider doing it.

&amp;#x200B;

What is my proposal then?

&amp;#x200B;

To regain the trust we need to save the small UST holders immediately. Accounts with up to 5,000 UST prior to the de-peg event should be able to redeem immediately with a 1:1 ratio.

&amp;#x200B;

Accounts with 5,001 to 10,000 UST next. As soon as the smaller accounts are saved and rescued these accounts will be able to reclaim, followed by 10,001 to 15,000 and then 15,001 to 30,000 UST.

&amp;#x200B;

In addition to this, I propose we give every user an option of a scheduled pay-out and I'm going to use myself as an example.

&amp;#x200B;

I had 17,000 UST the moment the event started and I don't want to redeem everything at once. Let's say I agree with a monthly schedule. My UST would be then redeemed at a 1:1 ratio with an early APY equal to the United States Federal Reserve basic interest rates.

&amp;#x200B;

Then LUNA burns the redeemed UST and also burns LUNA with the fees generated in the network. If we regain trust the whole ecosystem will regain life and we will be able to burn LUNA and increase its price while working and developing the network and increasing its worth.

&amp;#x200B;

Also, if a loan is granted using LUNA's future income as collateral this loan should be used in a 70:30 percent ratio to buy back and burn LUNA and bailout all the small holders.  


What do you think?",True,False,False,CryptoCurrency,t5_2wlj3,4878127,public,self,Luna can be saved. Check out this idea,0,[],1.0,https://www.reddit.com/r/CryptoCurrency/comments/urqijm/luna_can_be_saved_check_out_this_idea/,all_ads,6,1652776746.0,,dark,,,,,,,,,,,,new
