,all_awardings,allow_live_comments,author,author_flair_css_class,author_flair_richtext,author_flair_text,author_flair_type,author_fullname,author_is_blocked,author_patreon_flair,author_premium,awarders,can_mod_post,contest_mode,created_utc,domain,full_link,gildings,id,is_created_from_ads_ui,is_crosspostable,is_meta,is_original_content,is_reddit_media_domain,is_robot_indexable,is_self,is_video,link_flair_background_color,link_flair_richtext,link_flair_template_id,link_flair_text,link_flair_text_color,link_flair_type,locked,media_only,no_follow,num_comments,num_crossposts,over_18,parent_whitelist_status,permalink,pinned,post_hint,preview,pwls,retrieved_on,score,selftext,send_replies,spoiler,stickied,subreddit,subreddit_id,subreddit_subscribers,subreddit_type,thumbnail,thumbnail_height,thumbnail_width,title,total_awards_received,treatment_tags,upvote_ratio,url,url_overridden_by_dest,whitelist_status,wls,created,crosspost_parent,crosspost_parent_list,media,media_embed,secure_media,secure_media_embed,removed_by_category,media_metadata
0,[],False,juansinruido,,[],,text,t2_9rco7l51,False,False,False,[],False,False,1651417089,loop.markets,https://www.reddit.com/r/terraluna/comments/ug1mze/metabuilder_terra_nft_are_you_in/,{},ug1mze,False,True,False,False,False,True,False,False,#dadada,[],773e7b1a-be27-11eb-a721-0eb5d708beb5,Terra Ecosystem,dark,text,False,False,True,0,0,False,all_ads,/r/terraluna/comments/ug1mze/metabuilder_terra_nft_are_you_in/,False,link,"{'enabled': False, 'images': [{'id': 'eMvOOoQddrdtsXEhzjBv9O_qR_zPcvA5sjK1nzrravI', 'resolutions': [{'height': 56, 'url': 'https://external-preview.redd.it/viIToeX4iN9ZQrS1ZbZ-boYGv23ZlyUw8KdtbubynDU.jpg?width=108&amp;crop=smart&amp;auto=webp&amp;s=214d9ac627a7d6c33357cbc34d60d254d90eb18c', 'width': 108}, {'height': 112, 'url': 'https://external-preview.redd.it/viIToeX4iN9ZQrS1ZbZ-boYGv23ZlyUw8KdtbubynDU.jpg?width=216&amp;crop=smart&amp;auto=webp&amp;s=0584d67881bf045b1b673593bbdbc1c1609a43ac', 'width': 216}, {'height': 166, 'url': 'https://external-preview.redd.it/viIToeX4iN9ZQrS1ZbZ-boYGv23ZlyUw8KdtbubynDU.jpg?width=320&amp;crop=smart&amp;auto=webp&amp;s=064be05f7e818036222b8be9da2ef2563a9db53f', 'width': 320}, {'height': 333, 'url': 'https://external-preview.redd.it/viIToeX4iN9ZQrS1ZbZ-boYGv23ZlyUw8KdtbubynDU.jpg?width=640&amp;crop=smart&amp;auto=webp&amp;s=0cf55eabb32f8523f5c579d27399e4a15e5013ca', 'width': 640}, {'height': 500, 'url': 'https://external-preview.redd.it/viIToeX4iN9ZQrS1ZbZ-boYGv23ZlyUw8KdtbubynDU.jpg?width=960&amp;crop=smart&amp;auto=webp&amp;s=341100a1845ccd0e06acf95554525f4cc4d6800d', 'width': 960}, {'height': 563, 'url': 'https://external-preview.redd.it/viIToeX4iN9ZQrS1ZbZ-boYGv23ZlyUw8KdtbubynDU.jpg?width=1080&amp;crop=smart&amp;auto=webp&amp;s=7fb6f41fc892abbb2d80a6aba3f79e5ce7b447f4', 'width': 1080}], 'source': {'height': 685, 'url': 'https://external-preview.redd.it/viIToeX4iN9ZQrS1ZbZ-boYGv23ZlyUw8KdtbubynDU.jpg?auto=webp&amp;s=c2e8eb5bb9479747ae37e82cc31b317fb9c50fbd', 'width': 1314}, 'variants': {}}]}",6,1651417099,1,,True,False,False,terraluna,t5_2y4t5,39490,public,https://b.thumbs.redditmedia.com/95IM5SzHo_JQ0fmWc30IiNJ1Thk0lj8jQj3t4CB8smI.jpg,72.0,140.0,Meta-Builder | Terra NFT Are you in?????,0,[],1.0,https://www.loop.markets/meta-builder-terra-nft/,https://www.loop.markets/meta-builder-terra-nft/,all_ads,6,1651388289.0,,,,,,,,
1,[],False,0xArmin,,[],,text,t2_lx02llf0,False,False,False,[],False,False,1651407248,self.terraluna,https://www.reddit.com/r/terraluna/comments/ufymli/terra_whitepaper_what_did_you_struggle_with/,{},ufymli,False,True,False,False,False,True,True,False,#7193ff,[],844cbda8-be27-11eb-b4ba-0e4cc1e38c35,Discussion,dark,text,False,False,True,0,0,False,all_ads,/r/terraluna/comments/ufymli/terra_whitepaper_what_did_you_struggle_with/,False,,,6,1651407259,1,"I'm reading the Terra whitepaper now and ngl it's pretty complicated :p

What did you struggle with when reading it?",True,False,False,terraluna,t5_2y4t5,39486,public,self,,,Terra whitepaper- what did you struggle with understanding?,0,[],1.0,https://www.reddit.com/r/terraluna/comments/ufymli/terra_whitepaper_what_did_you_struggle_with/,,all_ads,6,1651378448.0,,,,,,,,
2,[],False,AlbeertZ,,[],,text,t2_ap0qm,False,False,False,[],False,False,1651406401,self.terraluna,https://www.reddit.com/r/terraluna/comments/ufydz1/asking_for_advice_in_this_post/,{},ufydz1,False,True,False,False,False,True,True,False,#ea0027,[],e2e89fae-d1ae-11eb-ac7c-0eaa7b7dd161,Support,light,text,False,False,True,1,0,False,all_ads,/r/terraluna/comments/ufydz1/asking_for_advice_in_this_post/,False,,,6,1651406412,1,"I want to invest a good amount of money  in a solid-long term project in the crypto world. If I can I'd like to leave it staking for several years. No bullshit or short selling. 
Terra looks quite interesting to me. However, the fact that 50-60% of UST depends on Anchor and Luna depends on UST makes me feel quite unsure about investing in Terra.
I'd much appreciate if somebody could provide with an objective point of view of solid is the project. I'm not looking for a x100, it has to be clear, but I do want t get some profit in 4-7 years.

Thank you very muh for your help, support and time!",True,False,False,terraluna,t5_2y4t5,39485,public,self,,,Asking for advice in this post,0,[],1.0,https://www.reddit.com/r/terraluna/comments/ufydz1/asking_for_advice_in_this_post/,,all_ads,6,1651377601.0,,,,,,,,
3,[],False,The-Beefy-Cow,,[],,text,t2_c1sfy4z6,False,False,False,[],False,False,1651395529,i.redd.it,https://www.reddit.com/r/terraluna/comments/ufvvbn/terra_proposal_number_1025_passed_big_thanks_to/,{},ufvvbn,False,True,False,False,True,True,False,False,#ab912b,[],692c7f0e-e7cb-11eb-a117-0ed30301aa27,News,light,text,False,False,True,1,0,False,all_ads,/r/terraluna/comments/ufvvbn/terra_proposal_number_1025_passed_big_thanks_to/,False,image,"{'enabled': True, 'images': [{'id': 'L9m2GDPuj6O4lWLObb3nwJeY4Ba_S1zVrACvoLahaq0', 'resolutions': [{'height': 62, 'url': 'https://preview.redd.it/kiljkoc5xtw81.jpg?width=108&amp;crop=smart&amp;auto=webp&amp;s=5b2e769ab2ea0f3b62ea3a10827e1a5ea40d22b1', 'width': 108}, {'height': 124, 'url': 'https://preview.redd.it/kiljkoc5xtw81.jpg?width=216&amp;crop=smart&amp;auto=webp&amp;s=e9ba9bc39e7ecf78e5a3ad1d07fba472e6e6632c', 'width': 216}, {'height': 184, 'url': 'https://preview.redd.it/kiljkoc5xtw81.jpg?width=320&amp;crop=smart&amp;auto=webp&amp;s=34a0574e07589529e1dd86a8cf1e07f371f7b511', 'width': 320}, {'height': 368, 'url': 'https://preview.redd.it/kiljkoc5xtw81.jpg?width=640&amp;crop=smart&amp;auto=webp&amp;s=16514d63d15efe03e04183d67fcc2e63f8282798', 'width': 640}, {'height': 552, 'url': 'https://preview.redd.it/kiljkoc5xtw81.jpg?width=960&amp;crop=smart&amp;auto=webp&amp;s=d2b9e12819e2cefda94f512c1178e8b1a11adfe3', 'width': 960}, {'height': 622, 'url': 'https://preview.redd.it/kiljkoc5xtw81.jpg?width=1080&amp;crop=smart&amp;auto=webp&amp;s=27b6250a7ee2638fbd86cce15c8f458d24a76c8e', 'width': 1080}], 'source': {'height': 2160, 'url': 'https://preview.redd.it/kiljkoc5xtw81.jpg?auto=webp&amp;s=bc27f79d5313c0ed92d5874db2c375be17c52bb6', 'width': 3750}, 'variants': {}}]}",6,1651395539,1,,True,False,False,terraluna,t5_2y4t5,39483,public,https://a.thumbs.redditmedia.com/k7gV6a4pU8ZIC0Gcpf_YcdRXyr6AWhAe8925AyqB-S8.jpg,80.0,140.0,"Terra Proposal Number 1025 passed! ðŸŒ’ Big thanks to Terra and everyone who voted to support Beefy! This means Beefy just received $400,000 to incentivize $UST adoption across 14 different chains. Have you moved your #stablecoins to Beefy?",0,[],1.0,https://i.redd.it/kiljkoc5xtw81.jpg,https://i.redd.it/kiljkoc5xtw81.jpg,all_ads,6,1651366729.0,t3_ufvv2u,"[{'all_awardings': [], 'allow_live_comments': False, 'approved_at_utc': None, 'approved_by': None, 'archived': False, 'author': 'The-Beefy-Cow', 'author_flair_background_color': None, 'author_flair_css_class': None, 'author_flair_richtext': [], 'author_flair_template_id': None, 'author_flair_text': None, 'author_flair_text_color': None, 'author_flair_type': 'text', 'author_fullname': 't2_c1sfy4z6', 'author_is_blocked': False, 'author_patreon_flair': False, 'author_premium': False, 'awarders': [], 'banned_at_utc': None, 'banned_by': None, 'can_gild': True, 'can_mod_post': False, 'category': None, 'clicked': False, 'content_categories': None, 'contest_mode': False, 'created': 1651395498.0, 'created_utc': 1651395498.0, 'discussion_type': None, 'distinguished': None, 'domain': 'i.redd.it', 'downs': 0, 'edited': False, 'gilded': 0, 'gildings': {}, 'hidden': False, 'hide_score': True, 'id': 'ufvv2u', 'is_created_from_ads_ui': False, 'is_crosspostable': True, 'is_meta': False, 'is_original_content': False, 'is_reddit_media_domain': True, 'is_robot_indexable': True, 'is_self': False, 'is_video': False, 'likes': None, 'link_flair_background_color': '', 'link_flair_css_class': None, 'link_flair_richtext': [], 'link_flair_text': None, 'link_flair_text_color': 'dark', 'link_flair_type': 'text', 'locked': False, 'media': None, 'media_embed': {}, 'media_only': False, 'mod_note': None, 'mod_reason_by': None, 'mod_reason_title': None, 'mod_reports': [], 'name': 't3_ufvv2u', 'no_follow': True, 'num_comments': 0, 'num_crossposts': 1, 'num_reports': None, 'over_18': False, 'parent_whitelist_status': 'all_ads', 'permalink': '/r/Beefy/comments/ufvv2u/terra_proposal_number_1025_passed_big_thanks_to/', 'pinned': False, 'post_hint': 'image', 'preview': {'enabled': True, 'images': [{'id': 'L9m2GDPuj6O4lWLObb3nwJeY4Ba_S1zVrACvoLahaq0', 'resolutions': [{'height': 62, 'url': 'https://preview.redd.it/kiljkoc5xtw81.jpg?width=108&amp;crop=smart&amp;auto=webp&amp;s=5b2e769ab2ea0f3b62ea3a10827e1a5ea40d22b1', 'width': 108}, {'height': 124, 'url': 'https://preview.redd.it/kiljkoc5xtw81.jpg?width=216&amp;crop=smart&amp;auto=webp&amp;s=e9ba9bc39e7ecf78e5a3ad1d07fba472e6e6632c', 'width': 216}, {'height': 184, 'url': 'https://preview.redd.it/kiljkoc5xtw81.jpg?width=320&amp;crop=smart&amp;auto=webp&amp;s=34a0574e07589529e1dd86a8cf1e07f371f7b511', 'width': 320}, {'height': 368, 'url': 'https://preview.redd.it/kiljkoc5xtw81.jpg?width=640&amp;crop=smart&amp;auto=webp&amp;s=16514d63d15efe03e04183d67fcc2e63f8282798', 'width': 640}, {'height': 552, 'url': 'https://preview.redd.it/kiljkoc5xtw81.jpg?width=960&amp;crop=smart&amp;auto=webp&amp;s=d2b9e12819e2cefda94f512c1178e8b1a11adfe3', 'width': 960}, {'height': 622, 'url': 'https://preview.redd.it/kiljkoc5xtw81.jpg?width=1080&amp;crop=smart&amp;auto=webp&amp;s=27b6250a7ee2638fbd86cce15c8f458d24a76c8e', 'width': 1080}], 'source': {'height': 2160, 'url': 'https://preview.redd.it/kiljkoc5xtw81.jpg?auto=webp&amp;s=bc27f79d5313c0ed92d5874db2c375be17c52bb6', 'width': 3750}, 'variants': {}}]}, 'pwls': 6, 'quarantine': False, 'removal_reason': None, 'removed_by': None, 'removed_by_category': None, 'report_reasons': None, 'saved': False, 'score': 1, 'secure_media': None, 'secure_media_embed': {}, 'selftext': '', 'selftext_html': None, 'send_replies': True, 'spoiler': False, 'stickied': False, 'subreddit': 'Beefy', 'subreddit_id': 't5_345ix', 'subreddit_name_prefixed': 'r/Beefy', 'subreddit_subscribers': 3520, 'subreddit_type': 'public', 'suggested_sort': None, 'thumbnail': 'https://a.thumbs.redditmedia.com/k7gV6a4pU8ZIC0Gcpf_YcdRXyr6AWhAe8925AyqB-S8.jpg', 'thumbnail_height': 80, 'thumbnail_width': 140, 'title': 'Terra Proposal Number 1025 passed! ðŸŒ’ Big thanks to Terra and everyone who voted to support Beefy! This means Beefy just received $400,000 to incentivize $UST adoption across 14 different chains. Have you moved your #stablecoins to Beefy?', 'top_awarded_type': None, 'total_awards_received': 0, 'treatment_tags': [], 'ups': 1, 'upvote_ratio': 1.0, 'url': 'https://i.redd.it/kiljkoc5xtw81.jpg', 'url_overridden_by_dest': 'https://i.redd.it/kiljkoc5xtw81.jpg', 'user_reports': [], 'view_count': None, 'visited': False, 'whitelist_status': 'all_ads', 'wls': 6}]",,,,,,
4,[],False,Crypto_Malta,,[],,text,t2_l4o39duc,False,False,False,[],False,False,1651394320,youtube.com,https://www.reddit.com/r/terraluna/comments/ufvlq9/bitcoin_and_altcoins_price_prediction_shiba_gmt/,{},ufvlq9,False,True,False,False,False,True,False,False,#7193ff,[],844cbda8-be27-11eb-b4ba-0e4cc1e38c35,Discussion,dark,text,False,False,True,0,0,False,all_ads,/r/terraluna/comments/ufvlq9/bitcoin_and_altcoins_price_prediction_shiba_gmt/,False,rich:video,"{'enabled': False, 'images': [{'id': 'dEifuNy34x0SdYSBtlQliio8STnSArvWsBEmroyhmaU', 'resolutions': [{'height': 81, 'url': 'https://external-preview.redd.it/D4ONcck33GqV24jBnq9t24nS4VcyUV-egEpSVINrhdM.jpg?width=108&amp;crop=smart&amp;auto=webp&amp;s=12fdf278c31326faf791f9d0e29847fde5295905', 'width': 108}, {'height': 162, 'url': 'https://external-preview.redd.it/D4ONcck33GqV24jBnq9t24nS4VcyUV-egEpSVINrhdM.jpg?width=216&amp;crop=smart&amp;auto=webp&amp;s=c458593f02a2b1ac22820cb616cc0b8d0ca20025', 'width': 216}, {'height': 240, 'url': 'https://external-preview.redd.it/D4ONcck33GqV24jBnq9t24nS4VcyUV-egEpSVINrhdM.jpg?width=320&amp;crop=smart&amp;auto=webp&amp;s=cab21a843dc27f772be8d48693c78500965c88de', 'width': 320}], 'source': {'height': 360, 'url': 'https://external-preview.redd.it/D4ONcck33GqV24jBnq9t24nS4VcyUV-egEpSVINrhdM.jpg?auto=webp&amp;s=8a6a707bfb8d008ed6b4e2e4283934391a99283a', 'width': 480}, 'variants': {}}]}",6,1651394330,1,,True,False,False,terraluna,t5_2y4t5,39483,public,https://b.thumbs.redditmedia.com/ZicQw8LgukSEcEQJNsuuaxwgT6xiFNA0JIObnvzwcqE.jpg,105.0,140.0,"Bitcoin and Altcoins Price Prediction (SHIBA, GMT, IOTX, CHR, LUNA, ALIC...",0,[],1.0,https://youtube.com/watch?v=kE2LIbfL49M&amp;feature=share,https://youtube.com/watch?v=kE2LIbfL49M&amp;feature=share,all_ads,6,1651365520.0,,,"{'oembed': {'author_name': 'Crypto Malta', 'author_url': 'https://www.youtube.com/channel/UCCHf7NM4Zi_tAtyQewrpUGA', 'height': 200, 'html': '&lt;iframe width=""356"" height=""200"" src=""https://www.youtube.com/embed/kE2LIbfL49M?feature=oembed&amp;enablejsapi=1"" frameborder=""0"" allow=""accelerometer; autoplay; clipboard-write; encrypted-media; gyroscope; picture-in-picture"" allowfullscreen&gt;&lt;/iframe&gt;', 'provider_name': 'YouTube', 'provider_url': 'https://www.youtube.com/', 'thumbnail_height': 360, 'thumbnail_url': 'https://i.ytimg.com/vi/kE2LIbfL49M/hqdefault.jpg', 'thumbnail_width': 480, 'title': 'Bitcoin and Altcoins Price Prediction (SHIBA, GMT, IOTX, CHR, LUNA, ALICE, LRC, SCRT, MBOX, APECOIN)', 'type': 'video', 'version': '1.0', 'width': 356}, 'type': 'youtube.com'}","{'content': '&lt;iframe width=""356"" height=""200"" src=""https://www.youtube.com/embed/kE2LIbfL49M?feature=oembed&amp;enablejsapi=1"" frameborder=""0"" allow=""accelerometer; autoplay; clipboard-write; encrypted-media; gyroscope; picture-in-picture"" allowfullscreen&gt;&lt;/iframe&gt;', 'height': 200, 'scrolling': False, 'width': 356}","{'oembed': {'author_name': 'Crypto Malta', 'author_url': 'https://www.youtube.com/channel/UCCHf7NM4Zi_tAtyQewrpUGA', 'height': 200, 'html': '&lt;iframe width=""356"" height=""200"" src=""https://www.youtube.com/embed/kE2LIbfL49M?feature=oembed&amp;enablejsapi=1"" frameborder=""0"" allow=""accelerometer; autoplay; clipboard-write; encrypted-media; gyroscope; picture-in-picture"" allowfullscreen&gt;&lt;/iframe&gt;', 'provider_name': 'YouTube', 'provider_url': 'https://www.youtube.com/', 'thumbnail_height': 360, 'thumbnail_url': 'https://i.ytimg.com/vi/kE2LIbfL49M/hqdefault.jpg', 'thumbnail_width': 480, 'title': 'Bitcoin and Altcoins Price Prediction (SHIBA, GMT, IOTX, CHR, LUNA, ALICE, LRC, SCRT, MBOX, APECOIN)', 'type': 'video', 'version': '1.0', 'width': 356}, 'type': 'youtube.com'}","{'content': '&lt;iframe width=""356"" height=""200"" src=""https://www.youtube.com/embed/kE2LIbfL49M?feature=oembed&amp;enablejsapi=1"" frameborder=""0"" allow=""accelerometer; autoplay; clipboard-write; encrypted-media; gyroscope; picture-in-picture"" allowfullscreen&gt;&lt;/iframe&gt;', 'height': 200, 'media_domain_url': 'https://www.redditmedia.com/mediaembed/ufvlq9', 'scrolling': False, 'width': 356}",,
5,[],False,Square-Vehicle8373,,[],,text,t2_a42lvnff,False,False,False,[],False,False,1651393900,self.terraluna,https://www.reddit.com/r/terraluna/comments/ufvicl/cli_wallet_restore_with_console_in_linux/,{},ufvicl,False,True,False,False,False,True,True,False,#dadada,[],773e7b1a-be27-11eb-a721-0eb5d708beb5,Terra Ecosystem,dark,text,False,False,True,0,0,False,all_ads,/r/terraluna/comments/ufvicl/cli_wallet_restore_with_console_in_linux/,False,,,6,1651393910,1,"Hey. I have made a Wallet in the console once Back some time. I have the Passphrase, how do I get my Wallet Up again, so i can send it to bnc for Staking (i know, but i Like the usability of Staking everything there).
Its like 0,4 Luna, so its not life threatening, but would be cool If i could stake IT instead of IT sleeping.
Maybe someone can Help, didnt find something about IT.
Dont send me scams.

Thanks",True,False,False,terraluna,t5_2y4t5,39482,public,self,,,CLI Wallet restore with console in Linux,0,[],1.0,https://www.reddit.com/r/terraluna/comments/ufvicl/cli_wallet_restore_with_console_in_linux/,,all_ads,6,1651365100.0,,,,,,,,
6,[],False,shackra,,[],,text,t2_6qm9r,False,False,False,[],False,False,1651388508,self.terraluna,https://www.reddit.com/r/terraluna/comments/ufu96h/whats_the_difference_between_sending_luna_through/,{},ufu96h,False,True,False,False,False,True,True,False,#dadada,[],773e7b1a-be27-11eb-a721-0eb5d708beb5,Terra Ecosystem,dark,text,False,False,False,0,0,False,all_ads,/r/terraluna/comments/ufu96h/whats_the_difference_between_sending_luna_through/,False,,,6,1651388519,1,"Was 100% able to send UST and some Luna for gas fees to Keplr in the Terra (Beta) network, but I saw the ""Use Terra Bridge for interchain transfers"" and was curious.

I saw you can send from Terra to another Terra wallet, I don't think this is an interchain transfer! So sending Luna from there would work as a normal transfer done from any conventional wallet (like Terra Station), right?",True,False,False,terraluna,t5_2y4t5,39479,public,self,,,What's the difference between sending Luna through Terra Bridge to my Terra address in Keplr and just sending Luna from the Terra Station wallet?,0,[],1.0,https://www.reddit.com/r/terraluna/comments/ufu96h/whats_the_difference_between_sending_luna_through/,,all_ads,6,1651359708.0,,,,,,,,
7,[],False,uncommonname17,,[],,text,t2_lqrkrwnr,False,False,False,[],False,False,1651379364,self.terraluna,https://www.reddit.com/r/terraluna/comments/ufs0ov/any_special_reason_anc_price_is_sinking/,{},ufs0ov,False,True,False,False,False,True,True,False,#7193ff,[],844cbda8-be27-11eb-b4ba-0e4cc1e38c35,Discussion,dark,text,False,False,True,0,0,False,all_ads,/r/terraluna/comments/ufs0ov/any_special_reason_anc_price_is_sinking/,False,,,6,1651379374,1,Is there any special reason ANC price is sinking so fast?,True,False,False,terraluna,t5_2y4t5,39474,public,self,,,Any special reason ANC price is sinking?,0,[],1.0,https://www.reddit.com/r/terraluna/comments/ufs0ov/any_special_reason_anc_price_is_sinking/,,all_ads,6,1651350564.0,,,,,,,,
8,[],False,leutcaptali,,[],,text,t2_ftvi8,False,False,False,[],False,False,1651378234,i.redd.it,https://www.reddit.com/r/terraluna/comments/ufrpm1/triple_bottom_sounds_good_to_me/,{},ufrpm1,False,False,False,False,True,False,False,False,#7193ff,[],844cbda8-be27-11eb-b4ba-0e4cc1e38c35,Discussion,dark,text,False,False,True,0,0,False,all_ads,/r/terraluna/comments/ufrpm1/triple_bottom_sounds_good_to_me/,False,image,"{'enabled': True, 'images': [{'id': 'M2Yq8ZOvnezypNY_TN7BCeEHmZzQr8L1U0Vnsvthy-c', 'resolutions': [{'height': 59, 'url': 'https://preview.redd.it/drrbvnethsw81.jpg?width=108&amp;crop=smart&amp;auto=webp&amp;s=4d454fd10a5d18577a4928c71ca2bb925c4d5552', 'width': 108}, {'height': 118, 'url': 'https://preview.redd.it/drrbvnethsw81.jpg?width=216&amp;crop=smart&amp;auto=webp&amp;s=2d2669dee4dd1ab4e0ecee0dcb1078adf2890213', 'width': 216}, {'height': 175, 'url': 'https://preview.redd.it/drrbvnethsw81.jpg?width=320&amp;crop=smart&amp;auto=webp&amp;s=db0a4b090961072092b154a43f74f1ed3649f9c4', 'width': 320}, {'height': 351, 'url': 'https://preview.redd.it/drrbvnethsw81.jpg?width=640&amp;crop=smart&amp;auto=webp&amp;s=6181f4715a787b97963f53c1d6aeb92bdefef708', 'width': 640}, {'height': 527, 'url': 'https://preview.redd.it/drrbvnethsw81.jpg?width=960&amp;crop=smart&amp;auto=webp&amp;s=b7cfda107e9b4736db7d7398ad439108440128b2', 'width': 960}, {'height': 593, 'url': 'https://preview.redd.it/drrbvnethsw81.jpg?width=1080&amp;crop=smart&amp;auto=webp&amp;s=af328ee120a46bd3312283b4e93c490285ec7eb6', 'width': 1080}], 'source': {'height': 898, 'url': 'https://preview.redd.it/drrbvnethsw81.jpg?auto=webp&amp;s=93b27cc31550508a4768b79ca4f81ed5544fb00e', 'width': 1633}, 'variants': {}}]}",6,1651378244,1,,True,False,False,terraluna,t5_2y4t5,39474,public,https://b.thumbs.redditmedia.com/NwfQNuBU5PPTVzlHzQiIsnt5mTSKWGGjRoKgonoVXqo.jpg,76.0,140.0,Triple bottom sounds good to meâ€¦,0,[],1.0,https://i.redd.it/drrbvnethsw81.jpg,https://i.redd.it/drrbvnethsw81.jpg,all_ads,6,1651349434.0,,,,,,,reddit,
9,[],False,insignia200,,[],,text,t2_lvvai,False,False,False,[],False,False,1651372214,self.terraluna,https://www.reddit.com/r/terraluna/comments/ufq2qv/wheres_the_best_place_to_stake_luna/,{},ufq2qv,False,True,False,False,False,True,True,False,#7193ff,[],844cbda8-be27-11eb-b4ba-0e4cc1e38c35,Discussion,dark,text,False,False,True,0,0,False,all_ads,/r/terraluna/comments/ufq2qv/wheres_the_best_place_to_stake_luna/,False,,,6,1651372225,1,"Considering things like APY, airdrops, etc.",True,False,False,terraluna,t5_2y4t5,39470,public,self,,,Whereâ€™s the best place to stake LUNA?,0,[],1.0,https://www.reddit.com/r/terraluna/comments/ufq2qv/wheres_the_best_place_to_stake_luna/,,all_ads,6,1651343414.0,,,,,,,,
10,[],False,ambitious_runoff,,[],,text,t2_8msn2xw3,False,False,False,[],False,False,1651368479,self.terraluna,https://www.reddit.com/r/terraluna/comments/ufozzg/need_help_in_getting_to_know_some_things_about_my/,{},ufozzg,False,True,False,False,False,True,True,False,#ea0027,[],e2e89fae-d1ae-11eb-ac7c-0eaa7b7dd161,Support,light,text,False,False,False,1,0,False,all_ads,/r/terraluna/comments/ufozzg/need_help_in_getting_to_know_some_things_about_my/,False,,,6,1651368490,1,"I just burn my Bluna and I canâ€™t find  any Luna or Bluna in my wallet , 
1.I read here it will take 21days for me to see 
2.I will also have to click on withdrawals to see ( which I donâ€™t know how or where  ) 
3.will the Luna be withdrawn to my wallet or I will have paste my address while withdrawing 
??????????
Please can someone Help me out and give me full details on how this will go I canâ€™t afford to lose the funds 
Thanks in advance",True,False,False,terraluna,t5_2y4t5,39467,public,self,,,Need help in getting to know some things about my unbond Luna,0,[],1.0,https://www.reddit.com/r/terraluna/comments/ufozzg/need_help_in_getting_to_know_some_things_about_my/,,all_ads,6,1651339679.0,,,,,,,,
11,[],False,HelveticaTwitch,,[],,text,t2_yrng3,False,False,False,[],False,False,1651367206,self.terraluna,https://www.reddit.com/r/terraluna/comments/ufomwx/astro_wars_about_to_kick_off_next_week/,{},ufomwx,False,True,False,False,False,True,True,False,#7193ff,[],844cbda8-be27-11eb-b4ba-0e4cc1e38c35,Discussion,dark,text,False,False,True,0,0,False,all_ads,/r/terraluna/comments/ufomwx/astro_wars_about_to_kick_off_next_week/,False,,,6,1651367216,1,"With a number of protocols setting up to launch their astro wars convex product soon, what's everyones strategy? In my eyes the two frontrunners are retrograde and apollo protocol, but orion is the first to launch with their xastro staking already live. Convex has proven, at least in the curve wars, that this will most likely end in a winner take most scenario so picking the right side of the astro war will probaby be important. Interested to hear everyones thoughts!",True,False,False,terraluna,t5_2y4t5,39465,public,self,,,Astro wars about to kick off next week.,0,[],1.0,https://www.reddit.com/r/terraluna/comments/ufomwx/astro_wars_about_to_kick_off_next_week/,,all_ads,6,1651338406.0,,,,,,,,
12,[],False,Fantastic-Ad548,,[],,text,t2_b0fx13pj,False,False,False,[],False,False,1651361584,i.redd.it,https://www.reddit.com/r/terraluna/comments/ufmvxp/luna_and_ust_are_in_the_top_10_at_the_same_time/,{},ufmvxp,False,False,False,False,True,False,False,False,#0079d3,[],03824094-abf3-11eb-b835-0e8771f36147,Updates,light,text,False,False,True,0,0,False,all_ads,/r/terraluna/comments/ufmvxp/luna_and_ust_are_in_the_top_10_at_the_same_time/,False,image,"{'enabled': True, 'images': [{'id': 'S11jwjzjDXV9hSYXNXlXmAl5CJsmglTo1llFAKxRK8Y', 'resolutions': [{'height': 166, 'url': 'https://preview.redd.it/1xlmog1b4rw81.jpg?width=108&amp;crop=smart&amp;auto=webp&amp;s=969f8df222c10ebae2cb58af2456df7f5415410d', 'width': 108}, {'height': 333, 'url': 'https://preview.redd.it/1xlmog1b4rw81.jpg?width=216&amp;crop=smart&amp;auto=webp&amp;s=aac57956bc145212831742ee6e4bb494b35ff2e4', 'width': 216}, {'height': 494, 'url': 'https://preview.redd.it/1xlmog1b4rw81.jpg?width=320&amp;crop=smart&amp;auto=webp&amp;s=63fa8c88f596f05839ced1cff208365295f3b986', 'width': 320}, {'height': 988, 'url': 'https://preview.redd.it/1xlmog1b4rw81.jpg?width=640&amp;crop=smart&amp;auto=webp&amp;s=3e0af4bd4f3b6000e81a0eb94596bfb90b84e174', 'width': 640}, {'height': 1482, 'url': 'https://preview.redd.it/1xlmog1b4rw81.jpg?width=960&amp;crop=smart&amp;auto=webp&amp;s=be8dd2d8fbbbcf31de58449ea7c4e1d7bf07bfcc', 'width': 960}, {'height': 1667, 'url': 'https://preview.redd.it/1xlmog1b4rw81.jpg?width=1080&amp;crop=smart&amp;auto=webp&amp;s=d605b58e8cec05c2e0fc82f02df24b7c1f37a6f3', 'width': 1080}], 'source': {'height': 1737, 'url': 'https://preview.redd.it/1xlmog1b4rw81.jpg?auto=webp&amp;s=8c3637363b71b2f73d6d79b7f309b1b1b49fd694', 'width': 1125}, 'variants': {}}]}",6,1651361594,1,,True,False,False,terraluna,t5_2y4t5,39465,public,https://a.thumbs.redditmedia.com/UCStFJyk6aZ-JvLZKh390OSMENSAZPV-ylVEor2bPI8.jpg,140.0,140.0,LUNA and UST are in the top 10 at the same time ðŸ’¥,0,[],1.0,https://i.redd.it/1xlmog1b4rw81.jpg,https://i.redd.it/1xlmog1b4rw81.jpg,all_ads,6,1651332784.0,,,,,,,reddit,
13,[],False,Topjon86,,[],,text,t2_g3nguj1t,False,False,False,[],False,False,1651353493,self.terraluna,https://www.reddit.com/r/terraluna/comments/ufkb1f/problem_with_terra_bridge_getting_ust_from_my/,{},ufkb1f,False,True,False,False,False,True,True,False,#dadada,[],773e7b1a-be27-11eb-a721-0eb5d708beb5,Terra Ecosystem,dark,text,False,False,True,0,0,False,all_ads,/r/terraluna/comments/ufkb1f/problem_with_terra_bridge_getting_ust_from_my/,False,,,6,1651353504,1,"I have transfered 500+ UST from Coinbase to MetaMask and it is there in Etherium Mainnet.  When I open Terra Bridge I connected MetaMask (Etherium Mainnet) and set the from to Etherium and select Terra in to, Asset to UST  it showes 0 UST.  My wallet address is in the upper right hand box and Metamask says it is connected to Terra bridge but no UST showes up.  I have hit refresh disconnedted the wallet and reconnected it but nothing seems to work.  I used this procedure about a month ago and it worked fine. I am trying to get UST in my terra wallet to add to my stake in Anchor Protocol.  Am I doing sometning wrong??  Topjon86   Jon Davidson",True,False,False,terraluna,t5_2y4t5,39457,public,self,,,Problem with Terra Bridge getting UST from my MetaMask act to Terra Bridge,0,[],1.0,https://www.reddit.com/r/terraluna/comments/ufkb1f/problem_with_terra_bridge_getting_ust_from_my/,,all_ads,6,1651324693.0,,,,,,,,
14,[],False,TeamKujira,,[],,text,t2_kqs6bbus,False,False,False,[],False,False,1651350021,self.TeamKujira,https://www.reddit.com/r/terraluna/comments/ufj6vl/a_celebration_of_the_kujira_protocols_first_5/,{},ufj6vl,False,True,False,False,False,True,False,False,#dadada,[],773e7b1a-be27-11eb-a721-0eb5d708beb5,Terra Ecosystem,dark,text,False,False,True,0,0,False,all_ads,/r/terraluna/comments/ufj6vl/a_celebration_of_the_kujira_protocols_first_5/,False,,,6,1651350032,1,,True,False,False,terraluna,t5_2y4t5,39455,public,default,,,A Celebration of the Kujira Protocol's first 5 months,0,[],1.0,/r/TeamKujira/comments/ufihvl/a_celebration_of_the_kujira_protocols_first_5/,/r/TeamKujira/comments/ufihvl/a_celebration_of_the_kujira_protocols_first_5/,all_ads,6,1651321221.0,t3_ufihvl,"[{'all_awardings': [], 'allow_live_comments': False, 'approved_at_utc': None, 'approved_by': None, 'archived': False, 'author': 'TeamKujira', 'author_flair_background_color': '', 'author_flair_css_class': None, 'author_flair_richtext': [], 'author_flair_template_id': None, 'author_flair_text': 'OG', 'author_flair_text_color': 'dark', 'author_flair_type': 'text', 'author_fullname': 't2_kqs6bbus', 'author_is_blocked': False, 'author_patreon_flair': False, 'author_premium': False, 'awarders': [], 'banned_at_utc': None, 'banned_by': None, 'can_gild': True, 'can_mod_post': False, 'category': None, 'clicked': False, 'content_categories': None, 'contest_mode': False, 'created': 1651347880.0, 'created_utc': 1651347880.0, 'discussion_type': None, 'distinguished': None, 'domain': 'self.TeamKujira', 'downs': 0, 'edited': False, 'gilded': 0, 'gildings': {}, 'hidden': False, 'hide_score': True, 'id': 'ufihvl', 'is_created_from_ads_ui': False, 'is_crosspostable': True, 'is_meta': False, 'is_original_content': False, 'is_reddit_media_domain': False, 'is_robot_indexable': True, 'is_self': True, 'is_video': False, 'likes': None, 'link_flair_background_color': '#33b9dc', 'link_flair_css_class': '', 'link_flair_richtext': [], 'link_flair_template_id': '0683a24c-c8a8-11ec-92d4-2e400ef9154f', 'link_flair_text': 'Announcements', 'link_flair_text_color': 'dark', 'link_flair_type': 'text', 'locked': False, 'media': None, 'media_embed': {}, 'media_only': False, 'mod_note': None, 'mod_reason_by': None, 'mod_reason_title': None, 'mod_reports': [], 'name': 't3_ufihvl', 'no_follow': True, 'num_comments': 0, 'num_crossposts': 1, 'num_reports': None, 'over_18': False, 'parent_whitelist_status': None, 'permalink': '/r/TeamKujira/comments/ufihvl/a_celebration_of_the_kujira_protocols_first_5/', 'pinned': False, 'pwls': None, 'quarantine': False, 'removal_reason': None, 'removed_by': None, 'removed_by_category': None, 'report_reasons': None, 'saved': False, 'score': 2, 'secure_media': None, 'secure_media_embed': {}, 'selftext': ""Let's have a super detailed look back over what the team and the community have together managed to accomplish in our first 5 months together.\n\nTo start off, ***unlike most other DeFi projects, we now have a sustainable revenue model***. ***Instead of providing protocol stakers with KUJI tokens as their staking yield, we reward them with the in-demand assets actually used across Kujira dApps. In 5 months, this turned out to be over*** ***1.63 million UST worth in Protocol Revenue*** **mostly from apex assets such as** ***bLUNA, bETH, wasAVAX, bATOM, and aUST, 100% of which were proportionally distributed back to sKUJI holders. Our growth is also increasing as we continue to build out. In fact, in just the past month, we've tripled our overall protocol revenue.***\n\n***We were the first Terra Protocol to have a cross-chain partnership with a Polkadot/Kusama parachain/parathread: Acala/Karura***.\n\n***We approached the Anchor Protocol team and decentralized their liquidations bidding process from fewer than 10 mega whale participants who ran expensive bots that competed on speed to more than 50,000 users who now have access to a decentralized liquidations queue that does not need advanced bots or blockchain coding expertise to utilize. In doing so, we reduced the average Anchor liquidation from a 30% premium that whales simply dumped on the market to around a 4% premium on average greatly reducing flash crash and liquidation cascade risk while helping protect the UST peg.*** \n\n***We've launched three audited dApps***, ***BLUE*** (our governance portal/native DEX whale for swapping between UST/LOOP/aUST/KUJI/sKUJI) and have given it a ***fancy transparent dashboard*** full of useful ***information on the overall sKUJI pool breakdown, KUJI emissions, the KUJI real-time tokenomics distribution, user's personal sKUJI share breakdowns, and chart that tracks the uptrending KUJI per sKUJI swap ratio over time which strongly correlates with sKUJI bonding yield***; ***ORCA*** (our cross-chain democratized liquidation whale) that allows users to ***bid on liquidations in a transparent, publicly accessible manner for a basket of quickly expanding assets 9 already available (and bSOL, LKSM, KSM, KAR, and native AVAX*** ***to be added soon among many others in the future***) and accompanying ***basic analytics and premium dashboard full of next level valuable Kujira proprietary data analytics (that can be very helpful in predicting &amp; anticipating future liquidations while also tracking bid history, overall profit, projected APY, relative performance to market trends at times of ORCA bid fill, detailed statistics about ORCA premium pool fills for each asset, etc.)*** and also innovated with ***aUST bidding which currently allows our users to earn around 15% APR in Anchor interest on their bids while waiting for them to fill instead of risking the Anchor risk-free earn rate as lost opportunity cost while bidding (and of course Dale the Mail Whale our helpful Telegram bot and twitter friend who notifies anyone who follows or subscribes about associated Kujira protocol liquidations)***; and ***BELUGA*** which so far has allowed for convenient distribution of native Terra and CW-20 assets to hundreds or even thousands of wallets in one low fee transaction that charges 0.1% as the distribution fee.\n\nSome other cool things to note:  ***we*** ***added wasAVAX to ORCA as liquidatable collateral 24 hours before it was live on Anchor (same for bATOM);*** created an ***audited Kujira CosmWasm Liquidation Contract which allows any Cosmos money market to integrate with the democratized publicly accessible Kuijra liquidations queue in under 10 minutes;*** created an ***audited Kujira EVM Liquidation Contract that allows any EVM money market to integrate*** with us just as easily; have created innovative ***apex asset liquid staking ETF style liquidity pool governance token sKUJI*** building on the advancements by SushiSwap and Olympus Dao which ***distributes all Kujira Protocol revenue proportionally to sKUJI holders***; ***brought KUJI to MEXC*** a centralized exchange; ***performed a one-time burn of 20% of the old KUJI max supply***, devised the means to turn ***sKUJI into liquidation-hedge-collateral that based on the Kujira revenue model will make sKUJI deflationary***, and (although this is in the near future within a few weeks) ***as the*** ***Starterra public IDO's daily linear emissions unlock comes to an end*** ***on May 19th*** ***we are leading up to a new fourth Kujira whale dApp that will revolutionize the centerpiece of DeFi!***\n\n***We plan for ORCA to be a cross-chain premium liquidation dApp that connects and supports all DeFi money markets. There are of course epic plans for ORCA involving full-fledged cross-chain implementation, bid strategy AI recommendations, automated cross-chain bid strategies, etc. and for BELUGA involving smart contract functionality (for trustless distribution) and eventually becoming a do it yourself venture capitalist (VC) platform or decentralized autonomous organization (DAO)***. ***Not to mention, the other dApp we have cooking for y'all***."", 'selftext_html': '&lt;!-- SC_OFF --&gt;&lt;div class=""md""&gt;&lt;p&gt;Let&amp;#39;s have a super detailed look back over what the team and the community have together managed to accomplish in our first 5 months together.&lt;/p&gt;\n\n&lt;p&gt;To start off, &lt;strong&gt;&lt;em&gt;unlike most other DeFi projects, we now have a sustainable revenue model&lt;/em&gt;&lt;/strong&gt;. &lt;strong&gt;&lt;em&gt;Instead of providing protocol stakers with KUJI tokens as their staking yield, we reward them with the in-demand assets actually used across Kujira dApps. In 5 months, this turned out to be over&lt;/em&gt;&lt;/strong&gt; &lt;strong&gt;&lt;em&gt;1.63 million UST worth in Protocol Revenue&lt;/em&gt;&lt;/strong&gt; &lt;strong&gt;mostly from apex assets such as&lt;/strong&gt; &lt;strong&gt;&lt;em&gt;bLUNA, bETH, wasAVAX, bATOM, and aUST, 100% of which were proportionally distributed back to sKUJI holders. Our growth is also increasing as we continue to build out. In fact, in just the past month, we&amp;#39;ve tripled our overall protocol revenue.&lt;/em&gt;&lt;/strong&gt;&lt;/p&gt;\n\n&lt;p&gt;&lt;strong&gt;&lt;em&gt;We were the first Terra Protocol to have a cross-chain partnership with a Polkadot/Kusama parachain/parathread: Acala/Karura&lt;/em&gt;&lt;/strong&gt;.&lt;/p&gt;\n\n&lt;p&gt;&lt;strong&gt;&lt;em&gt;We approached the Anchor Protocol team and decentralized their liquidations bidding process from fewer than 10 mega whale participants who ran expensive bots that competed on speed to more than 50,000 users who now have access to a decentralized liquidations queue that does not need advanced bots or blockchain coding expertise to utilize. In doing so, we reduced the average Anchor liquidation from a 30% premium that whales simply dumped on the market to around a 4% premium on average greatly reducing flash crash and liquidation cascade risk while helping protect the UST peg.&lt;/em&gt;&lt;/strong&gt; &lt;/p&gt;\n\n&lt;p&gt;&lt;strong&gt;&lt;em&gt;We&amp;#39;ve launched three audited dApps&lt;/em&gt;&lt;/strong&gt;, &lt;strong&gt;&lt;em&gt;BLUE&lt;/em&gt;&lt;/strong&gt; (our governance portal/native DEX whale for swapping between UST/LOOP/aUST/KUJI/sKUJI) and have given it a &lt;strong&gt;&lt;em&gt;fancy transparent dashboard&lt;/em&gt;&lt;/strong&gt; full of useful &lt;strong&gt;&lt;em&gt;information on the overall sKUJI pool breakdown, KUJI emissions, the KUJI real-time tokenomics distribution, user&amp;#39;s personal sKUJI share breakdowns, and chart that tracks the uptrending KUJI per sKUJI swap ratio over time which strongly correlates with sKUJI bonding yield&lt;/em&gt;&lt;/strong&gt;; &lt;strong&gt;&lt;em&gt;ORCA&lt;/em&gt;&lt;/strong&gt; (our cross-chain democratized liquidation whale) that allows users to &lt;strong&gt;&lt;em&gt;bid on liquidations in a transparent, publicly accessible manner for a basket of quickly expanding assets 9 already available (and bSOL, LKSM, KSM, KAR, and native AVAX&lt;/em&gt;&lt;/strong&gt; &lt;strong&gt;&lt;em&gt;to be added soon among many others in the future&lt;/em&gt;&lt;/strong&gt;) and accompanying &lt;strong&gt;&lt;em&gt;basic analytics and premium dashboard full of next level valuable Kujira proprietary data analytics (that can be very helpful in predicting &amp;amp; anticipating future liquidations while also tracking bid history, overall profit, projected APY, relative performance to market trends at times of ORCA bid fill, detailed statistics about ORCA premium pool fills for each asset, etc.)&lt;/em&gt;&lt;/strong&gt; and also innovated with &lt;strong&gt;&lt;em&gt;aUST bidding which currently allows our users to earn around 15% APR in Anchor interest on their bids while waiting for them to fill instead of risking the Anchor risk-free earn rate as lost opportunity cost while bidding (and of course Dale the Mail Whale our helpful Telegram bot and twitter friend who notifies anyone who follows or subscribes about associated Kujira protocol liquidations)&lt;/em&gt;&lt;/strong&gt;; and &lt;strong&gt;&lt;em&gt;BELUGA&lt;/em&gt;&lt;/strong&gt; which so far has allowed for convenient distribution of native Terra and CW-20 assets to hundreds or even thousands of wallets in one low fee transaction that charges 0.1% as the distribution fee.&lt;/p&gt;\n\n&lt;p&gt;Some other cool things to note:  &lt;strong&gt;&lt;em&gt;we&lt;/em&gt;&lt;/strong&gt; &lt;strong&gt;&lt;em&gt;added wasAVAX to ORCA as liquidatable collateral 24 hours before it was live on Anchor (same for bATOM);&lt;/em&gt;&lt;/strong&gt; created an &lt;strong&gt;&lt;em&gt;audited Kujira CosmWasm Liquidation Contract which allows any Cosmos money market to integrate with the democratized publicly accessible Kuijra liquidations queue in under 10 minutes;&lt;/em&gt;&lt;/strong&gt; created an &lt;strong&gt;&lt;em&gt;audited Kujira EVM Liquidation Contract that allows any EVM money market to integrate&lt;/em&gt;&lt;/strong&gt; with us just as easily; have created innovative &lt;strong&gt;&lt;em&gt;apex asset liquid staking ETF style liquidity pool governance token sKUJI&lt;/em&gt;&lt;/strong&gt; building on the advancements by SushiSwap and Olympus Dao which &lt;strong&gt;&lt;em&gt;distributes all Kujira Protocol revenue proportionally to sKUJI holders&lt;/em&gt;&lt;/strong&gt;; &lt;strong&gt;&lt;em&gt;brought KUJI to MEXC&lt;/em&gt;&lt;/strong&gt; a centralized exchange; &lt;strong&gt;&lt;em&gt;performed a one-time burn of 20% of the old KUJI max supply&lt;/em&gt;&lt;/strong&gt;, devised the means to turn &lt;strong&gt;&lt;em&gt;sKUJI into liquidation-hedge-collateral that based on the Kujira revenue model will make sKUJI deflationary&lt;/em&gt;&lt;/strong&gt;, and (although this is in the near future within a few weeks) &lt;strong&gt;&lt;em&gt;as the&lt;/em&gt;&lt;/strong&gt; &lt;strong&gt;&lt;em&gt;Starterra public IDO&amp;#39;s daily linear emissions unlock comes to an end&lt;/em&gt;&lt;/strong&gt; &lt;strong&gt;&lt;em&gt;on May 19th&lt;/em&gt;&lt;/strong&gt; &lt;strong&gt;&lt;em&gt;we are leading up to a new fourth Kujira whale dApp that will revolutionize the centerpiece of DeFi!&lt;/em&gt;&lt;/strong&gt;&lt;/p&gt;\n\n&lt;p&gt;&lt;strong&gt;&lt;em&gt;We plan for ORCA to be a cross-chain premium liquidation dApp that connects and supports all DeFi money markets. There are of course epic plans for ORCA involving full-fledged cross-chain implementation, bid strategy AI recommendations, automated cross-chain bid strategies, etc. and for BELUGA involving smart contract functionality (for trustless distribution) and eventually becoming a do it yourself venture capitalist (VC) platform or decentralized autonomous organization (DAO)&lt;/em&gt;&lt;/strong&gt;. &lt;strong&gt;&lt;em&gt;Not to mention, the other dApp we have cooking for y&amp;#39;all&lt;/em&gt;&lt;/strong&gt;.&lt;/p&gt;\n&lt;/div&gt;&lt;!-- SC_ON --&gt;', 'send_replies': True, 'spoiler': False, 'stickied': False, 'subreddit': 'TeamKujira', 'subreddit_id': 't5_60bqm9', 'subreddit_name_prefixed': 'r/TeamKujira', 'subreddit_subscribers': 43, 'subreddit_type': 'public', 'suggested_sort': None, 'thumbnail': 'self', 'thumbnail_height': None, 'thumbnail_width': None, 'title': ""A Celebration of the Kujira Protocol's first 5 months"", 'top_awarded_type': None, 'total_awards_received': 0, 'treatment_tags': [], 'ups': 2, 'upvote_ratio': 1.0, 'url': 'https://www.reddit.com/r/TeamKujira/comments/ufihvl/a_celebration_of_the_kujira_protocols_first_5/', 'user_reports': [], 'view_count': None, 'visited': False, 'whitelist_status': None, 'wls': None}]",,,,,,
15,[],False,OkComputer-1337,,[],,text,t2_kk1wgc86,False,False,False,[],False,False,1651346402,self.terraluna,https://www.reddit.com/r/terraluna/comments/ufi0s0/why_would_someone_be_a_validator_at_9_apy_when/,{},ufi0s0,False,True,False,False,False,True,True,False,#dadada,[],773e7b1a-be27-11eb-a721-0eb5d708beb5,Terra Ecosystem,dark,text,False,False,True,0,0,False,all_ads,/r/terraluna/comments/ufi0s0/why_would_someone_be_a_validator_at_9_apy_when/,False,,,6,1651346412,1,,True,False,False,terraluna,t5_2y4t5,39452,public,self,,,Why would someone be a validator at 9% APY when the same amount of money can get 19.5% on Anchor?,0,[],1.0,https://www.reddit.com/r/terraluna/comments/ufi0s0/why_would_someone_be_a_validator_at_9_apy_when/,,all_ads,6,1651317602.0,,,,,,,,
16,[],False,gadgetpimp,,[],,text,t2_7q73l6xa,False,False,False,[],False,False,1651344504,youtube.com,https://www.reddit.com/r/terraluna/comments/ufhdyf/how_to_keep_your_crypto_wallets_seed_phrase_safe/,{},ufhdyf,False,True,False,False,False,True,False,False,#7193ff,[],844cbda8-be27-11eb-b4ba-0e4cc1e38c35,Discussion,dark,text,False,False,True,0,0,False,all_ads,/r/terraluna/comments/ufhdyf/how_to_keep_your_crypto_wallets_seed_phrase_safe/,False,rich:video,"{'enabled': False, 'images': [{'id': 'Rce1cfU2qQBdouH7LUfWEcuyDs8qAd18qmFOQZB_8E4', 'resolutions': [{'height': 81, 'url': 'https://external-preview.redd.it/pyD3ZFYAm5DURfVLQre4Ry9QXCLSIf_pYWYeB41n0Nc.jpg?width=108&amp;crop=smart&amp;auto=webp&amp;s=08a6dd4c3ad0fc63fe42053c1ee89ce5e6f0510d', 'width': 108}, {'height': 162, 'url': 'https://external-preview.redd.it/pyD3ZFYAm5DURfVLQre4Ry9QXCLSIf_pYWYeB41n0Nc.jpg?width=216&amp;crop=smart&amp;auto=webp&amp;s=e0c314f7d36c68bff511653ed03447892a0b7d4a', 'width': 216}, {'height': 240, 'url': 'https://external-preview.redd.it/pyD3ZFYAm5DURfVLQre4Ry9QXCLSIf_pYWYeB41n0Nc.jpg?width=320&amp;crop=smart&amp;auto=webp&amp;s=7d2801be0f675d41e6d5b7c373ad2dcab60031bb', 'width': 320}], 'source': {'height': 360, 'url': 'https://external-preview.redd.it/pyD3ZFYAm5DURfVLQre4Ry9QXCLSIf_pYWYeB41n0Nc.jpg?auto=webp&amp;s=f391d87c72a4ed39fc1b9a478d7d3ca4a0dd14e1', 'width': 480}, 'variants': {}}]}",6,1651344515,1,,True,False,False,terraluna,t5_2y4t5,39447,public,https://b.thumbs.redditmedia.com/gcJsN4jTsciKjIk8I3j7UkPKOZhwbTvU_mMkUIhYFzk.jpg,105.0,140.0,How to keep Your Crypto Wallets Seed Phrase Safe,0,[],1.0,https://youtube.com/watch?v=Z6kPVNNYOzI&amp;feature=share,https://youtube.com/watch?v=Z6kPVNNYOzI&amp;feature=share,all_ads,6,1651315704.0,,,"{'oembed': {'author_name': 'GadgetPimp', 'author_url': 'https://www.youtube.com/c/techsavvy2100', 'height': 200, 'html': '&lt;iframe width=""356"" height=""200"" src=""https://www.youtube.com/embed/Z6kPVNNYOzI?feature=oembed&amp;enablejsapi=1"" frameborder=""0"" allow=""accelerometer; autoplay; clipboard-write; encrypted-media; gyroscope; picture-in-picture"" allowfullscreen&gt;&lt;/iframe&gt;', 'provider_name': 'YouTube', 'provider_url': 'https://www.youtube.com/', 'thumbnail_height': 360, 'thumbnail_url': 'https://i.ytimg.com/vi/Z6kPVNNYOzI/hqdefault.jpg', 'thumbnail_width': 480, 'title': 'How to keep Your Crypto Wallets Seed Phrase Safe', 'type': 'video', 'version': '1.0', 'width': 356}, 'type': 'youtube.com'}","{'content': '&lt;iframe width=""356"" height=""200"" src=""https://www.youtube.com/embed/Z6kPVNNYOzI?feature=oembed&amp;enablejsapi=1"" frameborder=""0"" allow=""accelerometer; autoplay; clipboard-write; encrypted-media; gyroscope; picture-in-picture"" allowfullscreen&gt;&lt;/iframe&gt;', 'height': 200, 'scrolling': False, 'width': 356}","{'oembed': {'author_name': 'GadgetPimp', 'author_url': 'https://www.youtube.com/c/techsavvy2100', 'height': 200, 'html': '&lt;iframe width=""356"" height=""200"" src=""https://www.youtube.com/embed/Z6kPVNNYOzI?feature=oembed&amp;enablejsapi=1"" frameborder=""0"" allow=""accelerometer; autoplay; clipboard-write; encrypted-media; gyroscope; picture-in-picture"" allowfullscreen&gt;&lt;/iframe&gt;', 'provider_name': 'YouTube', 'provider_url': 'https://www.youtube.com/', 'thumbnail_height': 360, 'thumbnail_url': 'https://i.ytimg.com/vi/Z6kPVNNYOzI/hqdefault.jpg', 'thumbnail_width': 480, 'title': 'How to keep Your Crypto Wallets Seed Phrase Safe', 'type': 'video', 'version': '1.0', 'width': 356}, 'type': 'youtube.com'}","{'content': '&lt;iframe width=""356"" height=""200"" src=""https://www.youtube.com/embed/Z6kPVNNYOzI?feature=oembed&amp;enablejsapi=1"" frameborder=""0"" allow=""accelerometer; autoplay; clipboard-write; encrypted-media; gyroscope; picture-in-picture"" allowfullscreen&gt;&lt;/iframe&gt;', 'height': 200, 'media_domain_url': 'https://www.redditmedia.com/mediaembed/ufhdyf', 'scrolling': False, 'width': 356}",,
17,[],False,nebling,,[],,text,t2_5t6p3p5,False,False,False,[],False,False,1651344118,self.terraluna,https://www.reddit.com/r/terraluna/comments/ufh97b/thoughts_on_this_guys_argument/,{},ufh97b,False,True,False,False,False,True,True,False,#7193ff,[],844cbda8-be27-11eb-b4ba-0e4cc1e38c35,Discussion,dark,text,False,False,True,0,0,False,all_ads,/r/terraluna/comments/ufh97b/thoughts_on_this_guys_argument/,False,self,"{'enabled': False, 'images': [{'id': 'MmUJe3Vk2GMMKrUp3_Tzy2mWRG5mJepXArzi7vE2Tuo', 'resolutions': [{'height': 108, 'url': 'https://external-preview.redd.it/5LGlxKPBZkYKTiXfBFayGSxCrWP92s2nxIGvff6VXSQ.jpg?width=108&amp;crop=smart&amp;auto=webp&amp;s=62c09ff8ff891b7c6dad4b26c31d2f7cdcf7c5f1', 'width': 108}], 'source': {'height': 140, 'url': 'https://external-preview.redd.it/5LGlxKPBZkYKTiXfBFayGSxCrWP92s2nxIGvff6VXSQ.jpg?auto=webp&amp;s=c7adca42aab69b3a36149ca74f4cb7c04ea5c8c5', 'width': 140}, 'variants': {}}]}",6,1651344128,1,"Some initials things I'd like to point out.

I have huge respect for Terra and Do Kwon. But I'm worried now after reading this

  
[https://twitter.com/JackNiewold/status/1512578913259737092](https://twitter.com/JackNiewold/status/1512578913259737092)

TLDR:

some quick points he mentions:

* The burn address/profits are going to Do Kwon's personal wallet
   * &amp;#x200B;

https://preview.redd.it/1ctwmv3knpw81.png?width=900&amp;format=png&amp;auto=webp&amp;s=5bff9a0774b3efebc9a0826e6be1b5d1271ed269

* The only thing that implies is like ""trust me, bro. I won't do anything""
* Some money was apparently minted ""out of thin air""

Want to know your guy's thoughts. Is this true? Are any counter points?",True,False,False,terraluna,t5_2y4t5,39447,public,https://b.thumbs.redditmedia.com/erLvfSW_A9MgSW1Y0zQ3VC0QnLXmulv7xjQj9vZRclM.jpg,96.0,140.0,Thoughts on this guy's argument?,0,[],1.0,https://www.reddit.com/r/terraluna/comments/ufh97b/thoughts_on_this_guys_argument/,,all_ads,6,1651315318.0,,,,,,,,"{'1ctwmv3knpw81': {'e': 'Image', 'id': '1ctwmv3knpw81', 'm': 'image/png', 'p': [{'u': 'https://preview.redd.it/1ctwmv3knpw81.png?width=108&amp;crop=smart&amp;auto=webp&amp;s=def37bc78f84cabfa734f4dc8ba953b2f4e45258', 'x': 108, 'y': 74}, {'u': 'https://preview.redd.it/1ctwmv3knpw81.png?width=216&amp;crop=smart&amp;auto=webp&amp;s=9e305196242a031ff1824917aa96b70b3c72f933', 'x': 216, 'y': 149}, {'u': 'https://preview.redd.it/1ctwmv3knpw81.png?width=320&amp;crop=smart&amp;auto=webp&amp;s=2d92d979d4eb31ccc1e10c4cd96b3d719cb1c38a', 'x': 320, 'y': 220}, {'u': 'https://preview.redd.it/1ctwmv3knpw81.png?width=640&amp;crop=smart&amp;auto=webp&amp;s=dbc882fd8998b5b0895e584729246d1e6de38a9c', 'x': 640, 'y': 441}], 's': {'u': 'https://preview.redd.it/1ctwmv3knpw81.png?width=900&amp;format=png&amp;auto=webp&amp;s=5bff9a0774b3efebc9a0826e6be1b5d1271ed269', 'x': 900, 'y': 621}, 'status': 'valid'}}"
18,[],False,The_Fixer_69,,[],,text,t2_cqrn1z18,False,False,False,[],False,False,1651336097,self.terraluna,https://www.reddit.com/r/terraluna/comments/ufelst/minimum_to_stake_on_terrastation/,{},ufelst,False,True,False,False,False,True,True,False,#dadada,[],773e7b1a-be27-11eb-a721-0eb5d708beb5,Terra Ecosystem,dark,text,False,False,True,0,0,False,all_ads,/r/terraluna/comments/ufelst/minimum_to_stake_on_terrastation/,False,,,6,1651336107,1,"Donâ€™t hate on me. I looked but the only buy info I can find is old, like before LUNA exploded. 

How many LUNA are required to stake as a minimum?

Thx",True,False,False,terraluna,t5_2y4t5,39443,public,self,,,Minimum to stake on Terrastation,0,[],1.0,https://www.reddit.com/r/terraluna/comments/ufelst/minimum_to_stake_on_terrastation/,,all_ads,6,1651307297.0,,,,,,,,
