,all_awardings,allow_live_comments,author,author_flair_background_color,author_flair_css_class,author_flair_richtext,author_flair_text,author_flair_text_color,author_flair_type,author_fullname,author_is_blocked,author_patreon_flair,author_premium,awarders,can_mod_post,contest_mode,created_utc,domain,full_link,gildings,id,is_created_from_ads_ui,is_crosspostable,is_meta,is_original_content,is_reddit_media_domain,is_robot_indexable,is_self,is_video,link_flair_background_color,link_flair_css_class,link_flair_richtext,link_flair_text,link_flair_text_color,link_flair_type,locked,media_only,no_follow,num_comments,num_crossposts,over_18,parent_whitelist_status,permalink,pinned,pwls,retrieved_on,score,selftext,send_replies,spoiler,stickied,subreddit,subreddit_id,subreddit_subscribers,subreddit_type,suggested_sort,thumbnail,title,total_awards_received,treatment_tags,upvote_ratio,url,url_overridden_by_dest,whitelist_status,wls,created,link_flair_template_id,removed_by_category,post_hint,preview,thumbnail_height,thumbnail_width,media,media_embed,secure_media,secure_media_embed,crosspost_parent,crosspost_parent_list
0,[],False,16431879196842,,Warning-level2-2,"[{'e': 'text', 't': 'Tin'}]",Tin,dark,richtext,t2_9ktf50et,False,False,False,[],False,False,1652109147,theblockcrypto.com,https://www.reddit.com/r/CryptoCurrency/comments/ultfvp/trader_doubles_down_on_10_million_bet_against_do/,{},ultfvp,False,True,False,False,False,True,False,False,,GENERAL-NEWS,"[{'e': 'text', 't': 'ðŸŸ¢ GENERAL-NEWS'}]",ðŸŸ¢ GENERAL-NEWS,dark,richtext,False,False,True,1,0,False,all_ads,/r/CryptoCurrency/comments/ultfvp/trader_doubles_down_on_10_million_bet_against_do/,False,6,1652109157,1,,True,False,False,CryptoCurrency,t5_2wlj3,4817247,public,new,default,Trader doubles down on $10 million bet against Do Kwon through LUNA short position,0,[],1.0,https://www.theblockcrypto.com/post/145739/trader-doubles-down-on-10-million-bet-against-do-kwon-by-shorting-luna,https://www.theblockcrypto.com/post/145739/trader-doubles-down-on-10-million-bet-against-do-kwon-by-shorting-luna,all_ads,6,1652080347.0,,,,,,,,,,,,
1,[],False,BLUTATO,,Warning-level2-2,"[{'e': 'text', 't': 'Tin'}]",Tin,dark,richtext,t2_z7hhm,False,False,False,[],False,False,1652098810,self.CryptoCurrency,https://www.reddit.com/r/CryptoCurrency/comments/ulpyjr/what_is_up_with_terraluna/,{},ulpyjr,False,False,False,False,False,False,True,False,#7193ff,DISCUSSION,"[{'e': 'text', 't': 'DISCUSSION'}]",DISCUSSION,dark,richtext,False,False,True,1,0,False,all_ads,/r/CryptoCurrency/comments/ulpyjr/what_is_up_with_terraluna/,False,6,1652098820,1,[removed],True,False,False,CryptoCurrency,t5_2wlj3,4816759,public,new,self,What is up with Terra(LUNA)?,0,[],1.0,https://www.reddit.com/r/CryptoCurrency/comments/ulpyjr/what_is_up_with_terraluna/,,all_ads,6,1652070010.0,87049662-0882-11e5-82e1-0e9d1a9f7761,moderator,,,,,,,,,,
2,[],False,ImaFreemason,,,"[{'e': 'text', 't': 'Platinum I ImaCryprohodler Investor, Trader'}]","Platinum I ImaCryprohodler Investor, Trader",dark,richtext,t2_4i7fj94m,False,False,False,[],False,False,1652096292,cryptopotato.com,https://www.reddit.com/r/CryptoCurrency/comments/ulp88v/luna_foundation_to_loan_15b_in_btc_and_ust_to/,{},ulp88v,False,False,False,False,False,False,False,False,#46d160,MARKETS,"[{'e': 'text', 't': 'MARKETS'}]",MARKETS,light,richtext,False,False,True,2,0,False,all_ads,/r/CryptoCurrency/comments/ulp88v/luna_foundation_to_loan_15b_in_btc_and_ust_to/,False,6,1652096303,1,,True,False,False,CryptoCurrency,t5_2wlj3,4816668,public,new,https://b.thumbs.redditmedia.com/NKHRi-FEeJJ3-gXXp1KPm5i8wKh7idqwckNZ30NVkVk.jpg,Luna Foundation to Loan $1.5B in BTC and UST to Defend Stablecoin's Peg,0,[],1.0,https://cryptopotato.com/luna-foundation-to-loan-1-5b-in-btc-and-ust-to-defend-stablecoins-peg/,https://cryptopotato.com/luna-foundation-to-loan-1-5b-in-btc-and-ust-to-defend-stablecoins-peg/,all_ads,6,1652067492.0,1a657c8c-e48d-11e5-a215-0e374d550989,moderator,link,"{'enabled': False, 'images': [{'id': 'WHcunJl7UufgJjHpmlL5DwRq5mLVGQQnCBT0Od_rA5o', 'resolutions': [{'height': 64, 'url': 'https://external-preview.redd.it/7-LLEq8BmADDOIX6oCc-BHE9KVVnV-bY89pw83glZOE.jpg?width=108&amp;crop=smart&amp;auto=webp&amp;s=71879029b78f88991571c12562182973d19ea9de', 'width': 108}, {'height': 129, 'url': 'https://external-preview.redd.it/7-LLEq8BmADDOIX6oCc-BHE9KVVnV-bY89pw83glZOE.jpg?width=216&amp;crop=smart&amp;auto=webp&amp;s=7c511b095c426e3d1091a1b5bab8897c7728c0ae', 'width': 216}, {'height': 191, 'url': 'https://external-preview.redd.it/7-LLEq8BmADDOIX6oCc-BHE9KVVnV-bY89pw83glZOE.jpg?width=320&amp;crop=smart&amp;auto=webp&amp;s=97d379c81a49f800504cf38b56deb6c8d3ecd458', 'width': 320}, {'height': 383, 'url': 'https://external-preview.redd.it/7-LLEq8BmADDOIX6oCc-BHE9KVVnV-bY89pw83glZOE.jpg?width=640&amp;crop=smart&amp;auto=webp&amp;s=9cb9bdc8579af2bf825debd05bec08dc1571869b', 'width': 640}, {'height': 575, 'url': 'https://external-preview.redd.it/7-LLEq8BmADDOIX6oCc-BHE9KVVnV-bY89pw83glZOE.jpg?width=960&amp;crop=smart&amp;auto=webp&amp;s=1785a6f08328b225335e92a1d306ead28168657c', 'width': 960}, {'height': 647, 'url': 'https://external-preview.redd.it/7-LLEq8BmADDOIX6oCc-BHE9KVVnV-bY89pw83glZOE.jpg?width=1080&amp;crop=smart&amp;auto=webp&amp;s=b5ff90fc00248b6fb85e9359ca06959ffe5cdf96', 'width': 1080}], 'source': {'height': 720, 'url': 'https://external-preview.redd.it/7-LLEq8BmADDOIX6oCc-BHE9KVVnV-bY89pw83glZOE.jpg?auto=webp&amp;s=befb112087e6e027bffcfb1daec6ae6d045e2832', 'width': 1201}, 'variants': {}}]}",83.0,140.0,,,,,,
3,[],False,Al_Zik1,,Warning-level2-2,"[{'e': 'text', 't': 'Tin | CC critic'}]",Tin | CC critic,dark,richtext,t2_a1nhhd1b,False,False,False,[],False,False,1652093542,cryptopotato.com,https://www.reddit.com/r/CryptoCurrency/comments/uloimj/luna_foundation_to_loan_15b_in_btc_and_ust_to/,{},uloimj,False,True,False,False,False,True,False,False,#0aa18f,NEWS,"[{'e': 'text', 't': 'GENERAL-NEWS'}]",GENERAL-NEWS,light,richtext,False,False,True,1,0,False,all_ads,/r/CryptoCurrency/comments/uloimj/luna_foundation_to_loan_15b_in_btc_and_ust_to/,False,6,1652093552,1,,True,False,False,CryptoCurrency,t5_2wlj3,4816547,public,new,https://b.thumbs.redditmedia.com/NKHRi-FEeJJ3-gXXp1KPm5i8wKh7idqwckNZ30NVkVk.jpg,Luna Foundation to Loan $1.5B in BTC and UST to Defend Stablecoin's Peg,0,[],1.0,https://cryptopotato.com/luna-foundation-to-loan-1-5b-in-btc-and-ust-to-defend-stablecoins-peg/,https://cryptopotato.com/luna-foundation-to-loan-1-5b-in-btc-and-ust-to-defend-stablecoins-peg/,all_ads,6,1652064742.0,f170aab2-246f-11ec-8143-429a193c9848,,link,"{'enabled': False, 'images': [{'id': 'WHcunJl7UufgJjHpmlL5DwRq5mLVGQQnCBT0Od_rA5o', 'resolutions': [{'height': 64, 'url': 'https://external-preview.redd.it/7-LLEq8BmADDOIX6oCc-BHE9KVVnV-bY89pw83glZOE.jpg?width=108&amp;crop=smart&amp;auto=webp&amp;s=71879029b78f88991571c12562182973d19ea9de', 'width': 108}, {'height': 129, 'url': 'https://external-preview.redd.it/7-LLEq8BmADDOIX6oCc-BHE9KVVnV-bY89pw83glZOE.jpg?width=216&amp;crop=smart&amp;auto=webp&amp;s=7c511b095c426e3d1091a1b5bab8897c7728c0ae', 'width': 216}, {'height': 191, 'url': 'https://external-preview.redd.it/7-LLEq8BmADDOIX6oCc-BHE9KVVnV-bY89pw83glZOE.jpg?width=320&amp;crop=smart&amp;auto=webp&amp;s=97d379c81a49f800504cf38b56deb6c8d3ecd458', 'width': 320}, {'height': 383, 'url': 'https://external-preview.redd.it/7-LLEq8BmADDOIX6oCc-BHE9KVVnV-bY89pw83glZOE.jpg?width=640&amp;crop=smart&amp;auto=webp&amp;s=9cb9bdc8579af2bf825debd05bec08dc1571869b', 'width': 640}, {'height': 575, 'url': 'https://external-preview.redd.it/7-LLEq8BmADDOIX6oCc-BHE9KVVnV-bY89pw83glZOE.jpg?width=960&amp;crop=smart&amp;auto=webp&amp;s=1785a6f08328b225335e92a1d306ead28168657c', 'width': 960}, {'height': 647, 'url': 'https://external-preview.redd.it/7-LLEq8BmADDOIX6oCc-BHE9KVVnV-bY89pw83glZOE.jpg?width=1080&amp;crop=smart&amp;auto=webp&amp;s=b5ff90fc00248b6fb85e9359ca06959ffe5cdf96', 'width': 1080}], 'source': {'height': 720, 'url': 'https://external-preview.redd.it/7-LLEq8BmADDOIX6oCc-BHE9KVVnV-bY89pw83glZOE.jpg?auto=webp&amp;s=befb112087e6e027bffcfb1daec6ae6d045e2832', 'width': 1201}, 'variants': {}}]}",83.0,140.0,,,,,,
4,[],False,Lewis_0683,,,"[{'e': 'text', 't': 'Platinum | QC: CC 256, BTC 37 | ADA 5'}]","Platinum | QC: CC 256, BTC 37 | ADA 5",dark,richtext,t2_a7vr0963,False,False,False,[],False,False,1652089989,theblockcrypto.com,https://www.reddit.com/r/CryptoCurrency/comments/ulnnd9/luna_foundation_guard_says_it_will_lend_out_15/,{},ulnnd9,False,True,False,False,False,True,False,False,,PROJECT-UPDATE,"[{'e': 'text', 't': 'ðŸŸ¢ PROJECT-UPDATE'}]",ðŸŸ¢ PROJECT-UPDATE,dark,richtext,False,False,True,1,0,False,all_ads,/r/CryptoCurrency/comments/ulnnd9/luna_foundation_guard_says_it_will_lend_out_15/,False,6,1652089999,1,,True,False,False,CryptoCurrency,t5_2wlj3,4816402,public,new,https://b.thumbs.redditmedia.com/ryrLKRW82lKgk_tEFgJhz99fHsrdnX46dsnexBRH3Ts.jpg,Luna Foundation Guard says it will lend out $1.5 billion in BTC and UST to defend stablecoin peg,0,[],1.0,https://www.theblockcrypto.com/linked/145705/luna-foundation-guard-says-it-will-lend-out-1-5-billion-in-btc-and-ust-to-defend-stablecoin-peg,https://www.theblockcrypto.com/linked/145705/luna-foundation-guard-says-it-will-lend-out-1-5-billion-in-btc-and-ust-to-defend-stablecoin-peg,all_ads,6,1652061189.0,,,link,"{'enabled': False, 'images': [{'id': 'oh8X59zWhM7_qTJXW49c1Dm38xcRyS-lf5IoFOHtjXc', 'resolutions': [{'height': 60, 'url': 'https://external-preview.redd.it/sS9wEIDCaj2Y83xsxeQ8o-CNcHAU1n2wN6mxexOLZj0.jpg?width=108&amp;crop=smart&amp;auto=webp&amp;s=f1b7cb582f51e8a4cdd4f175b4b14339e0459104', 'width': 108}, {'height': 121, 'url': 'https://external-preview.redd.it/sS9wEIDCaj2Y83xsxeQ8o-CNcHAU1n2wN6mxexOLZj0.jpg?width=216&amp;crop=smart&amp;auto=webp&amp;s=b0d86bcfd89eb6222dfd6a2c597db64bc0f97f83', 'width': 216}, {'height': 180, 'url': 'https://external-preview.redd.it/sS9wEIDCaj2Y83xsxeQ8o-CNcHAU1n2wN6mxexOLZj0.jpg?width=320&amp;crop=smart&amp;auto=webp&amp;s=f0ab8ad4b9b3aa2699853d6f16a52451ad4fe31f', 'width': 320}, {'height': 360, 'url': 'https://external-preview.redd.it/sS9wEIDCaj2Y83xsxeQ8o-CNcHAU1n2wN6mxexOLZj0.jpg?width=640&amp;crop=smart&amp;auto=webp&amp;s=2e3b6b3037ed472bc0b8d44e0528752ecdce0e2b', 'width': 640}, {'height': 540, 'url': 'https://external-preview.redd.it/sS9wEIDCaj2Y83xsxeQ8o-CNcHAU1n2wN6mxexOLZj0.jpg?width=960&amp;crop=smart&amp;auto=webp&amp;s=fd043318eac5fdafd4be0f5a63d55f26f092c7f3', 'width': 960}, {'height': 607, 'url': 'https://external-preview.redd.it/sS9wEIDCaj2Y83xsxeQ8o-CNcHAU1n2wN6mxexOLZj0.jpg?width=1080&amp;crop=smart&amp;auto=webp&amp;s=dd180aef1c993233e6602a6f9861c672d54acc98', 'width': 1080}], 'source': {'height': 1080, 'url': 'https://external-preview.redd.it/sS9wEIDCaj2Y83xsxeQ8o-CNcHAU1n2wN6mxexOLZj0.jpg?auto=webp&amp;s=6c2e240185592978100f6fb0cefa3b0db759208d', 'width': 1920}, 'variants': {}}]}",78.0,140.0,,,,,,
5,[],False,ChemicalGreek,,,[],,,text,t2_42blnkwd,False,False,False,[],False,False,1652087059,bitnewstoday.com,https://www.reddit.com/r/CryptoCurrency/comments/uln06z/luna_foundation_guard_says_it_will_lend_out_15/,{},uln06z,False,True,False,False,False,True,False,False,#0aa18f,NEWS,"[{'e': 'text', 't': 'GENERAL-NEWS'}]",GENERAL-NEWS,light,richtext,False,False,True,1,0,False,all_ads,/r/CryptoCurrency/comments/uln06z/luna_foundation_guard_says_it_will_lend_out_15/,False,6,1652087069,1,,True,False,False,CryptoCurrency,t5_2wlj3,4816284,public,new,default,Luna Foundation Guard says it will lend out $1.5 billion in BTC and UST to defend stablecoin peg,0,[],1.0,https://bitnewstoday.com/news/altcoins/6256943/,https://bitnewstoday.com/news/altcoins/6256943/,all_ads,6,1652058259.0,f170aab2-246f-11ec-8143-429a193c9848,,,,,,,,,,,
6,[],False,psyonixisajoke,,Warning-level2-2,"[{'e': 'text', 't': 'Tin'}]",Tin,dark,richtext,t2_2id069ax,False,False,False,[],False,False,1652084735,twitter.com,https://www.reddit.com/r/CryptoCurrency/comments/ulmibr/luna_foundation_guardlfg_is_selling_750m_in_btc/,{},ulmibr,False,False,False,False,False,False,False,False,#cc8b00,SPECULATION,"[{'e': 'text', 't': 'SPECULATION'}]",SPECULATION,light,richtext,False,False,True,0,0,False,all_ads,/r/CryptoCurrency/comments/ulmibr/luna_foundation_guardlfg_is_selling_750m_in_btc/,False,6,1652084745,1,,True,False,False,CryptoCurrency,t5_2wlj3,4816198,public,,https://a.thumbs.redditmedia.com/Ej2ZM6SELVFVtm3PzE9VFXCbUDQpnJ5FNXmOaloqTi8.jpg,Luna foundation guard(LFG) is selling 750M in btc to defend the ust peg. buckle up buckaroos the dump has only just begun,0,[],1.0,https://twitter.com/stablekwon/status/1523535887912513536,https://twitter.com/stablekwon/status/1523535887912513536,all_ads,6,1652055935.0,ebb30328-94d1-11eb-94d6-0e7d4f551e2d,automod_filtered,link,"{'enabled': False, 'images': [{'id': 'Mtc9Jf9qzquUbAZF-et0hI4zpuZtrRStWRtthrpyhNE', 'resolutions': [{'height': 108, 'url': 'https://external-preview.redd.it/yt_wfvKjw4nVDvnHsfNofUVIFOeaATFK8eAw61Ri8-o.jpg?width=108&amp;crop=smart&amp;auto=webp&amp;s=1bb5351e9da3f5945abed9c5f04dbecbe7ee80de', 'width': 108}], 'source': {'height': 140, 'url': 'https://external-preview.redd.it/yt_wfvKjw4nVDvnHsfNofUVIFOeaATFK8eAw61Ri8-o.jpg?auto=webp&amp;s=43c1a1d34e179a36d98c300023749cf6ecc08c5a', 'width': 140}, 'variants': {}}]}",140.0,140.0,"{'oembed': {'author_name': 'Do Kwon ðŸŒ•', 'author_url': 'https://twitter.com/stablekwon', 'cache_age': 3153600000, 'height': None, 'html': '&lt;blockquote class=""twitter-video""&gt;&lt;p lang=""en"" dir=""ltr""&gt;It may, if UST contracts from here&lt;br&gt;&lt;br&gt;Or LFG will buy more BTC if UST expands from here, which we think is the more likely outcome&lt;br&gt;&lt;br&gt;Either way, this action is clearly mandate for LFG&lt;/p&gt;&amp;mdash; Do Kwon ðŸŒ• (@stablekwon) &lt;a href=""https://twitter.com/stablekwon/status/1523535887912513536?ref_src=twsrc%5Etfw""&gt;May 9, 2022&lt;/a&gt;&lt;/blockquote&gt;\n&lt;script async src=""https://platform.twitter.com/widgets.js"" charset=""utf-8""&gt;&lt;/script&gt;\n', 'provider_name': 'Twitter', 'provider_url': 'https://twitter.com', 'type': 'rich', 'url': 'https://twitter.com/stablekwon/status/1523535887912513536', 'version': '1.0', 'width': 350}, 'type': 'twitter.com'}","{'content': '&lt;blockquote class=""twitter-video""&gt;&lt;p lang=""en"" dir=""ltr""&gt;It may, if UST contracts from here&lt;br&gt;&lt;br&gt;Or LFG will buy more BTC if UST expands from here, which we think is the more likely outcome&lt;br&gt;&lt;br&gt;Either way, this action is clearly mandate for LFG&lt;/p&gt;&amp;mdash; Do Kwon ðŸŒ• (@stablekwon) &lt;a href=""https://twitter.com/stablekwon/status/1523535887912513536?ref_src=twsrc%5Etfw""&gt;May 9, 2022&lt;/a&gt;&lt;/blockquote&gt;\n&lt;script async src=""https://platform.twitter.com/widgets.js"" charset=""utf-8""&gt;&lt;/script&gt;\n', 'height': 200, 'scrolling': False, 'width': 350}","{'oembed': {'author_name': 'Do Kwon ðŸŒ•', 'author_url': 'https://twitter.com/stablekwon', 'cache_age': 3153600000, 'height': None, 'html': '&lt;blockquote class=""twitter-video""&gt;&lt;p lang=""en"" dir=""ltr""&gt;It may, if UST contracts from here&lt;br&gt;&lt;br&gt;Or LFG will buy more BTC if UST expands from here, which we think is the more likely outcome&lt;br&gt;&lt;br&gt;Either way, this action is clearly mandate for LFG&lt;/p&gt;&amp;mdash; Do Kwon ðŸŒ• (@stablekwon) &lt;a href=""https://twitter.com/stablekwon/status/1523535887912513536?ref_src=twsrc%5Etfw""&gt;May 9, 2022&lt;/a&gt;&lt;/blockquote&gt;\n&lt;script async src=""https://platform.twitter.com/widgets.js"" charset=""utf-8""&gt;&lt;/script&gt;\n', 'provider_name': 'Twitter', 'provider_url': 'https://twitter.com', 'type': 'rich', 'url': 'https://twitter.com/stablekwon/status/1523535887912513536', 'version': '1.0', 'width': 350}, 'type': 'twitter.com'}","{'content': '&lt;blockquote class=""twitter-video""&gt;&lt;p lang=""en"" dir=""ltr""&gt;It may, if UST contracts from here&lt;br&gt;&lt;br&gt;Or LFG will buy more BTC if UST expands from here, which we think is the more likely outcome&lt;br&gt;&lt;br&gt;Either way, this action is clearly mandate for LFG&lt;/p&gt;&amp;mdash; Do Kwon ðŸŒ• (@stablekwon) &lt;a href=""https://twitter.com/stablekwon/status/1523535887912513536?ref_src=twsrc%5Etfw""&gt;May 9, 2022&lt;/a&gt;&lt;/blockquote&gt;\n&lt;script async src=""https://platform.twitter.com/widgets.js"" charset=""utf-8""&gt;&lt;/script&gt;\n', 'height': 200, 'media_domain_url': 'https://www.redditmedia.com/mediaembed/ulmibr', 'scrolling': False, 'width': 350}",,
7,[],False,Far-Scholar9028,,,"[{'e': 'text', 't': 'Platinum | QC: CC 243'}]",Platinum | QC: CC 243,dark,richtext,t2_6fmcdhuy,False,False,False,[],False,False,1652077434,coinmarketcap.com,https://www.reddit.com/r/CryptoCurrency/comments/ulkv6y/ust_battles_for_stability_as_traders_panic_luna/,{},ulkv6y,False,True,False,False,False,True,False,False,#7193ff,DISCUSSION,"[{'e': 'text', 't': 'DISCUSSION'}]",DISCUSSION,dark,richtext,False,False,True,1,0,False,all_ads,/r/CryptoCurrency/comments/ulkv6y/ust_battles_for_stability_as_traders_panic_luna/,False,6,1652077444,1,,True,False,False,CryptoCurrency,t5_2wlj3,4815939,public,new,https://b.thumbs.redditmedia.com/znObKKCfRcYDLGna1AQ7uQZyLPOM7nes4b6jFUX5X3o.jpg,"UST Battles for Stability as Traders Panic, LUNA Crashes, and Bitcoin Selloff Fears Grow | CoinMarketCap",0,[],1.0,https://coinmarketcap.com/alexandria/article/ust-battles-for-stability-as-traders-panic-luna-crashes-and-bitcoin-selloff-fears-grow,https://coinmarketcap.com/alexandria/article/ust-battles-for-stability-as-traders-panic-luna-crashes-and-bitcoin-selloff-fears-grow,all_ads,6,1652048634.0,87049662-0882-11e5-82e1-0e9d1a9f7761,,link,"{'enabled': False, 'images': [{'id': 'FU0Xgr6lWfF78PGpXMBZOQyxAx_Fv_1ECE713Cq0vEQ', 'resolutions': [{'height': 60, 'url': 'https://external-preview.redd.it/o4EmIoo0740_rG34TUGWXFJI1o38y_nr5Qe13RkwYCA.jpg?width=108&amp;crop=smart&amp;auto=webp&amp;s=495d83c166a3517058e95d19045b6d46dffaf698', 'width': 108}, {'height': 121, 'url': 'https://external-preview.redd.it/o4EmIoo0740_rG34TUGWXFJI1o38y_nr5Qe13RkwYCA.jpg?width=216&amp;crop=smart&amp;auto=webp&amp;s=2bb2511f63f4d675429405ec4b89e8de0cbd027f', 'width': 216}, {'height': 180, 'url': 'https://external-preview.redd.it/o4EmIoo0740_rG34TUGWXFJI1o38y_nr5Qe13RkwYCA.jpg?width=320&amp;crop=smart&amp;auto=webp&amp;s=52767a91ae542146ad9cb378d41954d5918a1396', 'width': 320}, {'height': 360, 'url': 'https://external-preview.redd.it/o4EmIoo0740_rG34TUGWXFJI1o38y_nr5Qe13RkwYCA.jpg?width=640&amp;crop=smart&amp;auto=webp&amp;s=20bc521cd1e2f8a524b854861c268da8bf2de28b', 'width': 640}], 'source': {'height': 423, 'url': 'https://external-preview.redd.it/o4EmIoo0740_rG34TUGWXFJI1o38y_nr5Qe13RkwYCA.jpg?auto=webp&amp;s=bbf6e2be35a5c3b1f3d4f1a70980b937619e0421', 'width': 752}, 'variants': {}}]}",78.0,140.0,,,,,,
8,[],False,-ASC-Vermilion,,Warning-level2-2,"[{'e': 'text', 't': 'Tin'}]",Tin,dark,richtext,t2_b2gvp47,False,False,False,[],False,False,1652066956,self.CryptoCurrency,https://www.reddit.com/r/CryptoCurrency/comments/uli7zv/the_latest_market_crash_might_not_be_because_of/,{},uli7zv,False,True,False,False,False,True,True,False,#cc8b00,SPECULATION,"[{'e': 'text', 't': 'SPECULATION'}]",SPECULATION,light,richtext,False,False,True,1,0,False,all_ads,/r/CryptoCurrency/comments/uli7zv/the_latest_market_crash_might_not_be_because_of/,False,6,1652066966,1,"As per this article: [https://decrypt.co/99704/terras-luna-declines-10-amid-ust-depegging-concern](https://decrypt.co/99704/terras-luna-declines-10-amid-ust-depegging-concern)

â€‹

UST and LUNA are in constant pressure and it looks like someone is deliberately trying to depeg UST in order to force Luna Foundation Guard (LFG) to sell their BTC reserve.

â€‹

The massive amount of BTC short positions opened in the last hours together with some weird massive buy walls on Binance spot market at certain price levels also might hint to a manipulative behaviour that aims to crash BTC through eventual LFG sell-off and take profit through the opened shorts. 

â€‹

Keep cautious. We donâ€™t know how institutions will react to this blatant manipulation. Next few days will be very bonky.",True,False,False,CryptoCurrency,t5_2wlj3,4815485,public,new,self,The latest market crash might not be because of institutions selling but rather whales manipulation with UST peg,0,[],1.0,https://www.reddit.com/r/CryptoCurrency/comments/uli7zv/the_latest_market_crash_might_not_be_because_of/,,all_ads,6,1652038156.0,ebb30328-94d1-11eb-94d6-0e7d4f551e2d,,self,"{'enabled': False, 'images': [{'id': 'Uk1_w0bj3qqr4wMog3ROGN97g0d5xQXJ_dmQPa7H-Jo', 'resolutions': [{'height': 54, 'url': 'https://external-preview.redd.it/HkoV2wE4Ic3aqdjCwI-lI4QwjgBBfJPpqGpzjHt3xaI.jpg?width=108&amp;crop=smart&amp;auto=webp&amp;s=359c74f894e18ef170331bd32237d9cd1ece4b64', 'width': 108}, {'height': 108, 'url': 'https://external-preview.redd.it/HkoV2wE4Ic3aqdjCwI-lI4QwjgBBfJPpqGpzjHt3xaI.jpg?width=216&amp;crop=smart&amp;auto=webp&amp;s=c4a66cdfea0c0c78094169338a8cf1471fd55892', 'width': 216}, {'height': 160, 'url': 'https://external-preview.redd.it/HkoV2wE4Ic3aqdjCwI-lI4QwjgBBfJPpqGpzjHt3xaI.jpg?width=320&amp;crop=smart&amp;auto=webp&amp;s=64614f847f2c8d6adecf71b5b547f896bcc92c8a', 'width': 320}, {'height': 320, 'url': 'https://external-preview.redd.it/HkoV2wE4Ic3aqdjCwI-lI4QwjgBBfJPpqGpzjHt3xaI.jpg?width=640&amp;crop=smart&amp;auto=webp&amp;s=6b7ad35f3e068a1419f4fa3e78050f9716b93f22', 'width': 640}, {'height': 480, 'url': 'https://external-preview.redd.it/HkoV2wE4Ic3aqdjCwI-lI4QwjgBBfJPpqGpzjHt3xaI.jpg?width=960&amp;crop=smart&amp;auto=webp&amp;s=e1b338a8b0930b87106ec689696c00616974d316', 'width': 960}], 'source': {'height': 512, 'url': 'https://external-preview.redd.it/HkoV2wE4Ic3aqdjCwI-lI4QwjgBBfJPpqGpzjHt3xaI.jpg?auto=webp&amp;s=a1f5e087af9d0f07853e9f340b0c537555092379', 'width': 1024}, 'variants': {}}]}",,,,,,,,
9,[],False,-ASC-Vermilion,,Warning-level2-2,"[{'e': 'text', 't': 'Tin'}]",Tin,dark,richtext,t2_b2gvp47,False,False,False,[],False,False,1652066395,self.CryptoCurrency,https://www.reddit.com/r/CryptoCurrency/comments/uli2fd/btc_latest_crash_might_be_due_to_a_huge/,{},uli2fd,False,True,False,False,False,True,True,False,#cc8b00,SPECULATION,"[{'e': 'text', 't': 'SPECULATION'}]",SPECULATION,light,richtext,False,False,True,1,0,False,all_ads,/r/CryptoCurrency/comments/uli2fd/btc_latest_crash_might_be_due_to_a_huge/,False,6,1652066405,1,"As per this article: [https://decrypt.co/99704/terras-luna-declines-10-amid-ust-depegging-concern](https://decrypt.co/99704/terras-luna-declines-10-amid-ust-depegging-concern)

&amp;#x200B;

UST and LUNA are in constant pressure and it looks like someone is deliberately trying to depeg UST in order to force Luna Foundation Guard (LFG) to sell their BTC reserve.

&amp;#x200B;

The massive amount of BTC short positions opened in the last hours together with some weird massive buy walls on Binance spot market at certain price levels also might hint to a manipulative behaviour that aims to crash BTC through eventual LFG sell-off and take profit through the opened shorts. 

&amp;#x200B;

Keep cautious. We donâ€™t know how institutions will react to this blatant manipulation. Next few days will be very bonky.",True,False,False,CryptoCurrency,t5_2wlj3,4815463,public,new,self,BTC latest crash might be due to a huge manipulation going with LUNA UST,0,[],1.0,https://www.reddit.com/r/CryptoCurrency/comments/uli2fd/btc_latest_crash_might_be_due_to_a_huge/,,all_ads,6,1652037595.0,ebb30328-94d1-11eb-94d6-0e7d4f551e2d,,self,"{'enabled': False, 'images': [{'id': 'Uk1_w0bj3qqr4wMog3ROGN97g0d5xQXJ_dmQPa7H-Jo', 'resolutions': [{'height': 54, 'url': 'https://external-preview.redd.it/HkoV2wE4Ic3aqdjCwI-lI4QwjgBBfJPpqGpzjHt3xaI.jpg?width=108&amp;crop=smart&amp;auto=webp&amp;s=359c74f894e18ef170331bd32237d9cd1ece4b64', 'width': 108}, {'height': 108, 'url': 'https://external-preview.redd.it/HkoV2wE4Ic3aqdjCwI-lI4QwjgBBfJPpqGpzjHt3xaI.jpg?width=216&amp;crop=smart&amp;auto=webp&amp;s=c4a66cdfea0c0c78094169338a8cf1471fd55892', 'width': 216}, {'height': 160, 'url': 'https://external-preview.redd.it/HkoV2wE4Ic3aqdjCwI-lI4QwjgBBfJPpqGpzjHt3xaI.jpg?width=320&amp;crop=smart&amp;auto=webp&amp;s=64614f847f2c8d6adecf71b5b547f896bcc92c8a', 'width': 320}, {'height': 320, 'url': 'https://external-preview.redd.it/HkoV2wE4Ic3aqdjCwI-lI4QwjgBBfJPpqGpzjHt3xaI.jpg?width=640&amp;crop=smart&amp;auto=webp&amp;s=6b7ad35f3e068a1419f4fa3e78050f9716b93f22', 'width': 640}, {'height': 480, 'url': 'https://external-preview.redd.it/HkoV2wE4Ic3aqdjCwI-lI4QwjgBBfJPpqGpzjHt3xaI.jpg?width=960&amp;crop=smart&amp;auto=webp&amp;s=e1b338a8b0930b87106ec689696c00616974d316', 'width': 960}], 'source': {'height': 512, 'url': 'https://external-preview.redd.it/HkoV2wE4Ic3aqdjCwI-lI4QwjgBBfJPpqGpzjHt3xaI.jpg?auto=webp&amp;s=a1f5e087af9d0f07853e9f340b0c537555092379', 'width': 1024}, 'variants': {}}]}",,,,,,,,
10,[],False,randomguy28282,,,[],,,text,t2_eib88635,False,False,False,[],False,False,1652063226,self.CryptoCurrency,https://www.reddit.com/r/CryptoCurrency/comments/ulh5k1/terra_luna_explained/,{},ulh5k1,False,False,False,False,False,False,True,False,#edd400,EDUCATIONAL,"[{'e': 'text', 't': 'EDUCATIONAL'}]",EDUCATIONAL,dark,richtext,False,False,True,2,0,False,all_ads,/r/CryptoCurrency/comments/ulh5k1/terra_luna_explained/,False,6,1652063236,1,[removed],True,False,False,CryptoCurrency,t5_2wlj3,4815298,public,new,self,Terra Luna Explained,0,[],1.0,https://www.reddit.com/r/CryptoCurrency/comments/ulh5k1/terra_luna_explained/,,all_ads,6,1652034426.0,fcc301e2-a5e0-11ec-82c9-06b6a4903a7e,moderator,,,,,,,,,,
11,[],False,AddAddAdd76,,,[],,,text,t2_ai1f32nd,False,False,False,[],False,False,1652044626,i.redd.it,https://www.reddit.com/r/CryptoCurrency/comments/ulbfzm/luna_one/,{},ulbfzm,False,True,False,False,True,True,False,False,#edd400,EDUCATIONAL,"[{'e': 'text', 't': 'EDUCATIONAL'}]",EDUCATIONAL,dark,richtext,False,False,True,2,0,False,all_ads,/r/CryptoCurrency/comments/ulbfzm/luna_one/,False,6,1652044636,1,,False,False,False,CryptoCurrency,t5_2wlj3,4814475,public,,https://a.thumbs.redditmedia.com/joewZscyoyT8rKcR4UOUaTFgK-LoeJycQzt2zjlPMp8.jpg,Luna one,0,[],1.0,https://i.redd.it/y9frpqp5bjx81.png,https://i.redd.it/y9frpqp5bjx81.png,all_ads,6,1652015826.0,fcc301e2-a5e0-11ec-82c9-06b6a4903a7e,,image,"{'enabled': True, 'images': [{'id': 'uP9_TroiPQ3ADX6KR-Z2TOXl3Os7UsLQRcIkl5fx6gc', 'resolutions': [{'height': 57, 'url': 'https://preview.redd.it/y9frpqp5bjx81.png?width=108&amp;crop=smart&amp;auto=webp&amp;s=8291a66beeda79f97fac5d3a77d405519ca319c8', 'width': 108}, {'height': 114, 'url': 'https://preview.redd.it/y9frpqp5bjx81.png?width=216&amp;crop=smart&amp;auto=webp&amp;s=146fd8b9b1528392e15e1eb950e4914cfa57582e', 'width': 216}, {'height': 170, 'url': 'https://preview.redd.it/y9frpqp5bjx81.png?width=320&amp;crop=smart&amp;auto=webp&amp;s=59f219923ba95c6c0931daf7c2699adfd38212a0', 'width': 320}, {'height': 340, 'url': 'https://preview.redd.it/y9frpqp5bjx81.png?width=640&amp;crop=smart&amp;auto=webp&amp;s=74818ba63d03922e65758c7401af8f430d068dc8', 'width': 640}, {'height': 510, 'url': 'https://preview.redd.it/y9frpqp5bjx81.png?width=960&amp;crop=smart&amp;auto=webp&amp;s=30a349c68e011def9d338708ae321eece1b3fdbd', 'width': 960}, {'height': 573, 'url': 'https://preview.redd.it/y9frpqp5bjx81.png?width=1080&amp;crop=smart&amp;auto=webp&amp;s=055940cb523a8514c32f9851a4120072faefb265', 'width': 1080}], 'source': {'height': 803, 'url': 'https://preview.redd.it/y9frpqp5bjx81.png?auto=webp&amp;s=801005233f1365701677cc4158eec000eb862a27', 'width': 1511}, 'variants': {}}]}",74.0,140.0,,,,,t3_uii723,"[{'all_awardings': [], 'allow_live_comments': False, 'approved_at_utc': None, 'approved_by': None, 'archived': False, 'author': 'AddAddAdd76', 'author_flair_background_color': None, 'author_flair_css_class': None, 'author_flair_richtext': [], 'author_flair_template_id': None, 'author_flair_text': None, 'author_flair_text_color': None, 'author_flair_type': 'text', 'author_fullname': 't2_ai1f32nd', 'author_is_blocked': False, 'author_patreon_flair': False, 'author_premium': False, 'awarders': [], 'banned_at_utc': None, 'banned_by': None, 'can_gild': True, 'can_mod_post': False, 'category': None, 'clicked': False, 'content_categories': None, 'contest_mode': False, 'created': 1651702886.0, 'created_utc': 1651702886.0, 'discussion_type': None, 'distinguished': None, 'domain': 'i.redd.it', 'downs': 0, 'edited': False, 'gilded': 0, 'gildings': {}, 'hidden': False, 'hide_score': False, 'id': 'uii723', 'is_created_from_ads_ui': False, 'is_crosspostable': True, 'is_meta': False, 'is_original_content': False, 'is_reddit_media_domain': True, 'is_robot_indexable': True, 'is_self': False, 'is_video': False, 'likes': None, 'link_flair_background_color': '', 'link_flair_css_class': None, 'link_flair_richtext': [], 'link_flair_text': None, 'link_flair_text_color': 'dark', 'link_flair_type': 'text', 'locked': False, 'media': None, 'media_embed': {}, 'media_only': False, 'mod_note': None, 'mod_reason_by': None, 'mod_reason_title': None, 'mod_reports': [], 'name': 't3_uii723', 'no_follow': False, 'num_comments': 0, 'num_crossposts': 5, 'num_reports': None, 'over_18': False, 'parent_whitelist_status': None, 'permalink': '/r/u_AddAddAdd76/comments/uii723/luna_one_presale_bonus/', 'pinned': False, 'post_hint': 'image', 'preview': {'enabled': True, 'images': [{'id': 'uP9_TroiPQ3ADX6KR-Z2TOXl3Os7UsLQRcIkl5fx6gc', 'resolutions': [{'height': 57, 'url': 'https://preview.redd.it/y9frpqp5bjx81.png?width=108&amp;crop=smart&amp;auto=webp&amp;s=8291a66beeda79f97fac5d3a77d405519ca319c8', 'width': 108}, {'height': 114, 'url': 'https://preview.redd.it/y9frpqp5bjx81.png?width=216&amp;crop=smart&amp;auto=webp&amp;s=146fd8b9b1528392e15e1eb950e4914cfa57582e', 'width': 216}, {'height': 170, 'url': 'https://preview.redd.it/y9frpqp5bjx81.png?width=320&amp;crop=smart&amp;auto=webp&amp;s=59f219923ba95c6c0931daf7c2699adfd38212a0', 'width': 320}, {'height': 340, 'url': 'https://preview.redd.it/y9frpqp5bjx81.png?width=640&amp;crop=smart&amp;auto=webp&amp;s=74818ba63d03922e65758c7401af8f430d068dc8', 'width': 640}, {'height': 510, 'url': 'https://preview.redd.it/y9frpqp5bjx81.png?width=960&amp;crop=smart&amp;auto=webp&amp;s=30a349c68e011def9d338708ae321eece1b3fdbd', 'width': 960}, {'height': 573, 'url': 'https://preview.redd.it/y9frpqp5bjx81.png?width=1080&amp;crop=smart&amp;auto=webp&amp;s=055940cb523a8514c32f9851a4120072faefb265', 'width': 1080}], 'source': {'height': 803, 'url': 'https://preview.redd.it/y9frpqp5bjx81.png?auto=webp&amp;s=801005233f1365701677cc4158eec000eb862a27', 'width': 1511}, 'variants': {}}]}, 'pwls': None, 'quarantine': False, 'removal_reason': None, 'removed_by': None, 'removed_by_category': None, 'report_reasons': None, 'saved': False, 'score': 3, 'secure_media': None, 'secure_media_embed': {}, 'selftext': '', 'selftext_html': None, 'send_replies': True, 'spoiler': False, 'stickied': False, 'subreddit': 'u_AddAddAdd76', 'subreddit_id': 't5_4bey62', 'subreddit_name_prefixed': 'u/AddAddAdd76', 'subreddit_subscribers': 0, 'subreddit_type': 'user', 'suggested_sort': 'qa', 'thumbnail': 'https://a.thumbs.redditmedia.com/joewZscyoyT8rKcR4UOUaTFgK-LoeJycQzt2zjlPMp8.jpg', 'thumbnail_height': 74, 'thumbnail_width': 140, 'title': 'LUNA ONE PRESALE+ BONUS https://cde.lunaone.com/invite?ref=UD23210', 'top_awarded_type': None, 'total_awards_received': 0, 'treatment_tags': [], 'ups': 3, 'upvote_ratio': 1.0, 'url': 'https://i.redd.it/y9frpqp5bjx81.png', 'url_overridden_by_dest': 'https://i.redd.it/y9frpqp5bjx81.png', 'user_reports': [], 'view_count': None, 'visited': False, 'whitelist_status': None, 'wls': None}]"
12,[],False,Gotestthat,,,"[{'e': 'text', 't': ' just some idiot'}]", just some idiot,dark,richtext,t2_eobq4lz,False,False,False,[],False,False,1652043714,self.CryptoCurrency,https://www.reddit.com/r/CryptoCurrency/comments/ulb48u/todays_winners_and_losers_may_8_2022/,{},ulb48u,False,True,False,False,False,True,True,False,#add2e2,ADVICE,"[{'e': 'text', 't': 'ANALYSIS'}]",ANALYSIS,dark,richtext,False,False,True,1,0,False,all_ads,/r/CryptoCurrency/comments/ulb48u/todays_winners_and_losers_may_8_2022/,False,6,1652043724,1,"  CRV (2.395) changed by +7.54% 

  ICX (0.651) changed by +7.25% 

  XMR (219.0) changed by +6.88% 

  NEAR (11.145) changed by +6.77% 

  AXS (30.39) changed by +6.26% 

  GRT (0.3025) changed by +3.6% 

  ZIL (0.07886) changed by +3.44% 

  SAND (2.0009) changed by +2.99% 

  CVC (0.2423) changed by +2.97% 

  BEL (0.625) changed by +1.96% 

  CHR (0.3129) changed by +1.56% 

  CTK (0.959) changed by +1.16% 

  COMP (99.6) changed by +1.12% 

  1INCH (1.316) changed by +1.0% 

  BAKE (0.507) changed by +1.0% 

  AKRO (0.00777) changed by +0.91% 

  PEOPLE (0.0348) changed by +0.87% 

  LTC (95.1) changed by +0.85% 

  MASK (3.537) changed by +0.83% 

  DASH (83.8) changed by +0.36% 

  THETA (2.116) changed by +0.28% 

  ICP (12.08) changed by +0.25% 

  FIL (13.25) changed by 0.0% 

  AUDIO (0.759) changed by 0.0% 

  REN (0.2643) changed by 0.0% 

  WAVES (13.15) changed by -0.3% 

  BAND (2.778) changed by -0.32% 

  SUSHI (2.136) changed by -0.33% 

  EOS (1.969) changed by -0.4% 

  ALICE (4.55) changed by -0.44% 

  RLC (1.363) changed by -0.44% 

  GTC (4.5) changed by -0.51% 

  UNI (7.14) changed by -0.56% 

  DGB (0.01729) changed by -0.69% 

  UNFI (3.744) changed by -0.72% 

  LINK (10.13) changed by -0.78% 

  ADA (0.7539) changed by -0.85% 

  CTSI (0.2541) changed by -0.9% 

  HBAR (0.129) changed by -1.0% 

  BAT (0.549) changed by -1.01% 

  CELR (0.03076) changed by -1.03% 

  SRM (1.702) changed by -1.05% 

  RUNE (5.827) changed by -1.07% 

  REEF (0.00643) changed by -1.08% 

  QTUM (5.151) changed by -1.11% 

  DENT (0.001919) changed by -1.13% 

  RVN (0.0399) changed by -1.16% 

  IOTA (0.4703) changed by -1.3% 

  TLM (0.0683) changed by -1.3% 

  EGLD (114.55) changed by -1.32% 

  XRP (0.573) changed by -1.34% 

  NEO (16.07) changed by -1.35% 

  C98 (1.036) changed by -1.43% 

  NKN (0.1513) changed by -1.43% 

  VET (0.04481) changed by -1.56% 

  MANA (1.3483) changed by -1.63% 

  BCH (263.5) changed by -1.68% 

  DOGE (0.1252) changed by -1.8% 

  HNT (13.69) changed by -2.0% 

  BNB (357.6) changed by -2.16% 

  BLZ (0.1158) changed by -2.28% 

  DOT (13.43) changed by -2.33% 

  GALA (0.13224) changed by -2.49% 

  AAVE (128.8) changed by -2.5% 

  ATOM (16.02) changed by -2.5% 

  ENJ (0.969) changed by -2.61% 

  XLM (0.163) changed by -2.69% 

  BAL (12.66) changed by -2.91% 

  ALGO (0.7247) changed by -3.21% 

  LUNA (65.9) changed by -3.27% 

  LRC (0.671) changed by -3.33% 

  MATIC (0.985) changed by -3.34% 

  BTC (34284.78) changed by -3.35% 

  SOL (76.12) changed by -3.47% 

  ETH (2543.07) changed by -3.5% 

  KSM (112.9) changed by -4.16% 

  AVAX (52.54) changed by -4.54% 

  YFI (15577.22) changed by -4.84% 

  OGN (0.3692) changed by -5.28% 

  ENS (17.29) changed by -5.52% 

  KNC (2.448) changed by -6.53% 

  FLM (0.153) changed by -6.71% 

  ZEN (31.86) changed by -10.2%",True,False,False,CryptoCurrency,t5_2wlj3,4814446,public,,self,"Todays Winners and losers: May 8, 2022",0,[],1.0,https://www.reddit.com/r/CryptoCurrency/comments/ulb48u/todays_winners_and_losers_may_8_2022/,,all_ads,6,1652014914.0,c1034ee6-9c2a-11e3-a8c4-12313b0e8e20,,,,,,,,,,,
13,[],False,Brinothedino,,,"[{'e': 'text', 't': 'Platinum | QC: CC 936'}]",Platinum | QC: CC 936,dark,richtext,t2_f586a,False,False,False,[],False,False,1652041085,self.CryptoCurrency,https://www.reddit.com/r/CryptoCurrency/comments/ula7dr/fyi_if_you_are_considering_panic_selling_your/,{},ula7dr,False,True,False,False,False,True,True,False,#46d160,ADVICE,"[{'e': 'text', 't': 'ADVICE'}]",ADVICE,dark,richtext,False,False,True,1,0,False,all_ads,/r/CryptoCurrency/comments/ula7dr/fyi_if_you_are_considering_panic_selling_your/,False,6,1652041096,1,"Last time Luna plummeted was when it dropped to ~$6 CAD and UST briefly became unpegged. I saw the news about UST and said to myself ""well shit, I better get out while I can"". I sold the absolute bottom, and in the next few months LUNA then went ahead and did a 20x from the bottom. Needless to say, this still haunts me and I still dont own any LUNA today because I could never justify buying back in so high.

At the end of the day, you do you, but consider that if you are willing to hold long term you will likely see a rebound. Every coins goes through some rough patches, and It is highly unlikely that the momentum behind the terra ecosystem is gone forever from this one crappy event. Just the 2 sats from someone who got burned last time around. 

Peace.",True,False,False,CryptoCurrency,t5_2wlj3,4814331,public,new,self,"FYI: if you are considering panic selling your LUNA, learn from my mistakes!",0,[],1.0,https://www.reddit.com/r/CryptoCurrency/comments/ula7dr/fyi_if_you_are_considering_panic_selling_your/,,all_ads,6,1652012285.0,e9570888-9c2a-11e3-809c-12313d1661cc,,,,,,,,,,,
14,[],False,Faze-Cumshot,,,"[{'e': 'text', 't': 'sergeyNazarov'}]",sergeyNazarov,dark,richtext,t2_16ynd3do,False,False,False,[],False,False,1652034144,coindesk.com,https://www.reddit.com/r/CryptoCurrency/comments/ul7sh7/ust_stablecoin_briefly_loses_peg_luna_drops_10/,{},ul7sh7,False,True,False,False,False,True,False,False,,MARKETS,"[{'e': 'text', 't': 'ðŸŸ¢ MARKETS'}]",ðŸŸ¢ MARKETS,dark,richtext,False,False,True,1,0,False,all_ads,/r/CryptoCurrency/comments/ul7sh7/ust_stablecoin_briefly_loses_peg_luna_drops_10/,False,6,1652034154,1,,True,False,False,CryptoCurrency,t5_2wlj3,4813997,public,new,https://a.thumbs.redditmedia.com/3SnvnYaqLhQWn38TY2HicAwYljGE7nAuvWZCZXt1lo0.jpg,"UST Stablecoin Briefly Loses Peg, Luna Drops 10%",0,[],1.0,https://www.coindesk.com/business/2022/05/08/ust-briefly-loses-peg-luna-drops-10/,https://www.coindesk.com/business/2022/05/08/ust-briefly-loses-peg-luna-drops-10/,all_ads,6,1652005344.0,,,link,"{'enabled': False, 'images': [{'id': '5B12vVzkUhyHVsiAurs9vvS__aKIkyFLE5ObtiB90Ic', 'resolutions': [{'height': 56, 'url': 'https://external-preview.redd.it/_szjSV0Te2lU11K-RSVVsYnNiMag9_v5fcYELoBrS5w.jpg?width=108&amp;crop=smart&amp;auto=webp&amp;s=2589fecbcb888968ccb6cd54e961af208b3baba7', 'width': 108}, {'height': 113, 'url': 'https://external-preview.redd.it/_szjSV0Te2lU11K-RSVVsYnNiMag9_v5fcYELoBrS5w.jpg?width=216&amp;crop=smart&amp;auto=webp&amp;s=4be7980b976e6221c72ea2584fc1ba86e41f686c', 'width': 216}, {'height': 167, 'url': 'https://external-preview.redd.it/_szjSV0Te2lU11K-RSVVsYnNiMag9_v5fcYELoBrS5w.jpg?width=320&amp;crop=smart&amp;auto=webp&amp;s=c01087f9c45f7306203550e66d87225e42735c98', 'width': 320}, {'height': 334, 'url': 'https://external-preview.redd.it/_szjSV0Te2lU11K-RSVVsYnNiMag9_v5fcYELoBrS5w.jpg?width=640&amp;crop=smart&amp;auto=webp&amp;s=c53da925374ab5272b317f02c744bea2446e8d52', 'width': 640}, {'height': 502, 'url': 'https://external-preview.redd.it/_szjSV0Te2lU11K-RSVVsYnNiMag9_v5fcYELoBrS5w.jpg?width=960&amp;crop=smart&amp;auto=webp&amp;s=1bad19286d0fc36ac3eef450508408539c3795fa', 'width': 960}, {'height': 565, 'url': 'https://external-preview.redd.it/_szjSV0Te2lU11K-RSVVsYnNiMag9_v5fcYELoBrS5w.jpg?width=1080&amp;crop=smart&amp;auto=webp&amp;s=e3580be2bc0bf78f0a89beb92c62642e8206165f', 'width': 1080}], 'source': {'height': 628, 'url': 'https://external-preview.redd.it/_szjSV0Te2lU11K-RSVVsYnNiMag9_v5fcYELoBrS5w.jpg?auto=webp&amp;s=6f5e46da55444df17c7d163a19fb700d135c36de', 'width': 1200}, 'variants': {}}]}",73.0,140.0,,,,,,
15,[],False,TheBobbyMan9,,Warning-level1-1,"[{'e': 'text', 't': 'Bronze'}]",Bronze,dark,richtext,t2_55vwa53q,False,False,False,[],False,False,1652032191,forbes.com,https://www.reddit.com/r/CryptoCurrency/comments/ul742e/extreme_fear_crypto_crash_suddenly_wipes_200/,{},ul742e,False,True,False,False,False,True,False,False,#0aa18f,NEWS,"[{'e': 'text', 't': 'GENERAL-NEWS'}]",GENERAL-NEWS,light,richtext,False,False,True,2,0,False,all_ads,/r/CryptoCurrency/comments/ul742e/extreme_fear_crypto_crash_suddenly_wipes_200/,False,6,1652032201,1,,False,False,False,CryptoCurrency,t5_2wlj3,4813887,public,new,https://b.thumbs.redditmedia.com/XHQ4tstQt1Swgq13U-X4eQoFXaauS1-d56yFDGDlWPQ.jpg,"â€˜Extreme Fearâ€™ Crypto Crash Suddenly Wipes $200 Billion From The Price Of Bitcoin, Ethereum, BNB, XRP, Luna, Solana, Cardano And Avalanche",0,[],1.0,https://www.forbes.com/sites/billybambrough/2022/05/08/extreme-fear-crypto-crash-suddenly-wipes-200-billion-from-the-price-of-bitcoin-ethereum-bnb-xrp-luna-solana-cardano-and-avalanche,https://www.forbes.com/sites/billybambrough/2022/05/08/extreme-fear-crypto-crash-suddenly-wipes-200-billion-from-the-price-of-bitcoin-ethereum-bnb-xrp-luna-solana-cardano-and-avalanche,all_ads,6,1652003391.0,f170aab2-246f-11ec-8143-429a193c9848,,link,"{'enabled': False, 'images': [{'id': 'K963MmN7yvtBlyWluEfiO1jGwGi5DXcap6m6VEGfzl0', 'resolutions': [{'height': 71, 'url': 'https://external-preview.redd.it/OW2wTDWUNtcA5O26Rq7MGWxznMg-xemjx3PvFpyfvzw.jpg?width=108&amp;crop=smart&amp;auto=webp&amp;s=d40222ba0ac6518b2bd93cd242b532768d91f216', 'width': 108}, {'height': 143, 'url': 'https://external-preview.redd.it/OW2wTDWUNtcA5O26Rq7MGWxznMg-xemjx3PvFpyfvzw.jpg?width=216&amp;crop=smart&amp;auto=webp&amp;s=84c0d62f10ce34c37d72466024f093c74ec9def8', 'width': 216}, {'height': 213, 'url': 'https://external-preview.redd.it/OW2wTDWUNtcA5O26Rq7MGWxznMg-xemjx3PvFpyfvzw.jpg?width=320&amp;crop=smart&amp;auto=webp&amp;s=a84f0f15dea129cfc3981dbd1c90c2c2ecb850e9', 'width': 320}, {'height': 426, 'url': 'https://external-preview.redd.it/OW2wTDWUNtcA5O26Rq7MGWxznMg-xemjx3PvFpyfvzw.jpg?width=640&amp;crop=smart&amp;auto=webp&amp;s=29b3bceb69b657f238af9d64b43efeaddd264422', 'width': 640}, {'height': 639, 'url': 'https://external-preview.redd.it/OW2wTDWUNtcA5O26Rq7MGWxznMg-xemjx3PvFpyfvzw.jpg?width=960&amp;crop=smart&amp;auto=webp&amp;s=0447f23db995738ed423208de8ab5f4fa5726568', 'width': 960}, {'height': 719, 'url': 'https://external-preview.redd.it/OW2wTDWUNtcA5O26Rq7MGWxznMg-xemjx3PvFpyfvzw.jpg?width=1080&amp;crop=smart&amp;auto=webp&amp;s=e101a17152d98cf20889ae1583f464164d366a1e', 'width': 1080}], 'source': {'height': 799, 'url': 'https://external-preview.redd.it/OW2wTDWUNtcA5O26Rq7MGWxznMg-xemjx3PvFpyfvzw.jpg?auto=webp&amp;s=b4e75dbacaf05d30e8c9ff8677be475123324c29', 'width': 1200}, 'variants': {}}]}",93.0,140.0,,,,,,
