,all_awardings,allow_live_comments,author,author_flair_css_class,author_flair_richtext,author_flair_text,author_flair_type,author_fullname,author_is_blocked,author_patreon_flair,author_premium,awarders,can_mod_post,contest_mode,created_utc,domain,full_link,gildings,id,is_created_from_ads_ui,is_crosspostable,is_meta,is_original_content,is_reddit_media_domain,is_robot_indexable,is_self,is_video,link_flair_background_color,link_flair_css_class,link_flair_richtext,link_flair_template_id,link_flair_text,link_flair_text_color,link_flair_type,locked,media_only,no_follow,num_comments,num_crossposts,over_18,parent_whitelist_status,permalink,pinned,post_hint,preview,pwls,removed_by_category,retrieved_on,score,selftext,send_replies,spoiler,stickied,subreddit,subreddit_id,subreddit_subscribers,subreddit_type,thumbnail,title,total_awards_received,treatment_tags,upvote_ratio,url,whitelist_status,wls,created,author_flair_background_color,author_flair_text_color,url_overridden_by_dest,thumbnail_height,thumbnail_width
0,[],False,VRoid,,[],,text,t2_t7l9d,False,False,False,[],False,False,1653397904,self.CryptoCurrency,https://www.reddit.com/r/CryptoCurrency/comments/uwqi6k/even_s_korea_turns_against_do_kwon/,{},uwqi6k,False,False,False,False,False,False,True,False,#720469,POLITICS,"[{'e': 'text', 't': 'POLITICS'}]",efdba982-5d89-11e8-9598-0ee79d121028,POLITICS,light,richtext,False,False,True,1,0,False,all_ads,/r/CryptoCurrency/comments/uwqi6k/even_s_korea_turns_against_do_kwon/,False,self,"{'enabled': False, 'images': [{'id': 'JzDBdElSXKyn2q5KNb5KpGzwClLiRKQpiXAftJCWfy0', 'resolutions': [{'height': 60, 'url': 'https://external-preview.redd.it/brZRfGiK4bzXh3WOXLBDccrZyyVndNY3EZJlVRLDB3E.jpg?width=108&amp;crop=smart&amp;auto=webp&amp;s=86475e58934e3672f9022d49ae2658752cdf97ae', 'width': 108}, {'height': 121, 'url': 'https://external-preview.redd.it/brZRfGiK4bzXh3WOXLBDccrZyyVndNY3EZJlVRLDB3E.jpg?width=216&amp;crop=smart&amp;auto=webp&amp;s=d463754e6f98d37f6e887a760c15716724e6a16a', 'width': 216}, {'height': 179, 'url': 'https://external-preview.redd.it/brZRfGiK4bzXh3WOXLBDccrZyyVndNY3EZJlVRLDB3E.jpg?width=320&amp;crop=smart&amp;auto=webp&amp;s=859461669b419fabbce57e2e74758593722a9857', 'width': 320}, {'height': 359, 'url': 'https://external-preview.redd.it/brZRfGiK4bzXh3WOXLBDccrZyyVndNY3EZJlVRLDB3E.jpg?width=640&amp;crop=smart&amp;auto=webp&amp;s=02f38b3d7ebacbc693e1b9e86a1d4dc5b0b97daa', 'width': 640}], 'source': {'height': 506, 'url': 'https://external-preview.redd.it/brZRfGiK4bzXh3WOXLBDccrZyyVndNY3EZJlVRLDB3E.jpg?auto=webp&amp;s=dc8fb72e3d4e6960d2f663348e5647275177f839', 'width': 900}, 'variants': {}}]}",6,moderator,1653397915,1,[removed],True,False,False,CryptoCurrency,t5_2wlj3,4912272,public,self,Even S. Korea turns against Do Kwon,0,[],1.0,https://www.reddit.com/r/CryptoCurrency/comments/uwqi6k/even_s_korea_turns_against_do_kwon/,all_ads,6,1653369104.0,,,,,
1,[],False,sportifynews,Warning-level1,"[{'e': 'text', 't': '1 - 2 years account age. 100 - 200 comment karma.'}]",1 - 2 years account age. 100 - 200 comment karma.,richtext,t2_81vkr2em,False,False,False,[],False,False,1653395628,bigthinkbuzz.com,https://www.reddit.com/r/CryptoCurrency/comments/uwps5m/do_kwon_in_trouble_as_korean_police_urges_upbit/,{},uwps5m,False,True,False,False,False,True,False,False,#7193ff,DISCUSSION,"[{'e': 'text', 't': 'DISCUSSION'}]",87049662-0882-11e5-82e1-0e9d1a9f7761,DISCUSSION,dark,richtext,False,False,False,0,0,False,all_ads,/r/CryptoCurrency/comments/uwps5m/do_kwon_in_trouble_as_korean_police_urges_upbit/,False,,,6,,1653395638,1,,True,False,False,CryptoCurrency,t5_2wlj3,4912140,public,default,"Do Kwon in trouble as Korean police urges Upbit, Bithumb, Coinone, Korbit and Gopax to freeze Terra’s assets",0,[],1.0,https://bigthinkbuzz.com/do-kwon-in-trouble-as-korean-police-urges-upbit-bithumb-coinone-korbit-and-gopax-to-freeze-terras-assets/,all_ads,6,1653366828.0,,dark,https://bigthinkbuzz.com/do-kwon-in-trouble-as-korean-police-urges-upbit-bithumb-coinone-korbit-and-gopax-to-freeze-terras-assets/,,
2,[],False,OhJonnyBoy67,,[],,text,t2_kk33dewr,False,False,False,[],False,False,1653381023,coinmarketcap.com,https://www.reddit.com/r/CryptoCurrency/comments/uwm22f/crypto_influencer_arrested_after_trying_to/,{},uwm22f,False,True,False,False,False,True,False,False,#0aa18f,NEWS,"[{'e': 'text', 't': 'GENERAL-NEWS'}]",f170aab2-246f-11ec-8143-429a193c9848,GENERAL-NEWS,light,richtext,False,False,True,0,0,False,all_ads,/r/CryptoCurrency/comments/uwm22f/crypto_influencer_arrested_after_trying_to/,False,link,"{'enabled': False, 'images': [{'id': 'zx5iW9wovndDjkJ8ZXCF0nMjXO6nYpnYigPgc1tPj50', 'resolutions': [{'height': 60, 'url': 'https://external-preview.redd.it/VVureIkFSDoBtLIf9E0JX9UsG067p_VawlXQAbbkg0g.jpg?width=108&amp;crop=smart&amp;auto=webp&amp;s=9aadd4b167ef586e6c3f15f73de4cc45246ff6bc', 'width': 108}, {'height': 121, 'url': 'https://external-preview.redd.it/VVureIkFSDoBtLIf9E0JX9UsG067p_VawlXQAbbkg0g.jpg?width=216&amp;crop=smart&amp;auto=webp&amp;s=2483b4235aa8f44d0af74eb679d612cd205a1b84', 'width': 216}, {'height': 180, 'url': 'https://external-preview.redd.it/VVureIkFSDoBtLIf9E0JX9UsG067p_VawlXQAbbkg0g.jpg?width=320&amp;crop=smart&amp;auto=webp&amp;s=34da29ec82db5c2abfd2d627d9e53e7f08b45273', 'width': 320}, {'height': 360, 'url': 'https://external-preview.redd.it/VVureIkFSDoBtLIf9E0JX9UsG067p_VawlXQAbbkg0g.jpg?width=640&amp;crop=smart&amp;auto=webp&amp;s=0c5bdad781015838ca89300957ef19a36d0cdc86', 'width': 640}], 'source': {'height': 423, 'url': 'https://external-preview.redd.it/VVureIkFSDoBtLIf9E0JX9UsG067p_VawlXQAbbkg0g.jpg?auto=webp&amp;s=9b042a2ee7442d5bf3ad291a8d26d7303e7fb140', 'width': 752}, 'variants': {}}]}",6,,1653381033,1,,True,False,False,CryptoCurrency,t5_2wlj3,4911486,public,https://b.thumbs.redditmedia.com/jlV7gUZjDCE_hNi8J_-DMAjOgJNkAHqVqVphsAgVWvQ.jpg,Crypto Influencer Arrested After Trying to Confront Do Kwon at His Home,0,[],1.0,https://coinmarketcap.com/alexandria/article/crypto-influencer-arrested-after-trying-to-confront-do-kwon-at-his-home,all_ads,6,1653352223.0,,,https://coinmarketcap.com/alexandria/article/crypto-influencer-arrested-after-trying-to-confront-do-kwon-at-his-home,78.0,140.0
3,[],False,CMD-Ro1-red,,[],,text,t2_hxw32in8,False,False,False,[],False,False,1653348910,self.CryptoCurrency,https://www.reddit.com/r/CryptoCurrency/comments/uwdgms/measures_to_freeze_assets_of_the_luna_foundation/,{},uwdgms,False,True,False,False,False,True,True,False,#7193ff,DISCUSSION,"[{'e': 'text', 't': 'DISCUSSION'}]",87049662-0882-11e5-82e1-0e9d1a9f7761,DISCUSSION,dark,richtext,False,False,True,0,0,False,all_ads,/r/CryptoCurrency/comments/uwdgms/measures_to_freeze_assets_of_the_luna_foundation/,False,,,6,,1653348920,1,"The Seoul Metropolitan Police have taken measures to freeze assets of the Luna Foundation Guard (""LFG"") following the TerraUSD (UST-USD) stablecoin bust in the beginning of May, according to a report from KBS news Monday.
Specifically, the South Korean police requested certain exchanges to disable LFG from withdrawing corporate funds, of which are suspected to be embezzled, KBS explained.
A unit of the South Korean police, known as the Grim Reaper, is already investigating Terraform Labs CEO Do Kwon regarding tax evasion, CoinDesk reported.
After TerraUST lost its peg from the U.S. dollar, its sister token Luna (LUNA-USD) dropped 100% in a move that wiped out tens of billions of dollars from speculators, a monumental move for the crypto community as regulators, as a result, ramp up their calls for greater regulatory oversight in the decentralized industry.",True,False,False,CryptoCurrency,t5_2wlj3,4909972,public,self,Measures to freeze assets of the Luna Foundation Guard (LFG),0,[],1.0,https://www.reddit.com/r/CryptoCurrency/comments/uwdgms/measures_to_freeze_assets_of_the_luna_foundation/,all_ads,6,1653320110.0,,,,,
4,[],False,CMD-Ro1-red,,[],,text,t2_hxw32in8,False,False,False,[],False,False,1653348612,self.CryptoCurrency,https://www.reddit.com/r/CryptoCurrency/comments/uwddb2/measures_to_freeze_assets_of_the_luna_foundation/,{},uwddb2,False,True,False,False,False,True,True,False,#007373,EXCHANGES,"[{'e': 'text', 't': 'EXCHANGES'}]",38a8ac5a-9d5c-11e5-a136-0e9f3a832fc3,EXCHANGES,light,richtext,False,False,False,0,0,False,all_ads,/r/CryptoCurrency/comments/uwddb2/measures_to_freeze_assets_of_the_luna_foundation/,False,,,6,,1653348623,1,"The Seoul Metropolitan Police have taken measures to freeze assets of the Luna Foundation Guard (""LFG"") following the TerraUSD (UST-USD) stablecoin bust in the beginning of May, according to a report from KBS news Monday.
Specifically, the South Korean police requested certain exchanges to disable LFG from withdrawing corporate funds, of which are suspected to be embezzled, KBS explained.
A unit of the South Korean police, known as the Grim Reaper, is already investigating Terraform Labs CEO Do Kwon regarding tax evasion, CoinDesk reported.
After TerraUST lost its peg from the U.S. dollar, its sister token Luna (LUNA-USD) dropped 100% in a move that wiped out tens of billions of dollars from speculators, a monumental move for the crypto community as regulators, as a result, ramp up their calls for greater regulatory oversight in the decentralized industry.",True,False,False,CryptoCurrency,t5_2wlj3,4909960,public,self,Measures to freeze assets of the Luna Foundation Guard (LFG),0,[],1.0,https://www.reddit.com/r/CryptoCurrency/comments/uwddb2/measures_to_freeze_assets_of_the_luna_foundation/,all_ads,6,1653319812.0,,,,,
5,[],False,weirdpotato23,Warning-level2-2,"[{'e': 'text', 't': 'Tin'}]",Tin,richtext,t2_9hq97eu7,False,False,False,[],False,False,1653346530,self.CryptoCurrency,https://www.reddit.com/r/CryptoCurrency/comments/uwcot1/is_jae_kwon_from_cosmos_and_do_kwon_related/,{},uwcot1,False,False,False,False,False,False,True,False,#cc8b00,SPECULATION,"[{'e': 'text', 't': 'SPECULATION'}]",ebb30328-94d1-11eb-94d6-0e7d4f551e2d,SPECULATION,light,richtext,False,False,True,1,0,False,all_ads,/r/CryptoCurrency/comments/uwcot1/is_jae_kwon_from_cosmos_and_do_kwon_related/,False,,,6,moderator,1653346541,1,[removed],True,False,False,CryptoCurrency,t5_2wlj3,4909851,public,self,Is Jae Kwon from Cosmos and Do Kwon related?,0,[],1.0,https://www.reddit.com/r/CryptoCurrency/comments/uwcot1/is_jae_kwon_from_cosmos_and_do_kwon_related/,all_ads,6,1653317730.0,,dark,,,
6,[],False,weirdpotato23,Warning-level2-2,"[{'e': 'text', 't': 'Tin'}]",Tin,richtext,t2_9hq97eu7,False,False,False,[],False,False,1653346295,self.CryptoCurrency,https://www.reddit.com/r/CryptoCurrency/comments/uwcm46/is_jae_kwon_from_cosmos_and_do_kwon_related/,{},uwcm46,False,False,False,False,False,False,True,False,#cc8b00,SPECULATION,"[{'e': 'text', 't': 'SPECULATION'}]",ebb30328-94d1-11eb-94d6-0e7d4f551e2d,SPECULATION,light,richtext,False,False,True,1,0,False,all_ads,/r/CryptoCurrency/comments/uwcm46/is_jae_kwon_from_cosmos_and_do_kwon_related/,False,,,6,moderator,1653346305,1,[removed],True,False,False,CryptoCurrency,t5_2wlj3,4909836,public,self,Is Jae Kwon from Cosmos and Do Kwon related?,0,[],1.0,https://www.reddit.com/r/CryptoCurrency/comments/uwcm46/is_jae_kwon_from_cosmos_and_do_kwon_related/,all_ads,6,1653317495.0,,dark,,,
7,[],False,weirdpotato23,Warning-level2-2,"[{'e': 'text', 't': 'Tin'}]",Tin,richtext,t2_9hq97eu7,False,False,False,[],False,False,1653346140,self.CryptoCurrency,https://www.reddit.com/r/CryptoCurrency/comments/uwckag/is_jae_kwon_from_cosmos_and_do_kwon_luna_related/,{},uwckag,False,False,False,False,False,False,True,False,#cc8b00,SPECULATION,"[{'e': 'text', 't': 'SPECULATION'}]",ebb30328-94d1-11eb-94d6-0e7d4f551e2d,SPECULATION,light,richtext,False,False,True,1,0,False,all_ads,/r/CryptoCurrency/comments/uwckag/is_jae_kwon_from_cosmos_and_do_kwon_luna_related/,False,,,6,moderator,1653346150,1,[removed],True,False,False,CryptoCurrency,t5_2wlj3,4909830,public,self,Is Jae Kwon from Cosmos and Do Kwon (Luna) related?,0,[],1.0,https://www.reddit.com/r/CryptoCurrency/comments/uwckag/is_jae_kwon_from_cosmos_and_do_kwon_luna_related/,all_ads,6,1653317340.0,,dark,,,
8,[],False,eskimobroski,Warning-level2-2,"[{'e': 'text', 't': 'Tin'}]",Tin,richtext,t2_8cq2e,False,False,False,[],False,False,1653344046,i.redd.it,https://www.reddit.com/r/CryptoCurrency/comments/uwbut3/is_it_verified_that_kwon_didnt_attempt_to_save/,{},uwbut3,False,False,False,False,True,False,False,False,#7193ff,DISCUSSION,"[{'e': 'text', 't': 'DISCUSSION'}]",87049662-0882-11e5-82e1-0e9d1a9f7761,DISCUSSION,dark,richtext,False,False,True,2,0,False,all_ads,/r/CryptoCurrency/comments/uwbut3/is_it_verified_that_kwon_didnt_attempt_to_save/,False,image,"{'enabled': True, 'images': [{'id': 'p7HJY-9ax_zU7UwT225o5Lmc6kMcQs7tNT42MnKsP9s', 'resolutions': [{'height': 216, 'url': 'https://preview.redd.it/rl9x7uj6va191.jpg?width=108&amp;crop=smart&amp;auto=webp&amp;s=ce197f29a79b2c891ea9ad3494a6f429a0b95056', 'width': 108}, {'height': 432, 'url': 'https://preview.redd.it/rl9x7uj6va191.jpg?width=216&amp;crop=smart&amp;auto=webp&amp;s=7312a7b4d48ae49f4fa17f95cb6652d886107a4b', 'width': 216}, {'height': 640, 'url': 'https://preview.redd.it/rl9x7uj6va191.jpg?width=320&amp;crop=smart&amp;auto=webp&amp;s=45d103b4d52461646d83c1f90921ff9a7433baf1', 'width': 320}, {'height': 1280, 'url': 'https://preview.redd.it/rl9x7uj6va191.jpg?width=640&amp;crop=smart&amp;auto=webp&amp;s=f3877c21f9544092dfe2684f7eb9619fb5fc694b', 'width': 640}, {'height': 1920, 'url': 'https://preview.redd.it/rl9x7uj6va191.jpg?width=960&amp;crop=smart&amp;auto=webp&amp;s=109bbff6c5c1cd3a2d859e7672c4edb75021eb89', 'width': 960}, {'height': 2160, 'url': 'https://preview.redd.it/rl9x7uj6va191.jpg?width=1080&amp;crop=smart&amp;auto=webp&amp;s=6d3a17d4f3e10330fab95f00f113e517388c1534', 'width': 1080}], 'source': {'height': 2532, 'url': 'https://preview.redd.it/rl9x7uj6va191.jpg?auto=webp&amp;s=0c60755087d0d30c4f190cfd9c4146556e5d3a7a', 'width': 1170}, 'variants': {}}]}",6,moderator,1653344057,1,,False,False,False,CryptoCurrency,t5_2wlj3,4909685,public,https://a.thumbs.redditmedia.com/S-S-kTK7gY3PmQnMoOyjXh7B259MUJBikmeG5ddg_L4.jpg,Is it verified that Kwon didn’t attempt to save Luna/UST and instead moved all BTC to different wallets?,0,[],1.0,https://i.redd.it/rl9x7uj6va191.jpg,all_ads,6,1653315246.0,,dark,https://i.redd.it/rl9x7uj6va191.jpg,140.0,140.0
9,[],False,Mr-Night-Owl,,[],,text,t2_3hxtsjnf,False,False,True,[],False,False,1653332087,fortune.com,https://www.reddit.com/r/CryptoCurrency/comments/uw7g0v/luna_creator_do_kwon_baffled_as_holders_volunteer/,{},uw7g0v,False,True,False,False,False,True,False,False,#0aa18f,NEWS,"[{'e': 'text', 't': 'GENERAL-NEWS'}]",f170aab2-246f-11ec-8143-429a193c9848,GENERAL-NEWS,light,richtext,False,False,False,0,0,False,all_ads,/r/CryptoCurrency/comments/uw7g0v/luna_creator_do_kwon_baffled_as_holders_volunteer/,False,link,"{'enabled': False, 'images': [{'id': 'maAqZnRfH_B2BkJZt7Pqk-VN773BzU0oa2fOFvZxKok', 'resolutions': [{'height': 54, 'url': 'https://external-preview.redd.it/pWYJgcX7DE1H6quVCoWmhRUVJLiHqsoZpkkEoz6Plvg.jpg?width=108&amp;crop=smart&amp;auto=webp&amp;s=37e702332f6b91272a99f5e8373d335cd56a53cc', 'width': 108}, {'height': 108, 'url': 'https://external-preview.redd.it/pWYJgcX7DE1H6quVCoWmhRUVJLiHqsoZpkkEoz6Plvg.jpg?width=216&amp;crop=smart&amp;auto=webp&amp;s=d33b03647c91c20935ec046d65deb05fcfc8f16f', 'width': 216}, {'height': 160, 'url': 'https://external-preview.redd.it/pWYJgcX7DE1H6quVCoWmhRUVJLiHqsoZpkkEoz6Plvg.jpg?width=320&amp;crop=smart&amp;auto=webp&amp;s=f90d08cd206be127c301c9c204543884119289a7', 'width': 320}, {'height': 320, 'url': 'https://external-preview.redd.it/pWYJgcX7DE1H6quVCoWmhRUVJLiHqsoZpkkEoz6Plvg.jpg?width=640&amp;crop=smart&amp;auto=webp&amp;s=d1de36ca8dba3702df2734605added49b634ecb0', 'width': 640}, {'height': 480, 'url': 'https://external-preview.redd.it/pWYJgcX7DE1H6quVCoWmhRUVJLiHqsoZpkkEoz6Plvg.jpg?width=960&amp;crop=smart&amp;auto=webp&amp;s=1808ca278f8516d84e8f24ef8098ebb99414148a', 'width': 960}, {'height': 540, 'url': 'https://external-preview.redd.it/pWYJgcX7DE1H6quVCoWmhRUVJLiHqsoZpkkEoz6Plvg.jpg?width=1080&amp;crop=smart&amp;auto=webp&amp;s=8a09e6c8b39c37c8de3d98c9883250e5094324cd', 'width': 1080}], 'source': {'height': 600, 'url': 'https://external-preview.redd.it/pWYJgcX7DE1H6quVCoWmhRUVJLiHqsoZpkkEoz6Plvg.jpg?auto=webp&amp;s=daea9e4d19753a7fc92e24010c778581052f0693', 'width': 1200}, 'variants': {}}]}",6,,1653332097,1,,False,False,False,CryptoCurrency,t5_2wlj3,4908969,public,https://b.thumbs.redditmedia.com/3aZP4PFWN426DgTuzDC4tH1yFDsLQOki14nB5ZT1PIw.jpg,Luna creator Do Kwon baffled as holders volunteer to torch their own crypto to save the coin.,0,[],1.0,https://fortune.com/2022/05/23/do-kwon-luna-burn-address-holders-wanting-to-torch-their-crypto,all_ads,6,1653303287.0,,,https://fortune.com/2022/05/23/do-kwon-luna-burn-address-holders-wanting-to-torch-their-crypto,70.0,140.0
