,all_awardings,allow_live_comments,author,author_flair_background_color,author_flair_css_class,author_flair_richtext,author_flair_text,author_flair_text_color,author_flair_type,author_fullname,author_is_blocked,author_patreon_flair,author_premium,awarders,can_mod_post,contest_mode,created_utc,domain,full_link,gildings,id,is_created_from_ads_ui,is_crosspostable,is_meta,is_original_content,is_reddit_media_domain,is_robot_indexable,is_self,is_video,link_flair_background_color,link_flair_css_class,link_flair_richtext,link_flair_template_id,link_flair_text,link_flair_text_color,link_flair_type,locked,media,media_embed,media_only,no_follow,num_comments,num_crossposts,over_18,parent_whitelist_status,permalink,pinned,post_hint,preview,pwls,retrieved_on,score,secure_media,secure_media_embed,selftext,send_replies,spoiler,stickied,subreddit,subreddit_id,subreddit_subscribers,subreddit_type,thumbnail,thumbnail_height,thumbnail_width,title,total_awards_received,treatment_tags,upvote_ratio,url,url_overridden_by_dest,whitelist_status,wls,created,removed_by_category,crosspost_parent,crosspost_parent_list
0,[],False,333Crypto,,Warning-level3,"[{'e': 'text', 't': '1 - 2 years account age. -15 - 35 comment karma.'}]",1 - 2 years account age. -15 - 35 comment karma.,dark,richtext,t2_a1upju1u,False,False,False,[],False,False,1653320668,youtube.com,https://www.reddit.com/r/CryptoCurrency/comments/uw36gt/terra_luna_lies_crypto_market_update_bent_moons/,{},uw36gt,False,True,False,False,False,True,False,False,#0dd3bb,VIDEOS,"[{'e': 'text', 't': 'VIDEOS'}]",fee6c918-f3e4-11e5-8172-0ecf7e00c6db,VIDEOS,dark,richtext,False,"{'oembed': {'author_name': '333 Crypto', 'author_url': 'https://www.youtube.com/channel/UCmJ3yraAAsFlewGAu5K4nYA', 'height': 200, 'html': '&lt;iframe width=""356"" height=""200"" src=""https://www.youtube.com/embed/JhB-Mqet9DQ?feature=oembed&amp;enablejsapi=1"" frameborder=""0"" allow=""accelerometer; autoplay; clipboard-write; encrypted-media; gyroscope; picture-in-picture"" allowfullscreen&gt;&lt;/iframe&gt;', 'provider_name': 'YouTube', 'provider_url': 'https://www.youtube.com/', 'thumbnail_height': 360, 'thumbnail_url': 'https://i.ytimg.com/vi/JhB-Mqet9DQ/hqdefault.jpg', 'thumbnail_width': 480, 'title': 'Terra (LUNA) Lies. Crypto Market Update. BENT Moons?', 'type': 'video', 'version': '1.0', 'width': 356}, 'type': 'youtube.com'}","{'content': '&lt;iframe width=""356"" height=""200"" src=""https://www.youtube.com/embed/JhB-Mqet9DQ?feature=oembed&amp;enablejsapi=1"" frameborder=""0"" allow=""accelerometer; autoplay; clipboard-write; encrypted-media; gyroscope; picture-in-picture"" allowfullscreen&gt;&lt;/iframe&gt;', 'height': 200, 'scrolling': False, 'width': 356}",False,True,1,0,False,all_ads,/r/CryptoCurrency/comments/uw36gt/terra_luna_lies_crypto_market_update_bent_moons/,False,rich:video,"{'enabled': False, 'images': [{'id': 'PJ0zmj2OFFcze30DlG7qWbbNLfeyhrkuck-DbZqB9eA', 'resolutions': [{'height': 81, 'url': 'https://external-preview.redd.it/KZBoL_lLqyt-ve8XtVWlfM0lsgbk7536efs3b1BrtRk.jpg?width=108&amp;crop=smart&amp;auto=webp&amp;s=4dfa40b6d9ead02c60457f04ec8222226c0b84ae', 'width': 108}, {'height': 162, 'url': 'https://external-preview.redd.it/KZBoL_lLqyt-ve8XtVWlfM0lsgbk7536efs3b1BrtRk.jpg?width=216&amp;crop=smart&amp;auto=webp&amp;s=98148a5ff596b26adb4b18c1bf7d5879c27a62de', 'width': 216}, {'height': 240, 'url': 'https://external-preview.redd.it/KZBoL_lLqyt-ve8XtVWlfM0lsgbk7536efs3b1BrtRk.jpg?width=320&amp;crop=smart&amp;auto=webp&amp;s=73856184d720bbaca9f87bb68ddb9016a3e84c92', 'width': 320}], 'source': {'height': 360, 'url': 'https://external-preview.redd.it/KZBoL_lLqyt-ve8XtVWlfM0lsgbk7536efs3b1BrtRk.jpg?auto=webp&amp;s=86dcf3aa3913c0a2b06cf4207e92140f2ad36cc9', 'width': 480}, 'variants': {}}]}",6,1653320679,1,"{'oembed': {'author_name': '333 Crypto', 'author_url': 'https://www.youtube.com/channel/UCmJ3yraAAsFlewGAu5K4nYA', 'height': 200, 'html': '&lt;iframe width=""356"" height=""200"" src=""https://www.youtube.com/embed/JhB-Mqet9DQ?feature=oembed&amp;enablejsapi=1"" frameborder=""0"" allow=""accelerometer; autoplay; clipboard-write; encrypted-media; gyroscope; picture-in-picture"" allowfullscreen&gt;&lt;/iframe&gt;', 'provider_name': 'YouTube', 'provider_url': 'https://www.youtube.com/', 'thumbnail_height': 360, 'thumbnail_url': 'https://i.ytimg.com/vi/JhB-Mqet9DQ/hqdefault.jpg', 'thumbnail_width': 480, 'title': 'Terra (LUNA) Lies. Crypto Market Update. BENT Moons?', 'type': 'video', 'version': '1.0', 'width': 356}, 'type': 'youtube.com'}","{'content': '&lt;iframe width=""356"" height=""200"" src=""https://www.youtube.com/embed/JhB-Mqet9DQ?feature=oembed&amp;enablejsapi=1"" frameborder=""0"" allow=""accelerometer; autoplay; clipboard-write; encrypted-media; gyroscope; picture-in-picture"" allowfullscreen&gt;&lt;/iframe&gt;', 'height': 200, 'media_domain_url': 'https://www.redditmedia.com/mediaembed/uw36gt', 'scrolling': False, 'width': 356}",,True,False,False,CryptoCurrency,t5_2wlj3,4908293,public,https://b.thumbs.redditmedia.com/CMmTjo9Wtr9tXIeUY2FJ5QMyoBFjye3hk87jpXuNVoQ.jpg,105.0,140.0,Terra (LUNA) Lies. Crypto Market Update. BENT Moons?,0,[],1.0,https://youtube.com/watch?v=JhB-Mqet9DQ&amp;feature=share,https://youtube.com/watch?v=JhB-Mqet9DQ&amp;feature=share,all_ads,6,1653291868.0,,,
1,[],False,333Crypto,,Warning-level3,"[{'e': 'text', 't': '1 - 2 years account age. -15 - 35 comment karma.'}]",1 - 2 years account age. -15 - 35 comment karma.,dark,richtext,t2_a1upju1u,False,False,False,[],False,False,1653316543,youtube.com,https://www.reddit.com/r/CryptoCurrency/comments/uw1n1p/terra_luna_lies_crypto_market_update_bent_moons/,{},uw1n1p,False,False,False,False,False,False,False,False,#0dd3bb,VIDEOS,"[{'e': 'text', 't': 'VIDEOS'}]",fee6c918-f3e4-11e5-8172-0ecf7e00c6db,VIDEOS,dark,richtext,False,"{'oembed': {'author_name': '333 Crypto', 'author_url': 'https://www.youtube.com/channel/UCmJ3yraAAsFlewGAu5K4nYA', 'height': 200, 'html': '&lt;iframe width=""356"" height=""200"" src=""https://www.youtube.com/embed/JhB-Mqet9DQ?feature=oembed&amp;enablejsapi=1"" frameborder=""0"" allow=""accelerometer; autoplay; clipboard-write; encrypted-media; gyroscope; picture-in-picture"" allowfullscreen&gt;&lt;/iframe&gt;', 'provider_name': 'YouTube', 'provider_url': 'https://www.youtube.com/', 'thumbnail_height': 360, 'thumbnail_url': 'https://i.ytimg.com/vi/JhB-Mqet9DQ/hqdefault.jpg', 'thumbnail_width': 480, 'title': 'Terra (LUNA) Lies. Crypto Market Update. BENT Moons?', 'type': 'video', 'version': '1.0', 'width': 356}, 'type': 'youtube.com'}","{'content': '&lt;iframe width=""356"" height=""200"" src=""https://www.youtube.com/embed/JhB-Mqet9DQ?feature=oembed&amp;enablejsapi=1"" frameborder=""0"" allow=""accelerometer; autoplay; clipboard-write; encrypted-media; gyroscope; picture-in-picture"" allowfullscreen&gt;&lt;/iframe&gt;', 'height': 200, 'scrolling': False, 'width': 356}",False,True,2,0,False,all_ads,/r/CryptoCurrency/comments/uw1n1p/terra_luna_lies_crypto_market_update_bent_moons/,False,rich:video,"{'enabled': False, 'images': [{'id': 'PJ0zmj2OFFcze30DlG7qWbbNLfeyhrkuck-DbZqB9eA', 'resolutions': [{'height': 81, 'url': 'https://external-preview.redd.it/KZBoL_lLqyt-ve8XtVWlfM0lsgbk7536efs3b1BrtRk.jpg?width=108&amp;crop=smart&amp;auto=webp&amp;s=4dfa40b6d9ead02c60457f04ec8222226c0b84ae', 'width': 108}, {'height': 162, 'url': 'https://external-preview.redd.it/KZBoL_lLqyt-ve8XtVWlfM0lsgbk7536efs3b1BrtRk.jpg?width=216&amp;crop=smart&amp;auto=webp&amp;s=98148a5ff596b26adb4b18c1bf7d5879c27a62de', 'width': 216}, {'height': 240, 'url': 'https://external-preview.redd.it/KZBoL_lLqyt-ve8XtVWlfM0lsgbk7536efs3b1BrtRk.jpg?width=320&amp;crop=smart&amp;auto=webp&amp;s=73856184d720bbaca9f87bb68ddb9016a3e84c92', 'width': 320}], 'source': {'height': 360, 'url': 'https://external-preview.redd.it/KZBoL_lLqyt-ve8XtVWlfM0lsgbk7536efs3b1BrtRk.jpg?auto=webp&amp;s=86dcf3aa3913c0a2b06cf4207e92140f2ad36cc9', 'width': 480}, 'variants': {}}]}",6,1653316553,1,"{'oembed': {'author_name': '333 Crypto', 'author_url': 'https://www.youtube.com/channel/UCmJ3yraAAsFlewGAu5K4nYA', 'height': 200, 'html': '&lt;iframe width=""356"" height=""200"" src=""https://www.youtube.com/embed/JhB-Mqet9DQ?feature=oembed&amp;enablejsapi=1"" frameborder=""0"" allow=""accelerometer; autoplay; clipboard-write; encrypted-media; gyroscope; picture-in-picture"" allowfullscreen&gt;&lt;/iframe&gt;', 'provider_name': 'YouTube', 'provider_url': 'https://www.youtube.com/', 'thumbnail_height': 360, 'thumbnail_url': 'https://i.ytimg.com/vi/JhB-Mqet9DQ/hqdefault.jpg', 'thumbnail_width': 480, 'title': 'Terra (LUNA) Lies. Crypto Market Update. BENT Moons?', 'type': 'video', 'version': '1.0', 'width': 356}, 'type': 'youtube.com'}","{'content': '&lt;iframe width=""356"" height=""200"" src=""https://www.youtube.com/embed/JhB-Mqet9DQ?feature=oembed&amp;enablejsapi=1"" frameborder=""0"" allow=""accelerometer; autoplay; clipboard-write; encrypted-media; gyroscope; picture-in-picture"" allowfullscreen&gt;&lt;/iframe&gt;', 'height': 200, 'media_domain_url': 'https://www.redditmedia.com/mediaembed/uw1n1p', 'scrolling': False, 'width': 356}",,True,False,False,CryptoCurrency,t5_2wlj3,4908042,public,https://b.thumbs.redditmedia.com/CMmTjo9Wtr9tXIeUY2FJ5QMyoBFjye3hk87jpXuNVoQ.jpg,105.0,140.0,Terra (LUNA) Lies. Crypto Market Update. BENT Moons?,0,[],1.0,https://youtube.com/watch?v=JhB-Mqet9DQ&amp;feature=share,https://youtube.com/watch?v=JhB-Mqet9DQ&amp;feature=share,all_ads,6,1653287743.0,moderator,,
2,[],False,mikaelus,,Warning-level1,"[{'e': 'text', 't': '9 - 10 years account age. 500 - 1000 comment karma.'}]",9 - 10 years account age. 500 - 1000 comment karma.,dark,richtext,t2_5ybjf,False,False,False,[],False,False,1653307326,vulcanpost.com,https://www.reddit.com/r/CryptoCurrency/comments/uvyln5/regulating_crypto_vitalik_buterins_idea_for_terra/,{},uvyln5,False,True,False,False,False,True,False,False,#add2e2,ADVICE,"[{'e': 'text', 't': 'ANALYSIS'}]",c1034ee6-9c2a-11e3-a8c4-12313b0e8e20,ANALYSIS,dark,richtext,False,,,False,True,0,0,False,all_ads,/r/CryptoCurrency/comments/uvyln5/regulating_crypto_vitalik_buterins_idea_for_terra/,False,link,"{'enabled': False, 'images': [{'id': 'Y85-GX5g5laC6qFOPzpayW9QY2oF9oyiwW6y7ctMHQ8', 'resolutions': [{'height': 60, 'url': 'https://external-preview.redd.it/eC4pox-QnUpxbZHOOu2Uxah7129jnUBvnB8PaI-Qsfg.jpg?width=108&amp;crop=smart&amp;auto=webp&amp;s=79fff73c2852c7cd2034636bdb9c2bd12635c336', 'width': 108}, {'height': 121, 'url': 'https://external-preview.redd.it/eC4pox-QnUpxbZHOOu2Uxah7129jnUBvnB8PaI-Qsfg.jpg?width=216&amp;crop=smart&amp;auto=webp&amp;s=2475a70ed28ab40679d709e0d5f3ae7d0c6c1fa6', 'width': 216}, {'height': 180, 'url': 'https://external-preview.redd.it/eC4pox-QnUpxbZHOOu2Uxah7129jnUBvnB8PaI-Qsfg.jpg?width=320&amp;crop=smart&amp;auto=webp&amp;s=cc0ec840a2f833d283f5fdbb187a526532fc2ed6', 'width': 320}, {'height': 360, 'url': 'https://external-preview.redd.it/eC4pox-QnUpxbZHOOu2Uxah7129jnUBvnB8PaI-Qsfg.jpg?width=640&amp;crop=smart&amp;auto=webp&amp;s=b7ef0b4ba908de4ae72433a0118868d0bbab651f', 'width': 640}, {'height': 540, 'url': 'https://external-preview.redd.it/eC4pox-QnUpxbZHOOu2Uxah7129jnUBvnB8PaI-Qsfg.jpg?width=960&amp;crop=smart&amp;auto=webp&amp;s=f873dd02d6ca285be42548569e5a223ce5766f6f', 'width': 960}, {'height': 607, 'url': 'https://external-preview.redd.it/eC4pox-QnUpxbZHOOu2Uxah7129jnUBvnB8PaI-Qsfg.jpg?width=1080&amp;crop=smart&amp;auto=webp&amp;s=7294498a40e806ec3fe26dae1cabb201e5f2e40f', 'width': 1080}], 'source': {'height': 1080, 'url': 'https://external-preview.redd.it/eC4pox-QnUpxbZHOOu2Uxah7129jnUBvnB8PaI-Qsfg.jpg?auto=webp&amp;s=3c4e23e8064e4d26825b3ef0e7635139f8f601b2', 'width': 1920}, 'variants': {}}]}",6,1653307336,1,,,,True,False,False,CryptoCurrency,t5_2wlj3,4907533,public,https://b.thumbs.redditmedia.com/is4YIFqBr2A6ga0RGsE74eCcBp8mHo3TPQHLTdv3v9Q.jpg,78.0,140.0,Regulating crypto: Vitalik Buterin's idea for Terra Luna goes further than any government,0,[],1.0,https://vulcanpost.com/788731/vitalik-buterin-terra-luna-crypto-regulation,https://vulcanpost.com/788731/vitalik-buterin-terra-luna-crypto-regulation,all_ads,6,1653278526.0,,,
3,[],False,Thunder-2008,,Warning-level2-2,"[{'e': 'text', 't': 'Tin | 3 months old'}]",Tin | 3 months old,dark,richtext,t2_hfnxcxnk,False,False,False,[],False,False,1653302804,cryptonews.com,https://www.reddit.com/r/CryptoCurrency/comments/uvxemh/binance_ceo_shares_lessons_learned_from_terra/,{},uvxemh,False,False,False,False,False,False,False,False,#0aa18f,NEWS,"[{'e': 'text', 't': 'GENERAL-NEWS'}]",f170aab2-246f-11ec-8143-429a193c9848,GENERAL-NEWS,light,richtext,False,,,False,True,0,0,False,all_ads,/r/CryptoCurrency/comments/uvxemh/binance_ceo_shares_lessons_learned_from_terra/,False,link,"{'enabled': False, 'images': [{'id': 'LxQbutOZbT06pdODACD5fX3Axq5l1fr0G8oVdltD-MY', 'resolutions': [{'height': 72, 'url': 'https://external-preview.redd.it/XE3oYvfEbmyCf-SctrzdcI-Qaw4Dv_XV47q0SRTNfRc.jpg?width=108&amp;crop=smart&amp;auto=webp&amp;s=afa35234e134719db3c5768244171f5d8ce8c2b3', 'width': 108}, {'height': 144, 'url': 'https://external-preview.redd.it/XE3oYvfEbmyCf-SctrzdcI-Qaw4Dv_XV47q0SRTNfRc.jpg?width=216&amp;crop=smart&amp;auto=webp&amp;s=057f65ba7b5807153bc03db3e44c91e33aed7b55', 'width': 216}, {'height': 213, 'url': 'https://external-preview.redd.it/XE3oYvfEbmyCf-SctrzdcI-Qaw4Dv_XV47q0SRTNfRc.jpg?width=320&amp;crop=smart&amp;auto=webp&amp;s=a11ea6045ccab0a1e4328a46d0e5ce3b39c3ce98', 'width': 320}, {'height': 426, 'url': 'https://external-preview.redd.it/XE3oYvfEbmyCf-SctrzdcI-Qaw4Dv_XV47q0SRTNfRc.jpg?width=640&amp;crop=smart&amp;auto=webp&amp;s=0fc7d80068e37ac16f4cd7b8fa661ecc847fd295', 'width': 640}, {'height': 640, 'url': 'https://external-preview.redd.it/XE3oYvfEbmyCf-SctrzdcI-Qaw4Dv_XV47q0SRTNfRc.jpg?width=960&amp;crop=smart&amp;auto=webp&amp;s=382b3b4eae8a473a8c449b61242f71e50ecd1f2c', 'width': 960}, {'height': 720, 'url': 'https://external-preview.redd.it/XE3oYvfEbmyCf-SctrzdcI-Qaw4Dv_XV47q0SRTNfRc.jpg?width=1080&amp;crop=smart&amp;auto=webp&amp;s=256d322c362248375973c87eba578e9f6e8cb70b', 'width': 1080}], 'source': {'height': 1079, 'url': 'https://external-preview.redd.it/XE3oYvfEbmyCf-SctrzdcI-Qaw4Dv_XV47q0SRTNfRc.jpg?auto=webp&amp;s=fa455f99674b9fe237790bc3888d16ccd19cf494', 'width': 1618}, 'variants': {}}]}",6,1653302815,1,,,,True,False,False,CryptoCurrency,t5_2wlj3,4907311,public,https://b.thumbs.redditmedia.com/vsmyYRPN-2xJlnPCCemkbxpLtfD-KVBrETfCOUVjcCM.jpg,93.0,140.0,"Binance CEO Shares Lessons Learned From Terra Fall, Says He is 'Pleased by the Crypto Industry Resilience'",0,[],1.0,https://cryptonews.com/news/binance-ceo-shares-lessons-learned-from-terra-fall-says-he-is-pleased-by-the-crypto-industry-resilience.htm,https://cryptonews.com/news/binance-ceo-shares-lessons-learned-from-terra-fall-says-he-is-pleased-by-the-crypto-industry-resilience.htm,all_ads,6,1653274004.0,reddit,,
4,[],False,premium-iptv,,,[],,,text,t2_n115hl3w,False,False,False,[],False,False,1653297177,self.CryptoCurrency,https://www.reddit.com/r/CryptoCurrency/comments/uvw4ez/ust_is_not_the_end_of_algo_stablecoins_heres_why/,{},uvw4ez,False,True,False,False,False,True,True,False,#5a74cc,PERSPECTIVE,"[{'e': 'text', 't': 'PERSPECTIVE'}]",1b44cdb2-2a6c-11ec-9baf-0aa21184cd0a,PERSPECTIVE,light,richtext,False,,,False,True,0,0,False,all_ads,/r/CryptoCurrency/comments/uvw4ez/ust_is_not_the_end_of_algo_stablecoins_heres_why/,False,,,6,1653297188,1,,,"Decentralized finance NEEDS decentralized money, there is no question about it. UST was an experiment and still is, even though people were treating it like more than that.

The entire core idea of Bitcoin and crypto is to take decision making out of the hands of corrupt people and give it to the algorithm. That‚Äôs why Bitcoin is trusted: there is no central authority, no central point of failure.

UST was not completely decentralized. The algorithm wasn‚Äôt ready to be left untouched and mistakes were made. By people.And you can argue that if the algorithm is made by people then it can never pe perfect, you could also say that‚Äôs why we have forks, it was never perfect ‚Äî but algorithms are not meant to be perfect, they are meant to serve a specific purpose and that purpose was not clear enough in USTs case.

If you look at Thorchain, their algorithm stopped UST trading before anything could happen on their blockchain, way before exchanges stopped trading and delisted UST, way before Terra blockchain was halted. UST as a core concept is not broken, the algorithm was broken. We just have to figure out a way to make it work‚Ä¶ Like Thorchain did in this specific example.

Bitcoin did not fail for over 10 years, even if some people don‚Äôt agree ‚Äî it serves it‚Äôs original purpose. Some folks just wanted it another way and forked it. Now it‚Äôs Terras turn ‚Äî the fork will happen and Terra Classic will still be around. There are too many people involved with many different ideas of how it should work. So much commitment on both sides.

There is never only one way forward, watching Terra Classic and Terra 2.0 will be like looking at two separate universes unfold, we are living such interesting times.

What a time to be alive.",True,False,False,CryptoCurrency,t5_2wlj3,4907056,public,self,,,"UST is not the end of algo stablecoins, here's why",0,[],1.0,https://www.reddit.com/r/CryptoCurrency/comments/uvw4ez/ust_is_not_the_end_of_algo_stablecoins_heres_why/,,all_ads,6,1653268377.0,,,
5,[],False,Clash_My_Clans,, Bick Dig Energy,"[{'e': 'text', 't': ' Bick Dig Energy '}]", Bick Dig Energy ,dark,richtext,t2_xedna,False,False,False,[],False,False,1653291455,coindesk.com,https://www.reddit.com/r/CryptoCurrency/comments/uvuw1u/there_was_no_terra_attack/,{},uvuw1u,False,True,False,False,False,True,False,False,,DISCUSSION,"[{'e': 'text', 't': 'üü¢ DISCUSSION'}]",,üü¢ DISCUSSION,dark,richtext,False,,,False,True,0,0,False,all_ads,/r/CryptoCurrency/comments/uvuw1u/there_was_no_terra_attack/,False,link,"{'enabled': False, 'images': [{'id': 'TkxXyVuIxgMJfjEVemjuwF1BVIi51lWsastjRhUKbQI', 'resolutions': [{'height': 56, 'url': 'https://external-preview.redd.it/hJ6XsX2v6ZEzdXTm8Lf9QE0vM5n1F1blJkh9DECVojM.jpg?width=108&amp;crop=smart&amp;auto=webp&amp;s=7e2160e55e090c73d6e397f855f856612d70f2ae', 'width': 108}, {'height': 113, 'url': 'https://external-preview.redd.it/hJ6XsX2v6ZEzdXTm8Lf9QE0vM5n1F1blJkh9DECVojM.jpg?width=216&amp;crop=smart&amp;auto=webp&amp;s=9fb69f619ee3504ea53fcd2f05b3ddffd0f111cc', 'width': 216}, {'height': 167, 'url': 'https://external-preview.redd.it/hJ6XsX2v6ZEzdXTm8Lf9QE0vM5n1F1blJkh9DECVojM.jpg?width=320&amp;crop=smart&amp;auto=webp&amp;s=ab519249803842297cbcfe6f2a1b9517e22c0b60', 'width': 320}, {'height': 334, 'url': 'https://external-preview.redd.it/hJ6XsX2v6ZEzdXTm8Lf9QE0vM5n1F1blJkh9DECVojM.jpg?width=640&amp;crop=smart&amp;auto=webp&amp;s=7a061edca7b6c6ee01e6796bdfb696377d14a1fc', 'width': 640}, {'height': 502, 'url': 'https://external-preview.redd.it/hJ6XsX2v6ZEzdXTm8Lf9QE0vM5n1F1blJkh9DECVojM.jpg?width=960&amp;crop=smart&amp;auto=webp&amp;s=68ea82145cc3624b526fef17031dffcdcf0c070e', 'width': 960}, {'height': 565, 'url': 'https://external-preview.redd.it/hJ6XsX2v6ZEzdXTm8Lf9QE0vM5n1F1blJkh9DECVojM.jpg?width=1080&amp;crop=smart&amp;auto=webp&amp;s=528845cb2e23a1c394ecf7af808e84122d4d7fbb', 'width': 1080}], 'source': {'height': 628, 'url': 'https://external-preview.redd.it/hJ6XsX2v6ZEzdXTm8Lf9QE0vM5n1F1blJkh9DECVojM.jpg?auto=webp&amp;s=d9087f3387718e5927c02ca60a3f4f40f7275c97', 'width': 1200}, 'variants': {}}]}",6,1653291465,1,,,,True,False,False,CryptoCurrency,t5_2wlj3,4906794,public,https://b.thumbs.redditmedia.com/squ3AFjIUnCn5dNLaPaSjFzYAw0XzbIodN24JA7GY4g.jpg,73.0,140.0,There Was No Terra ‚ÄòAttack‚Äô,0,[],1.0,https://www.coindesk.com/layer2/2022/05/20/there-was-no-terra-attack/,https://www.coindesk.com/layer2/2022/05/20/there-was-no-terra-attack/,all_ads,6,1653262655.0,,,
6,[],False,Bpool91,,,"[{'e': 'text', 't': 'Silver | QC: CC 286, ALGO 17 | CRO 61 | ExchSubs 61'}]","Silver | QC: CC 286, ALGO 17 | CRO 61 | ExchSubs 61",dark,richtext,t2_5cv2by07,False,False,False,[],False,False,1653290459,self.CryptoCurrency,https://www.reddit.com/r/CryptoCurrency/comments/uvunu3/britains_crypto_list_heres_who_to_watch/,{},uvunu3,False,True,False,False,False,True,True,False,#0aa18f,NEWS,"[{'e': 'text', 't': 'GENERAL-NEWS'}]",f170aab2-246f-11ec-8143-429a193c9848,GENERAL-NEWS,light,richtext,False,,,False,True,0,0,False,all_ads,/r/CryptoCurrency/comments/uvunu3/britains_crypto_list_heres_who_to_watch/,False,self,"{'enabled': False, 'images': [{'id': '0ZsXkmv-9nBcYHY-6FOlwqMSgi7tNQ5y6pzWsmy4XR4', 'resolutions': [{'height': 66, 'url': 'https://external-preview.redd.it/r4H3EHglZILG8qroSyEj_QJEtW8AHnvwRpqsSMwXJ1k.jpg?width=108&amp;crop=smart&amp;auto=webp&amp;s=73d54bacf0245f0ede38902e0c780ef91c62d093', 'width': 108}, {'height': 132, 'url': 'https://external-preview.redd.it/r4H3EHglZILG8qroSyEj_QJEtW8AHnvwRpqsSMwXJ1k.jpg?width=216&amp;crop=smart&amp;auto=webp&amp;s=1b16bf07ae4fd12823ce1a8eec1ba9b4a0bf0e9b', 'width': 216}, {'height': 195, 'url': 'https://external-preview.redd.it/r4H3EHglZILG8qroSyEj_QJEtW8AHnvwRpqsSMwXJ1k.jpg?width=320&amp;crop=smart&amp;auto=webp&amp;s=da55c769ff8acb39faa30553d2976179f477555e', 'width': 320}, {'height': 391, 'url': 'https://external-preview.redd.it/r4H3EHglZILG8qroSyEj_QJEtW8AHnvwRpqsSMwXJ1k.jpg?width=640&amp;crop=smart&amp;auto=webp&amp;s=33c376637cb34a437b08ea9b936560477b711eda', 'width': 640}, {'height': 587, 'url': 'https://external-preview.redd.it/r4H3EHglZILG8qroSyEj_QJEtW8AHnvwRpqsSMwXJ1k.jpg?width=960&amp;crop=smart&amp;auto=webp&amp;s=ca2fb3ec1c8ad7f29852dbec8f07f97181239227', 'width': 960}, {'height': 660, 'url': 'https://external-preview.redd.it/r4H3EHglZILG8qroSyEj_QJEtW8AHnvwRpqsSMwXJ1k.jpg?width=1080&amp;crop=smart&amp;auto=webp&amp;s=4641fd9fc38c8d324bb7c32acca4d8b7a88f839a', 'width': 1080}], 'source': {'height': 734, 'url': 'https://external-preview.redd.it/r4H3EHglZILG8qroSyEj_QJEtW8AHnvwRpqsSMwXJ1k.jpg?auto=webp&amp;s=c1eb8eab921837f149d80a736db581386864a0ac', 'width': 1200}, 'variants': {}}]}",6,1653290469,1,,,"***Meet six more of the industry‚Äôs key players in the second part of our list.***

The UK‚Äôs crypto landscape is maturing, and regulators and lawmakers are taking a greater interest in the industry. The Financial Conduct Authority is gearing up to create new rules for digital assets, and crypto companies are trying to make sure those guardrails aren‚Äôt too disruptive.

Bloomberg Crypto spoke with some of the UK industry‚Äôs key players, from the sector‚Äôs top enforcer to a prominent crypto skeptic. Here are the stories of six of them, in part two of a [two-part series](https://www.bloomberg.com/news/features/2022-05-15/britain-s-crypto-list-here-are-the-people-to-watch).

## Sarah Green

**Age:** 45  
**Job:** Law Commissioner for Commercial and Common Law at the Law Commission of England and Wales  
**Location:** Bristol and London

While the European Union debates stronger regulatory measures for cryptocurrencies and other digital assets, Sarah Green is preparing to lead a project on behalf of the Law Commission of England and Wales to evaluate the legal status of decentralized autonomous organizations, or DAOs ‚Äî¬†producing research which could set a global precedent on how to legislate for the seemingly infinite networks of anonymous groups on the internet.

DAOs spiked in popularity as decentralized finance applications became more prominent within the cryptosphere. The groups are run by communities of stakeholders, using smart contracts on blockchain networks to execute key functions, such as voting on how various crypto platforms are run.¬†

‚ÄúOne of the concerns is that if we don‚Äôt move on this, and we don‚Äôt make it clear what each party‚Äôs liability is going to be and what their legal status is going to be if they set up DAOs in this jurisdiction, is that people will do it elsewhere,‚Äù Green said in an interview. ‚ÄúThat would cause quite a dramatic loss of potential revenue, both for the economy and certainly for English and Welsh law.‚Äù

The Commission plans to publish its proposed rules for digital assets ‚Äî¬†including cryptocurrencies and nonfungible tokens ‚Äî¬†this summer, based on conversations with users, developers and legal advisers. The UK Parliament will then consider the recommendations.¬†

Green, who has written about digital assets, smart contracts and blockchain issues, said assessing how the law could evolve to include crypto was one of the main reasons she was appointed as a commissioner in 2020. She had previously held professorships at the University of Bristol and University of Oxford, where she first started looking into blockchain and crypto.

‚ÄúParticularly when I was at Oxford, I spent a lot of time arguing with other lawyers who were negative about it and said it‚Äôs just a flash in the pan,‚Äù said Green. ‚ÄúIn short, I suppose I‚Äôm very bullish about it. I don‚Äôt think it‚Äôs going to take over, but I do think it‚Äôs going to become a really integral part of mainstream economy.‚Äù

## Sarah Pritchard

**Age:** 45  
**Job:** Executive Director, Markets at the¬†Financial Conduct Authority  
**Location:** London

Pay attention to Pritchard if you‚Äôre wondering how the UK‚Äôs top financial regulator plans to [tackle crypto](https://www.bloomberg.com/news/articles/2022-05-20/uk-regulator-scrutinizes-terra-fallout-as-it-mulls-crypto-rules). She‚Äôs the executive in charge of the watchdog‚Äôs response to the sector, which includes mapping out how the organization might shape the country‚Äôs future regulatory framework for digital assets and supervise firms in the space.

‚ÄúI look at my own diary for the last month and there are several substantive, strategic meetings on crypto per week, every week,‚Äù said Pritchard in an interview. ‚ÄúWhereas if you turn back the clock 11 months, to the day when I first joined, that wasn‚Äôt the case. So it just shows the real significant attention that we are paying to it.‚Äù

Pritchard first came across crypto at the National Crime Agency seven years ago, where she rose up the ranks to become director of its National Economic Crime Centre before moving across to the FCA last summer. She not only sees the possible benefits of blockchain but also the importance of ‚Äúmaking sure there are minimized risks of financial crime from the get go.‚Äù

The FCA is at a key turning point as it gears up to gain additional powers in the crypto space later this year. Its previous work on digital assets was limited to scrutinizing firms that applied for registration under anti-money laundering standards, with only 34 of more than 100 applicants making the cut. The watchdog recently completed its first Crypto Sprint, an over-subscribed two-day session of listening and discussions with industry players about what comes next.

‚ÄúWhat‚Äôs most interesting to me is the range of applications, or the range of different scenarios, in which there may need to be a regulatory touch point on all things crypto. It‚Äôs such a broad term,‚Äù Pritchard said. ‚ÄúIt‚Äôs important to make sure that we‚Äôre taking steps to minimize harm before that harm becomes significant, because significant harm in a market is not good for anybody.‚Äù

## Andrei Brasoveanu

**Age:** 35  
**Job:** Partner at Accel  
**Location:** London

Romania-born Brasoveanu is a partner at the venture capital firm Accel, where he focuses on investing in companies in areas ranging from so-called web3 applications to cryptocurrencies and enterprise software. Before that, he worked at Foundation Capital and high-frequency trading firm KCG-Virtu Financial. ¬†

Brasoveanu became fascinated with mathematics as a child and later went to Princeton on a full math scholarship, graduating summa cum laude. He also holds an MBA from Harvard Business School.¬†

More recently, Brasoveanu led Accel‚Äôs investments in startup Sorare, which he describes as a ‚Äúbusiness situated at the intersection of nonfungible tokens and global fantasy sports‚Äù and Sky Mavis, the creator of play-to-earn game Axie Infinity. Other crypto investments include Tenderly, a development platform for decentralized apps (or dapps) and the blockchain analytics firm Nansen.¬†

‚ÄúWe‚Äôre very much optimizing for 10 years plus ‚Äî we‚Äôre keen to back companies that can define entire generations and redefine the categories they are in,‚Äù Brasoveanu said in an interview. ‚ÄúWe are not optimizing for a very good token launch.‚Äù

## Stephen Diehl

**Age:** 35  
**Job:** Software Engineer  
**Location:** London

Diehl, one of the UK‚Äôs most prominent crypto skeptics, has been working with policymakers including the European Central Bank and US Congressional members to counterbalance the industry‚Äôs influence over how digital assets and other emerging technologies should be regulated.

The American-born software engineer is best known for his popular [blog](https://www.stephendiehl.com/blog.html) featuring his insights into the harms of web3 ‚Äî a term which refers to a next generation of the internet powered by blockchain technology ‚Äî which he says garners hundreds of thousands of views a year.¬†

‚ÄúI‚Äôve seen different facets of the way the global financial system works enough to have an informed opinion,‚Äù said Diehl, who worked his way up from a rank and file software engineer to become the CTO of a tech startup. ‚ÄúI try my best to represent what I think a vast majority of people in my industry think, but don‚Äôt say so publicly.‚Äù

Diehl said in an interview that he struggles to find coherence among regulators when it comes to the crypto sector. Despite there being no common ground on even the most basic issues, like the appropriate definition of a cryptocurrency, countries are embracing digital assets. In the UK, the Financial Conduct Authority has likened crypto to gambling products that can cause investors to lose all their money. ‚ÄúThat‚Äôs pretty much the most extreme thing they can do,‚Äù Diehl said.

Ultimately, Diehl doesn‚Äôt expect crypto to stick around for long. He called stablecoins, a type of cryptoasset typically tied to the value of a fiat currency and backed by sometimes murky reserves, ‚Äúa ticking time bomb waiting to happen.‚Äù¬†

‚ÄúThe public has no idea what they‚Äôre getting into when they‚Äôre buying these things,‚Äù he said. ‚ÄúThey‚Äôre probably the most risky products that we can possibly sell to the public, and the fact that they‚Äôre being heralded as a means for financial inclusion is even more scary.‚Äù

## Diana Biggs

**Age:** 41  
**Job:** Chief Strategy Officer at DeFi Technologies  
**Location:** Zug, Switzerland

From leading innovation efforts at London-based HSBC Holdings Plc to launching cryptocurrency exchange-traded products on the continent, Diana Biggs‚Äôs career straddles the divide between traditional and digital finance.

Biggs developed an interest in technology in high school. She built websites in the 1990s and got involved in North American seasonal publication 2600: The Hacker Quarterly. After earning an MBA in London, Biggs landed at consultancy Oliver Wyman‚Äôs London office before working for several startups. An introduction to Bitcoin by her younger brother in 2013 became a turning point.

‚ÄúThere‚Äôs just some issues with the existing financial system that I wanted to address,‚Äù she said in an interview. ‚ÄúI started going to Bitcoin meetups and met an investor who was looking to start a crypto exchange in London. He asked me if I would move back, and I did,‚Äù said Biggs, who was in the US at the time.¬†

That business was Uphold, a digital money platform where she was head of growth for Emea until 2016. But as the UK‚Äôs preference in fintech turned to ‚Äúblockchain, not Bitcoin,‚Äù Biggs did another career about-face. She dabbled in venture capital investing before joining HSBC to start its innovation team. By 2020, she was back in crypto full-time as CEO of ETP provider Valour. When DeFi Technologies bought Valour last year, Biggs took up her current role.¬†

Does her time in traditional finance give her an edge in crypto, as the sector goes mainstream? ‚ÄúUnderstanding the system is very useful, just for everyone‚Äôs sanity,‚Äù Biggs said. ‚ÄúSometimes both sides don‚Äôt engage with each other. But the more that we can get that engagement across, the better, so that we‚Äôre not repeating the same mistakes. A lot of these ideas aren‚Äôt brand new.‚Äù

As for the UK‚Äôs appeal, crypto companies are in wait-and-see mode. Valour recently opened a new office in London, and while the Treasury‚Äôs recently-announced push to make Britain a crypto hub offers hope, Biggs said she‚Äôs holding out for a reversal of the 2021 ban on crypto derivatives for retail investors. ‚ÄúI would imagine that it would be difficult for the UK to continue the momentum of being a global crypto hub, and still not allow retail investors access to these products,‚Äù she said.

## Marieke Flament

**Age:** 40  
**Job:**¬†CEO at NEAR Foundation  
**Location:** Zug, Switzerland and London

Flament, a French computer engineer who joined Swiss blockchain project NEAR Foundation last year as its chief executive officer, has been engaging with regulators and government leaders to shape the future of crypto.¬†

But Flament wasn‚Äôt always bullish on digital assets. She recalled having a conversation with a headhunter in 2015 for a role at Circle, a blockchain-focused financial services and payments company, thinking ‚Äúthis must be a joke.‚Äù

Flament‚Äôs skepticism came from the view that crypto was associated with criminal activity, she said in an interview. But when she saw that Sean Neville and Jeremy Allaire, who were considered pioneers in internet software, were leading Circle, she decided to give the sector another chance.

Upon further reflection, she realized that ‚ÄúBitcoin was actually going to be something very big.‚Äù

Flament went on to work at Circle for three years as its managing director for Europe and global chief marketing officer. It was her first foray into crypto.

Flament holds an MBA from London Business School and a master‚Äôs from TelecomParisTech and Shanghai Jiao Tong University. Prior to joining Circle, she worked at Expedia‚Äôs Hotels.com, Boston Consulting Group and luxury giant LVMH.

[https://www.bloomberg.com/news/features/2022-05-23/uk-crypto-s-key-players-here-are-the-people-to-watch](https://www.bloomberg.com/news/features/2022-05-23/uk-crypto-s-key-players-here-are-the-people-to-watch)",True,False,False,CryptoCurrency,t5_2wlj3,4906743,public,self,,,Britain‚Äôs Crypto List: Here‚Äôs Who to Watch,0,[],1.0,https://www.reddit.com/r/CryptoCurrency/comments/uvunu3/britains_crypto_list_heres_who_to_watch/,,all_ads,6,1653261659.0,,,
7,[],False,Good_Buffalo2870,,,[],,,text,t2_niifumer,False,False,False,[],False,False,1653282945,self.CryptoCurrency,https://www.reddit.com/r/CryptoCurrency/comments/uvsw3u/terra_and_jump/,{},uvsw3u,False,True,False,False,False,True,True,False,#0aa18f,NEWS,"[{'e': 'text', 't': 'GENERAL-NEWS'}]",f170aab2-246f-11ec-8143-429a193c9848,GENERAL-NEWS,light,richtext,False,,,False,False,0,0,False,all_ads,/r/CryptoCurrency/comments/uvsw3u/terra_and_jump/,False,,,6,1653282955,1,,,"my friend works for Jump - some of what follows is told by him to me but much of it I also heard first hand overhearing their zoom meetings when we wfh together

I asked his permission to post this. he's scared about getting sued, but he'll probably go to the government with what he knows anyways and hopes he'll get some sort of protection there. of course he's looking for a new role asap

jump mostly seems to make money from Robinhood, market making for various projects (which leads to deals), some trading, and some vc

Jump was very close to Do Kwon. at one point Jump was offering to help grow the terra ecosystem through various projects. as most jump investments go, they were providing market making, doing some dev work, doing some promotional work, etc

then May 2021 depeg happened. jump offered to help rescue terra. the bribe from do kown was 1 million LUNA per month for several years (not sure of the actual term, but can find out from friend if serious ask). Do Kwon agreed and jump went crazy started buying luna on all the exchanges. this was a great deal for jump as not only would they make money on the trade itself, 1 million luna per month could translate into X million USD per month for luna at price X for a long time. this is literally billions of USD for Jump manufactured out of thin air to keep Do Kwon's project going. he had no choice (otherwise luna would have failed then) so he agreed. plus as I said, it's made out of thin air.

jump accumulated a lot ust which it later resold for $1 or above. it also had a ton of luna coming in now. it started selling this luna to retail via the various exchange and then plowing this money back into buying locked luna at a discount. it also started trying to continue to expand ust adoption (to push the price of luna even higher and maybe double or triple their many billions). by suggesting solana and other chains to adopt it.

here's the rub though - many within jump (incl my friend) knew it was a ponzi. Jump didn't care. how could they turn down 3-5 billion or even potentially 10-15 billion?

if jump had done the right thing in May 21, knowing full well it was a ponzi, instead of propping it up, the damage would have been much smaller ($2 billion), 1/10th of the damage done this month. not to mention the devs, projects, and crypto users in general

they should be held accountable for this

feel free to dm for any more details or you know anything about being a whistleblower for my friend",True,False,False,CryptoCurrency,t5_2wlj3,4906348,public,self,,,Terra and Jump,0,[],1.0,https://www.reddit.com/r/CryptoCurrency/comments/uvsw3u/terra_and_jump/,,all_ads,6,1653254145.0,,,
8,[],False,Chrissy_man,,,[],,,text,t2_d1cbuyfr,False,False,False,[],False,False,1653269364,self.CryptoCurrency,https://www.reddit.com/r/CryptoCurrency/comments/uvp4ri/terra_luna/,{},uvp4ri,False,False,False,False,False,False,True,False,#cc8b00,SPECULATION,"[{'e': 'text', 't': 'SPECULATION'}]",ebb30328-94d1-11eb-94d6-0e7d4f551e2d,SPECULATION,light,richtext,False,,,False,True,1,0,False,all_ads,/r/CryptoCurrency/comments/uvp4ri/terra_luna/,False,,,6,1653269375,1,,,[removed],True,False,False,CryptoCurrency,t5_2wlj3,4905621,public,self,,,Terra Luna,0,[],1.0,https://www.reddit.com/r/CryptoCurrency/comments/uvp4ri/terra_luna/,,all_ads,6,1653240564.0,moderator,,
9,[],False,Zesty-Milkshake,,,[],,,text,t2_4puei6dd,False,False,False,[],False,False,1653265669,self.CryptoCurrency,https://www.reddit.com/r/CryptoCurrency/comments/uvo22p/luna_squeeze/,{},uvo22p,False,True,False,False,False,True,True,False,#5a74cc,PERSPECTIVE,"[{'e': 'text', 't': 'PERSPECTIVE'}]",1b44cdb2-2a6c-11ec-9baf-0aa21184cd0a,PERSPECTIVE,light,richtext,False,,,False,True,0,0,False,all_ads,/r/CryptoCurrency/comments/uvo22p/luna_squeeze/,False,,,6,1653265680,1,,,Whoever made Luna/terra crash is planning on making big money. Many news outlets have been suggesting that terra failing was the result of a short. Perhaps the company or people involved crashed terra to short it and come out with profit at everyone‚Äôs expense. If that‚Äôs the case they would hold until May 27th hoping terra fully crashes and they can cash out. If we all ban together we can show them who‚Äôs boss and they can‚Äôt bully everyday people just because they have huge wallets. If we can restore or bring up Terra‚Äôs value they‚Äôll be sure to lose the money. If it was an intentional crash.,True,False,False,CryptoCurrency,t5_2wlj3,4905438,public,self,,,Luna Squeeze,0,[],1.0,https://www.reddit.com/r/CryptoCurrency/comments/uvo22p/luna_squeeze/,,all_ads,6,1653236869.0,,,
10,[],False,DesignBasic8870,,,[],,,text,t2_ni717vrm,False,False,False,[],False,False,1653265498,self.CryptoCurrency,https://www.reddit.com/r/CryptoCurrency/comments/uvo0b7/luna_squeeze/,{},uvo0b7,False,True,False,False,False,True,True,False,#5a74cc,PERSPECTIVE,"[{'e': 'text', 't': 'PERSPECTIVE'}]",1b44cdb2-2a6c-11ec-9baf-0aa21184cd0a,PERSPECTIVE,light,richtext,False,,,False,False,0,0,False,all_ads,/r/CryptoCurrency/comments/uvo0b7/luna_squeeze/,False,,,6,1653265509,1,,,Whoever made Luna/terra crash is planning on making big money. Many news outlets have been suggesting that terra failing was the result of a short. Perhaps the company or people involved crashed terra to short it and come out with profit at everyone‚Äôs expense. If that‚Äôs the case they would hold until May 27th hoping terra fully crashes and they can cash out. If we all ban together we can show them who‚Äôs boss and they can‚Äôt bully everyday people just because they have huge wallets. If we can restore or bring up Terra‚Äôs value they‚Äôll be sure to lose the money. If it was an intentional crash.,True,False,False,CryptoCurrency,t5_2wlj3,4905431,public,self,,,Luna Squeeze,0,[],1.0,https://www.reddit.com/r/CryptoCurrency/comments/uvo0b7/luna_squeeze/,,all_ads,6,1653236698.0,,,
11,[],False,Patricius___,,,[],,,text,t2_ee0vlwr5,False,False,False,[],False,False,1653255769,youtube.com,https://www.reddit.com/r/Bitcoin/comments/uvkzfo/what_happened_to_terra_luna/,{},uvkzfo,False,False,False,False,False,False,False,False,,,[],,,dark,text,False,"{'oembed': {'author_name': 'Patrick Ricu', 'author_url': 'https://www.youtube.com/channel/UCtKrZ1fU1bqk4JgZ32wiAiw', 'height': 200, 'html': '&lt;iframe width=""356"" height=""200"" src=""https://www.youtube.com/embed/kWpPoTq3CIo?feature=oembed&amp;enablejsapi=1"" frameborder=""0"" allow=""accelerometer; autoplay; clipboard-write; encrypted-media; gyroscope; picture-in-picture"" allowfullscreen&gt;&lt;/iframe&gt;', 'provider_name': 'YouTube', 'provider_url': 'https://www.youtube.com/', 'thumbnail_height': 360, 'thumbnail_url': 'https://i.ytimg.com/vi/kWpPoTq3CIo/hqdefault.jpg', 'thumbnail_width': 480, 'title': 'What happened to Terra Luna?!', 'type': 'video', 'version': '1.0', 'width': 356}, 'type': 'youtube.com'}","{'content': '&lt;iframe width=""356"" height=""200"" src=""https://www.youtube.com/embed/kWpPoTq3CIo?feature=oembed&amp;enablejsapi=1"" frameborder=""0"" allow=""accelerometer; autoplay; clipboard-write; encrypted-media; gyroscope; picture-in-picture"" allowfullscreen&gt;&lt;/iframe&gt;', 'height': 200, 'scrolling': False, 'width': 356}",False,True,0,0,False,all_ads,/r/Bitcoin/comments/uvkzfo/what_happened_to_terra_luna/,False,rich:video,"{'enabled': False, 'images': [{'id': '0Sznz8-TSay6AZZ1NsVL69s-9Ayrmfx3nPKDKaA_PjE', 'resolutions': [{'height': 81, 'url': 'https://external-preview.redd.it/jFq9hm_VLAnYRoiho__sv-RajkHrIK2I4JzbplQCMg4.jpg?width=108&amp;crop=smart&amp;auto=webp&amp;s=c2264ede18c73f8e250895dffca5431da8ac9331', 'width': 108}, {'height': 162, 'url': 'https://external-preview.redd.it/jFq9hm_VLAnYRoiho__sv-RajkHrIK2I4JzbplQCMg4.jpg?width=216&amp;crop=smart&amp;auto=webp&amp;s=04ed2fe3ecfd5b7b0c2df6c1ba9b73edee460024', 'width': 216}, {'height': 240, 'url': 'https://external-preview.redd.it/jFq9hm_VLAnYRoiho__sv-RajkHrIK2I4JzbplQCMg4.jpg?width=320&amp;crop=smart&amp;auto=webp&amp;s=b6a6fe160b558d2234912812e6b99d3dc1a20881', 'width': 320}], 'source': {'height': 360, 'url': 'https://external-preview.redd.it/jFq9hm_VLAnYRoiho__sv-RajkHrIK2I4JzbplQCMg4.jpg?auto=webp&amp;s=bb9eb7e8a0d510d624b03bdc2b4ffe68ea744f47', 'width': 480}, 'variants': {}}]}",6,1653255779,1,"{'oembed': {'author_name': 'Patrick Ricu', 'author_url': 'https://www.youtube.com/channel/UCtKrZ1fU1bqk4JgZ32wiAiw', 'height': 200, 'html': '&lt;iframe width=""356"" height=""200"" src=""https://www.youtube.com/embed/kWpPoTq3CIo?feature=oembed&amp;enablejsapi=1"" frameborder=""0"" allow=""accelerometer; autoplay; clipboard-write; encrypted-media; gyroscope; picture-in-picture"" allowfullscreen&gt;&lt;/iframe&gt;', 'provider_name': 'YouTube', 'provider_url': 'https://www.youtube.com/', 'thumbnail_height': 360, 'thumbnail_url': 'https://i.ytimg.com/vi/kWpPoTq3CIo/hqdefault.jpg', 'thumbnail_width': 480, 'title': 'What happened to Terra Luna?!', 'type': 'video', 'version': '1.0', 'width': 356}, 'type': 'youtube.com'}","{'content': '&lt;iframe width=""356"" height=""200"" src=""https://www.youtube.com/embed/kWpPoTq3CIo?feature=oembed&amp;enablejsapi=1"" frameborder=""0"" allow=""accelerometer; autoplay; clipboard-write; encrypted-media; gyroscope; picture-in-picture"" allowfullscreen&gt;&lt;/iframe&gt;', 'height': 200, 'media_domain_url': 'https://www.redditmedia.com/mediaembed/uvkzfo', 'scrolling': False, 'width': 356}",,True,False,False,Bitcoin,t5_2s3qj,4216624,public,https://b.thumbs.redditmedia.com/ggfTuLH5CNSHmleiDNzWQTVwXhytzFTSHlMF6rPJjqM.jpg,105.0,140.0,What happened to Terra Luna?!?!,0,[],1.0,https://www.youtube.com/watch?v=kWpPoTq3CIo&amp;ab_channel=PatrickRicu,https://www.youtube.com/watch?v=kWpPoTq3CIo&amp;ab_channel=PatrickRicu,all_ads,6,1653226969.0,moderator,,
12,[],False,Patricius___,,,[],,,text,t2_ee0vlwr5,False,False,False,[],False,False,1653255744,self.Bitcoin,https://www.reddit.com/r/Bitcoin/comments/uvkz44/what_happened_to_terra_luna/,{},uvkz44,False,False,False,False,False,False,True,False,,,[],,,dark,text,False,,,False,True,0,0,False,all_ads,/r/Bitcoin/comments/uvkz44/what_happened_to_terra_luna/,False,self,"{'enabled': False, 'images': [{'id': '0Sznz8-TSay6AZZ1NsVL69s-9Ayrmfx3nPKDKaA_PjE', 'resolutions': [{'height': 81, 'url': 'https://external-preview.redd.it/jFq9hm_VLAnYRoiho__sv-RajkHrIK2I4JzbplQCMg4.jpg?width=108&amp;crop=smart&amp;auto=webp&amp;s=c2264ede18c73f8e250895dffca5431da8ac9331', 'width': 108}, {'height': 162, 'url': 'https://external-preview.redd.it/jFq9hm_VLAnYRoiho__sv-RajkHrIK2I4JzbplQCMg4.jpg?width=216&amp;crop=smart&amp;auto=webp&amp;s=04ed2fe3ecfd5b7b0c2df6c1ba9b73edee460024', 'width': 216}, {'height': 240, 'url': 'https://external-preview.redd.it/jFq9hm_VLAnYRoiho__sv-RajkHrIK2I4JzbplQCMg4.jpg?width=320&amp;crop=smart&amp;auto=webp&amp;s=b6a6fe160b558d2234912812e6b99d3dc1a20881', 'width': 320}], 'source': {'height': 360, 'url': 'https://external-preview.redd.it/jFq9hm_VLAnYRoiho__sv-RajkHrIK2I4JzbplQCMg4.jpg?auto=webp&amp;s=bb9eb7e8a0d510d624b03bdc2b4ffe68ea744f47', 'width': 480}, 'variants': {}}]}",6,1653255754,1,,,[removed],True,False,False,Bitcoin,t5_2s3qj,4216622,public,self,,,What happened to Terra Luna!?!?,0,[],1.0,https://www.reddit.com/r/Bitcoin/comments/uvkz44/what_happened_to_terra_luna/,,all_ads,6,1653226944.0,moderator,,
13,[],False,Patricius___,,,[],,,text,t2_ee0vlwr5,False,False,False,[],False,False,1653251284,self.CryptoCurrency,https://www.reddit.com/r/CryptoCurrency/comments/uvjfmh/what_happened_to_terra_luna/,{},uvjfmh,False,False,False,False,False,False,True,False,#0dd3bb,VIDEOS,"[{'e': 'text', 't': 'VIDEOS'}]",fee6c918-f3e4-11e5-8172-0ecf7e00c6db,VIDEOS,dark,richtext,False,,,False,True,1,0,False,all_ads,/r/CryptoCurrency/comments/uvjfmh/what_happened_to_terra_luna/,False,self,"{'enabled': False, 'images': [{'id': '0Sznz8-TSay6AZZ1NsVL69s-9Ayrmfx3nPKDKaA_PjE', 'resolutions': [{'height': 81, 'url': 'https://external-preview.redd.it/jFq9hm_VLAnYRoiho__sv-RajkHrIK2I4JzbplQCMg4.jpg?width=108&amp;crop=smart&amp;auto=webp&amp;s=c2264ede18c73f8e250895dffca5431da8ac9331', 'width': 108}, {'height': 162, 'url': 'https://external-preview.redd.it/jFq9hm_VLAnYRoiho__sv-RajkHrIK2I4JzbplQCMg4.jpg?width=216&amp;crop=smart&amp;auto=webp&amp;s=04ed2fe3ecfd5b7b0c2df6c1ba9b73edee460024', 'width': 216}, {'height': 240, 'url': 'https://external-preview.redd.it/jFq9hm_VLAnYRoiho__sv-RajkHrIK2I4JzbplQCMg4.jpg?width=320&amp;crop=smart&amp;auto=webp&amp;s=b6a6fe160b558d2234912812e6b99d3dc1a20881', 'width': 320}], 'source': {'height': 360, 'url': 'https://external-preview.redd.it/jFq9hm_VLAnYRoiho__sv-RajkHrIK2I4JzbplQCMg4.jpg?auto=webp&amp;s=bb9eb7e8a0d510d624b03bdc2b4ffe68ea744f47', 'width': 480}, 'variants': {}}]}",6,1653251294,1,,,[removed],True,False,False,CryptoCurrency,t5_2wlj3,4904578,public,self,,,What happened to Terra Luna?!?!,0,[],1.0,https://www.reddit.com/r/CryptoCurrency/comments/uvjfmh/what_happened_to_terra_luna/,,all_ads,6,1653222484.0,moderator,,
14,[],False,Weary-Case-5149,,,[],,,text,t2_c89avx4y,False,False,False,[],False,False,1653246413,self.CryptoCurrency,https://www.reddit.com/r/CryptoCurrency/comments/uvhrdt/where_can_i_buy_terra_luna_coin/,{},uvhrdt,False,False,False,False,False,False,True,False,#46d160,ADVICE,"[{'e': 'text', 't': 'ADVICE'}]",e9570888-9c2a-11e3-809c-12313d1661cc,ADVICE,dark,richtext,False,,,False,True,1,0,False,all_ads,/r/CryptoCurrency/comments/uvhrdt/where_can_i_buy_terra_luna_coin/,False,,,6,1653246424,1,,,[removed],True,False,False,CryptoCurrency,t5_2wlj3,4904257,public,self,,,Where Can I buy Terra LUNA Coin ?,0,[],1.0,https://www.reddit.com/r/CryptoCurrency/comments/uvhrdt/where_can_i_buy_terra_luna_coin/,,all_ads,6,1653217613.0,moderator,,
15,[],False,nevinajith,,,"[{'e': 'text', 't': 'Platinum | QC: CC 283, ETH 31 | TraderSubs 31'}]","Platinum | QC: CC 283, ETH 31 | TraderSubs 31",dark,richtext,t2_dtby773l,False,False,False,[],False,False,1653245412,livemint.com,https://www.reddit.com/r/CryptoCurrency/comments/uvheis/not_just_luna_terra_defi_apps_lost_over_31_bln/,{},uvheis,False,True,False,False,False,True,False,False,#46d160,MARKETS,"[{'e': 'text', 't': 'MARKETS'}]",1a657c8c-e48d-11e5-a215-0e374d550989,MARKETS,light,richtext,False,,,False,True,0,0,False,all_ads,/r/CryptoCurrency/comments/uvheis/not_just_luna_terra_defi_apps_lost_over_31_bln/,False,link,"{'enabled': False, 'images': [{'id': 'S-4TtuisSbhEL3sbgNi-hs2no5Ir3khiY0aMWWlndSE', 'resolutions': [{'height': 60, 'url': 'https://external-preview.redd.it/Hv8l-OR9G4hDg_BpvCz2OaIU69yzFPHmQgnG_bmyjqc.jpg?width=108&amp;crop=smart&amp;auto=webp&amp;s=faaabe06b5ecede60e781814e5a29517f3381760', 'width': 108}, {'height': 121, 'url': 'https://external-preview.redd.it/Hv8l-OR9G4hDg_BpvCz2OaIU69yzFPHmQgnG_bmyjqc.jpg?width=216&amp;crop=smart&amp;auto=webp&amp;s=9b8e3444d28a7c6eebd92a60da73e25fbb89f278', 'width': 216}, {'height': 180, 'url': 'https://external-preview.redd.it/Hv8l-OR9G4hDg_BpvCz2OaIU69yzFPHmQgnG_bmyjqc.jpg?width=320&amp;crop=smart&amp;auto=webp&amp;s=fcc0897fdbda937bf4757ded5e9e29d26ba22f5b', 'width': 320}], 'source': {'height': 338, 'url': 'https://external-preview.redd.it/Hv8l-OR9G4hDg_BpvCz2OaIU69yzFPHmQgnG_bmyjqc.jpg?auto=webp&amp;s=f3e95ad4f98c150c94b8c602de6e432e03ddd5a3', 'width': 600}, 'variants': {}}]}",6,1653245422,1,,,,True,False,False,CryptoCurrency,t5_2wlj3,4904197,public,https://b.thumbs.redditmedia.com/m7OLMGVA2VQIxfZ9G8nt1bGyO89apEB73HFpKrjYPXk.jpg,78.0,140.0,"Not Just Luna, Terra Defi Apps Lost Over $31 Bln From All-time Highs Of Apr",0,[],1.0,https://www.livemint.com/market/cryptocurrency/not-just-luna-terra-defi-apps-lost-over-31-bln-from-all-time-highs-of-apr-11653228585234.html,https://www.livemint.com/market/cryptocurrency/not-just-luna-terra-defi-apps-lost-over-31-bln-from-all-time-highs-of-apr-11653228585234.html,all_ads,6,1653216612.0,,,
16,[],False,MoneyMan_98,,Warning-level2-2,"[{'e': 'text', 't': 'Tin'}]",Tin,dark,richtext,t2_827v6ccg,False,False,False,[],False,False,1653245266,self.CryptoCurrency,https://www.reddit.com/r/CryptoCurrency/comments/uvhco5/terra_luna/,{},uvhco5,False,True,False,False,False,True,True,False,#7193ff,DISCUSSION,"[{'e': 'text', 't': 'DISCUSSION'}]",87049662-0882-11e5-82e1-0e9d1a9f7761,DISCUSSION,dark,richtext,False,,,False,True,0,0,False,all_ads,/r/CryptoCurrency/comments/uvhco5/terra_luna/,False,,,6,1653245277,1,,,"It‚Äôs crazy to scroll through the terra Luna sub now. 2 weeks ago everybody in there was saying the coin was the hottest thing in the market now it‚Äôs a gambling meme. The people in the sub really think 6.6 trillion coins are about to be burned sending Luna to a dollar. 

Luna was also my biggest holding before the depeg and my goal was to stack 1000. Yesterday I just bout 1011 coins for 10 cents idk how to feel.

The crazy part is luna was the coin I held the longest. I‚Äôve been holding since March. I really thought that burn mint mechanism was going to make me rich. But as soon as I saw that peg go from $1 to .98 I sold in a skippy. I can‚Äôt hodl a coin to save my life. I will hit that sell button in a heartbeat. By doing that I‚Äôm still a thousandnaire. If I would‚Äôve held to earths core I would‚Äôve had $.32 in my portfolio 2 days after the bank run.",True,False,False,CryptoCurrency,t5_2wlj3,4904186,public,self,,,Terra Luna,0,[],1.0,https://www.reddit.com/r/CryptoCurrency/comments/uvhco5/terra_luna/,,all_ads,6,1653216466.0,,,
17,[],False,MoneyMan_98,,Warning-level2-2,"[{'e': 'text', 't': 'Tin'}]",Tin,dark,richtext,t2_827v6ccg,False,False,False,[],False,False,1653244886,self.CryptoCurrency,https://www.reddit.com/r/CryptoCurrency/comments/uvh846/terra_luna/,{},uvh846,False,False,False,False,False,False,True,False,#7193ff,DISCUSSION,"[{'e': 'text', 't': 'DISCUSSION'}]",87049662-0882-11e5-82e1-0e9d1a9f7761,DISCUSSION,dark,richtext,False,,,False,True,1,0,False,all_ads,/r/CryptoCurrency/comments/uvh846/terra_luna/,False,,,6,1653244896,1,,,[removed],True,False,False,CryptoCurrency,t5_2wlj3,4904164,public,self,,,Terra Luna,0,[],1.0,https://www.reddit.com/r/CryptoCurrency/comments/uvh846/terra_luna/,,all_ads,6,1653216086.0,moderator,,
18,[],False,Defund_the_Defunding,,,[],,,text,t2_9n1ozlz5,False,False,False,[],False,False,1653243161,i.redd.it,https://www.reddit.com/r/CryptoCurrency/comments/uvgmcu/terra_luna_classic_billions_burning_atm/,{},uvgmcu,False,False,False,False,True,False,False,False,#646d73,MOONS,"[{'e': 'text', 't': 'MOONS üåï'}]",1e195abc-f3e5-11e5-8899-0e1af474c431,MOONS üåï,light,richtext,False,,,False,True,0,0,False,all_ads,/r/CryptoCurrency/comments/uvgmcu/terra_luna_classic_billions_burning_atm/,False,image,"{'enabled': True, 'images': [{'id': 'u3WtFY57UYsLvf7TVNIAMYmUIVc4vA96J_c8YM4jNIM', 'resolutions': [{'height': 59, 'url': 'https://preview.redd.it/achiu94602191.jpg?width=108&amp;crop=smart&amp;auto=webp&amp;s=2c4e3a6d84cc10163c1425426e69b10b52f7315e', 'width': 108}, {'height': 118, 'url': 'https://preview.redd.it/achiu94602191.jpg?width=216&amp;crop=smart&amp;auto=webp&amp;s=6d7bdafc32881610607cc2d481d3c3fa5f3794f3', 'width': 216}, {'height': 175, 'url': 'https://preview.redd.it/achiu94602191.jpg?width=320&amp;crop=smart&amp;auto=webp&amp;s=e6ef7f17f7783d6365757642c6262649fe034a77', 'width': 320}, {'height': 351, 'url': 'https://preview.redd.it/achiu94602191.jpg?width=640&amp;crop=smart&amp;auto=webp&amp;s=e738c98c488bc62865ea5783b720f7e13a08345c', 'width': 640}, {'height': 527, 'url': 'https://preview.redd.it/achiu94602191.jpg?width=960&amp;crop=smart&amp;auto=webp&amp;s=032064c565ee2f58e999b228158f0f3b802d5514', 'width': 960}, {'height': 593, 'url': 'https://preview.redd.it/achiu94602191.jpg?width=1080&amp;crop=smart&amp;auto=webp&amp;s=b99608d665d36decbf3c47bfb00579150d826cc4', 'width': 1080}], 'source': {'height': 1125, 'url': 'https://preview.redd.it/achiu94602191.jpg?auto=webp&amp;s=41cb2cbdd34d2cdfd924c6713abe73131d521afe', 'width': 2048}, 'variants': {}}]}",6,1653243172,1,,,,False,False,False,CryptoCurrency,t5_2wlj3,4904043,public,https://b.thumbs.redditmedia.com/eY4O5m5bjp-kkCMbXLa3GLRn3NtZtc4eofl8xj7d-fk.jpg,76.0,140.0,Terra Luna CLASSIC $Billions$ burning atm!!!!,0,[],1.0,https://i.redd.it/achiu94602191.jpg,https://i.redd.it/achiu94602191.jpg,all_ads,6,1653214361.0,automod_filtered,t3_uveecx,"[{'all_awardings': [], 'allow_live_comments': False, 'approved_at_utc': None, 'approved_by': None, 'archived': False, 'author': 'DabNbeyondNormalUse', 'author_flair_background_color': None, 'author_flair_css_class': None, 'author_flair_richtext': [], 'author_flair_template_id': None, 'author_flair_text': None, 'author_flair_text_color': None, 'author_flair_type': 'text', 'author_fullname': 't2_8eujngc1', 'author_is_blocked': False, 'author_patreon_flair': False, 'author_premium': False, 'awarders': [], 'banned_at_utc': None, 'banned_by': None, 'can_gild': True, 'can_mod_post': False, 'category': None, 'clicked': False, 'content_categories': None, 'contest_mode': False, 'created': 1653236762.0, 'created_utc': 1653236762.0, 'discussion_type': None, 'distinguished': None, 'domain': 'i.redd.it', 'downs': 0, 'edited': False, 'gilded': 0, 'gildings': {}, 'hidden': False, 'hide_score': True, 'id': 'uveecx', 'is_created_from_ads_ui': False, 'is_crosspostable': True, 'is_meta': False, 'is_original_content': False, 'is_reddit_media_domain': True, 'is_robot_indexable': True, 'is_self': False, 'is_video': False, 'likes': None, 'link_flair_background_color': '', 'link_flair_css_class': None, 'link_flair_richtext': [], 'link_flair_text': None, 'link_flair_text_color': 'dark', 'link_flair_type': 'text', 'locked': False, 'media': None, 'media_embed': {}, 'media_only': False, 'mod_note': None, 'mod_reason_by': None, 'mod_reason_title': None, 'mod_reports': [], 'name': 't3_uveecx', 'no_follow': False, 'num_comments': 0, 'num_crossposts': 1, 'num_reports': None, 'over_18': False, 'parent_whitelist_status': None, 'permalink': '/r/officialLunaClassic/comments/uveecx/terra_luna_classic_billions_burning_atm/', 'pinned': False, 'post_hint': 'image', 'preview': {'enabled': True, 'images': [{'id': 'u3WtFY57UYsLvf7TVNIAMYmUIVc4vA96J_c8YM4jNIM', 'resolutions': [{'height': 59, 'url': 'https://preview.redd.it/achiu94602191.jpg?width=108&amp;crop=smart&amp;auto=webp&amp;s=2c4e3a6d84cc10163c1425426e69b10b52f7315e', 'width': 108}, {'height': 118, 'url': 'https://preview.redd.it/achiu94602191.jpg?width=216&amp;crop=smart&amp;auto=webp&amp;s=6d7bdafc32881610607cc2d481d3c3fa5f3794f3', 'width': 216}, {'height': 175, 'url': 'https://preview.redd.it/achiu94602191.jpg?width=320&amp;crop=smart&amp;auto=webp&amp;s=e6ef7f17f7783d6365757642c6262649fe034a77', 'width': 320}, {'height': 351, 'url': 'https://preview.redd.it/achiu94602191.jpg?width=640&amp;crop=smart&amp;auto=webp&amp;s=e738c98c488bc62865ea5783b720f7e13a08345c', 'width': 640}, {'height': 527, 'url': 'https://preview.redd.it/achiu94602191.jpg?width=960&amp;crop=smart&amp;auto=webp&amp;s=032064c565ee2f58e999b228158f0f3b802d5514', 'width': 960}, {'height': 593, 'url': 'https://preview.redd.it/achiu94602191.jpg?width=1080&amp;crop=smart&amp;auto=webp&amp;s=b99608d665d36decbf3c47bfb00579150d826cc4', 'width': 1080}], 'source': {'height': 1125, 'url': 'https://preview.redd.it/achiu94602191.jpg?auto=webp&amp;s=41cb2cbdd34d2cdfd924c6713abe73131d521afe', 'width': 2048}, 'variants': {}}]}, 'pwls': None, 'quarantine': False, 'removal_reason': None, 'removed_by': None, 'removed_by_category': None, 'report_reasons': None, 'saved': False, 'score': 2, 'secure_media': None, 'secure_media_embed': {}, 'selftext': '', 'selftext_html': None, 'send_replies': True, 'spoiler': False, 'stickied': False, 'subreddit': 'officialLunaClassic', 'subreddit_id': 't5_6eq3tq', 'subreddit_name_prefixed': 'r/officialLunaClassic', 'subreddit_subscribers': 6, 'subreddit_type': 'public', 'suggested_sort': None, 'thumbnail': 'https://b.thumbs.redditmedia.com/eY4O5m5bjp-kkCMbXLa3GLRn3NtZtc4eofl8xj7d-fk.jpg', 'thumbnail_height': 76, 'thumbnail_width': 140, 'title': 'Terra Luna CLASSIC $Billions$ burning atm!!!!', 'top_awarded_type': None, 'total_awards_received': 0, 'treatment_tags': [], 'ups': 2, 'upvote_ratio': 1.0, 'url': 'https://i.redd.it/achiu94602191.jpg', 'url_overridden_by_dest': 'https://i.redd.it/achiu94602191.jpg', 'user_reports': [], 'view_count': None, 'visited': False, 'whitelist_status': None, 'wls': None}]"
19,[],False,Feodal_lord,,,[],,,text,t2_7ji7p01c,False,False,False,[],False,False,1653238406,cryptowallcity.com,https://www.reddit.com/r/CryptoCurrency/comments/uveybq/binance_ceo_calls_terra_teams_decision_stupid/,{},uveybq,False,True,False,False,False,True,False,False,#0aa18f,NEWS,"[{'e': 'text', 't': 'GENERAL-NEWS'}]",f170aab2-246f-11ec-8143-429a193c9848,GENERAL-NEWS,light,richtext,False,,,False,True,0,0,False,all_ads,/r/CryptoCurrency/comments/uveybq/binance_ceo_calls_terra_teams_decision_stupid/,False,link,"{'enabled': False, 'images': [{'id': '9XoDaLzpUWlIBMydnNcZjMKPaIWfDvud0cGnSRAArKo', 'resolutions': [{'height': 71, 'url': 'https://external-preview.redd.it/MjNgDBLaDG1Jupd70F27k_HJ-BaAMqiPQCShaJ7azUc.jpg?width=108&amp;crop=smart&amp;auto=webp&amp;s=8423392181c45c11612945f5323b1c0a64c42de7', 'width': 108}, {'height': 142, 'url': 'https://external-preview.redd.it/MjNgDBLaDG1Jupd70F27k_HJ-BaAMqiPQCShaJ7azUc.jpg?width=216&amp;crop=smart&amp;auto=webp&amp;s=b2b51e661b9681fd6f7e18aecb76adce2c89e2cd', 'width': 216}, {'height': 211, 'url': 'https://external-preview.redd.it/MjNgDBLaDG1Jupd70F27k_HJ-BaAMqiPQCShaJ7azUc.jpg?width=320&amp;crop=smart&amp;auto=webp&amp;s=2b3b84065aa0d99bb130ddf28107f4c1c1f6dc85', 'width': 320}, {'height': 422, 'url': 'https://external-preview.redd.it/MjNgDBLaDG1Jupd70F27k_HJ-BaAMqiPQCShaJ7azUc.jpg?width=640&amp;crop=smart&amp;auto=webp&amp;s=e593224c557b521320e28a11b17f53ae1ea323ca', 'width': 640}], 'source': {'height': 597, 'url': 'https://external-preview.redd.it/MjNgDBLaDG1Jupd70F27k_HJ-BaAMqiPQCShaJ7azUc.jpg?auto=webp&amp;s=e01b686f30243841be8bee6d75d8a04c789e9593', 'width': 905}, 'variants': {}}]}",6,1653238416,1,,,,False,False,False,CryptoCurrency,t5_2wlj3,4903697,public,https://a.thumbs.redditmedia.com/R0Nf0HZcyEoFNpSFK8NBITRYsulcEBdaAa9lIqpgft8.jpg,92.0,140.0,"Binance CEO calls Terra team's decision ""stupid""",0,[],1.0,https://cryptowallcity.com/binance-ceo-calls-terra-teams-decision-stupid/,https://cryptowallcity.com/binance-ceo-calls-terra-teams-decision-stupid/,all_ads,6,1653209606.0,,,
