,all_awardings,allow_live_comments,author,author_flair_background_color,author_flair_css_class,author_flair_richtext,author_flair_text,author_flair_text_color,author_flair_type,author_fullname,author_is_blocked,author_patreon_flair,author_premium,awarders,can_mod_post,contest_mode,created_utc,domain,full_link,gildings,id,is_created_from_ads_ui,is_crosspostable,is_meta,is_original_content,is_reddit_media_domain,is_robot_indexable,is_self,is_video,link_flair_background_color,link_flair_css_class,link_flair_richtext,link_flair_text,link_flair_text_color,link_flair_type,locked,media_only,no_follow,num_comments,num_crossposts,over_18,parent_whitelist_status,permalink,pinned,post_hint,preview,pwls,retrieved_on,score,selftext,send_replies,spoiler,stickied,subreddit,subreddit_id,subreddit_subscribers,subreddit_type,thumbnail,thumbnail_height,thumbnail_width,title,total_awards_received,treatment_tags,upvote_ratio,url,url_overridden_by_dest,whitelist_status,wls,created,link_flair_template_id,removed_by_category,crosspost_parent,crosspost_parent_list,media,media_embed,secure_media,secure_media_embed,media_metadata
0,[],False,TLDRbrother,,Warning-level2-2,"[{'e': 'text', 't': 'Tin | 3 months old'}]",Tin | 3 months old,dark,richtext,t2_jdsf8o43,False,False,False,[],False,False,1653142428,theblockcrypto.com,https://www.reddit.com/r/CryptoCurrency/comments/uunzg0/terraform_labs_has_no_tax_liabilities_in_korea_do/,{},uunzg0,False,True,False,False,False,True,False,False,,GENERAL-NEWS,"[{'e': 'text', 't': 'üü¢ GENERAL-NEWS'}]",üü¢ GENERAL-NEWS,dark,richtext,False,False,True,1,0,False,all_ads,/r/CryptoCurrency/comments/uunzg0/terraform_labs_has_no_tax_liabilities_in_korea_do/,False,link,"{'enabled': False, 'images': [{'id': 'KeBc3haHrmNKaYADaVA3BWOaRmyncfs0qUoUZop0Kfo', 'resolutions': [{'height': 60, 'url': 'https://external-preview.redd.it/NY0NvFfkZ8S1zXT6PSXm5xp1dwCLDvbnwxUMhwik-9A.jpg?width=108&amp;crop=smart&amp;auto=webp&amp;s=a3171b64773e5d9d58e33d3d8498f0b46f97aab1', 'width': 108}, {'height': 121, 'url': 'https://external-preview.redd.it/NY0NvFfkZ8S1zXT6PSXm5xp1dwCLDvbnwxUMhwik-9A.jpg?width=216&amp;crop=smart&amp;auto=webp&amp;s=eeeabc88270fb15e01e94b582fc1a478271b4489', 'width': 216}, {'height': 180, 'url': 'https://external-preview.redd.it/NY0NvFfkZ8S1zXT6PSXm5xp1dwCLDvbnwxUMhwik-9A.jpg?width=320&amp;crop=smart&amp;auto=webp&amp;s=094a2a8ca6428cff24cda3e5686087713a24acb9', 'width': 320}, {'height': 360, 'url': 'https://external-preview.redd.it/NY0NvFfkZ8S1zXT6PSXm5xp1dwCLDvbnwxUMhwik-9A.jpg?width=640&amp;crop=smart&amp;auto=webp&amp;s=b0ec9cdfbdbbd5691cf2016b0871e4c977522953', 'width': 640}, {'height': 540, 'url': 'https://external-preview.redd.it/NY0NvFfkZ8S1zXT6PSXm5xp1dwCLDvbnwxUMhwik-9A.jpg?width=960&amp;crop=smart&amp;auto=webp&amp;s=c6d7bb6e23b727dd1a028602e540ded892c5e787', 'width': 960}, {'height': 607, 'url': 'https://external-preview.redd.it/NY0NvFfkZ8S1zXT6PSXm5xp1dwCLDvbnwxUMhwik-9A.jpg?width=1080&amp;crop=smart&amp;auto=webp&amp;s=0dfda13023e55f8a3c342f5245d631a2ff741904', 'width': 1080}], 'source': {'height': 1080, 'url': 'https://external-preview.redd.it/NY0NvFfkZ8S1zXT6PSXm5xp1dwCLDvbnwxUMhwik-9A.jpg?auto=webp&amp;s=8b712e0aa1daa3b0ddeaa065ec2dfaa5d0b4281a', 'width': 1920}, 'variants': {}}]}",6,1653142439,1,,True,False,False,CryptoCurrency,t5_2wlj3,4898516,public,https://b.thumbs.redditmedia.com/VziFNE53KADy4X9pwxRalv4j0TY6keZGsFvWDNJyGVc.jpg,78.0,140.0,"Terraform Labs has no tax liabilities in Korea, Do Kwon says",0,[],1.0,https://www.theblockcrypto.com/linked/148177/terraform-labs-has-no-tax-liabilities-in-korea-do-kwon-says?utm_source=cryptocompare&amp;utm_medium=rss,https://www.theblockcrypto.com/linked/148177/terraform-labs-has-no-tax-liabilities-in-korea-do-kwon-says?utm_source=cryptocompare&amp;utm_medium=rss,all_ads,6,1653113628.0,,,,,,,,,
1,[],False,ZealousidealDrink78,,,[],,,text,t2_nfobf0vf,False,False,False,[],False,False,1653135005,self.CryptoCurrency,https://www.reddit.com/r/CryptoCurrency/comments/uult2p/do_kwon_to_make_new_luna_coin_with_fork_separated/,{},uult2p,False,False,False,False,False,False,True,False,#720469,POLITICS,"[{'e': 'text', 't': 'POLITICS'}]",POLITICS,light,richtext,False,False,True,1,0,False,all_ads,/r/CryptoCurrency/comments/uult2p/do_kwon_to_make_new_luna_coin_with_fork_separated/,False,,,6,1653135016,1,[removed],True,False,False,CryptoCurrency,t5_2wlj3,4897470,public,self,,,Do Kwon to make new Luna coin with Fork separated from old one,0,[],1.0,https://www.reddit.com/r/CryptoCurrency/comments/uult2p/do_kwon_to_make_new_luna_coin_with_fork_separated/,,all_ads,6,1653106205.0,efdba982-5d89-11e8-9598-0ee79d121028,moderator,,,,,,,
2,[],False,turbosecchia,,,[],,,text,t2_8doe3zv5,False,False,False,[],False,False,1653128703,self.CryptoCurrency,https://www.reddit.com/r/CryptoCurrency/comments/uukbqn/demanding_respect_for_your_money/,{},uukbqn,False,True,False,False,False,True,True,False,#46d160,ADVICE,"[{'e': 'text', 't': 'ADVICE'}]",ADVICE,dark,richtext,False,False,True,0,0,False,all_ads,/r/CryptoCurrency/comments/uukbqn/demanding_respect_for_your_money/,False,self,"{'enabled': False, 'images': [{'id': 'NNJ0L1k-UPdrpIzlOgfiWoiNpqHZf7hsq0uk_9Qw60M', 'resolutions': [{'height': 81, 'url': 'https://external-preview.redd.it/zlk5Xn9C36PEMdT5NO91GI86kQ2l7LNyUbAyb_wsiz4.jpg?width=108&amp;crop=smart&amp;auto=webp&amp;s=8de26966fd8383c5dbc6b335de0cbc08aead759f', 'width': 108}, {'height': 162, 'url': 'https://external-preview.redd.it/zlk5Xn9C36PEMdT5NO91GI86kQ2l7LNyUbAyb_wsiz4.jpg?width=216&amp;crop=smart&amp;auto=webp&amp;s=578b8eae478844fdff9645189e4b19f2999a8df4', 'width': 216}, {'height': 240, 'url': 'https://external-preview.redd.it/zlk5Xn9C36PEMdT5NO91GI86kQ2l7LNyUbAyb_wsiz4.jpg?width=320&amp;crop=smart&amp;auto=webp&amp;s=8c6aee6216c2ea858030fcf125889744e86e9bea', 'width': 320}], 'source': {'height': 360, 'url': 'https://external-preview.redd.it/zlk5Xn9C36PEMdT5NO91GI86kQ2l7LNyUbAyb_wsiz4.jpg?auto=webp&amp;s=f5c1cd245b4ae06d84453aaf4a03f9f721145d8a', 'width': 480}, 'variants': {}}]}",6,1653128714,1,"I see a lot of users on this sub taking chances on shitcoins. LUNA has crashed so hard, wouldn't hurt to put some $50 dollars into it, would it?  

I completely disagree with this kind of sentiment.

Real Vision Finance has a done series of interviews with the best investors in finance over the years. These interviews are publicly available, for example this one [https://www.youtube.com/watch?v=a4\_U6bS-cU4](https://www.youtube.com/watch?v=a4_U6bS-cU4). I think they‚Äôre great and a great channel in general and I do recommend it.

There is one theme that emerges from all of the great investors : the idea of respecting your own money, to be extremely ruthless in terms of what deserves a spot in your portfolio.  

Example, a Company slips up and you own some shares? Perhaps an incident, an allegation, or a wrong product decision etc. Well how is the CEO responding? If the CEO responds in a way that doesn‚Äôt completely satisfy you ‚Äì immediately cut out of the portfolio. Bye.   
 

Respect your money. Demand the highest standards of respects and ethics for your money. You, together with all other investors, be it in stocks, crypto or whatever, you are the one providing the money that makes the whole thing possible ‚Äì demand the highest standard of respect for your money.  

Lately we have seen examples on Twitter of these very boastful, very arrogant crypto project founders. People like Do Kwon.  

Demand nothing less than the highest standards of conduct ‚Äì or, in other words, demand respect for your money.  

And that is why I think LUNA never deserves again not even a cent of your money, regardless of how low it goes in price.",True,False,False,CryptoCurrency,t5_2wlj3,4897032,public,self,,,Demanding respect for your money,0,[],1.0,https://www.reddit.com/r/CryptoCurrency/comments/uukbqn/demanding_respect_for_your_money/,,all_ads,6,1653099903.0,e9570888-9c2a-11e3-809c-12313d1661cc,,,,,,,,
3,[],False,KalPark,,,[],,,text,t2_3dp4j9tl,False,False,False,[],False,False,1653126392,instagram.com,https://www.reddit.com/r/CryptoCurrency/comments/uuju6h/news_caught_by_the_irs_do_kwon_the_ceo_of_luna/,{},uuju6h,False,True,False,False,False,True,False,False,#0aa18f,NEWS,"[{'e': 'text', 't': 'GENERAL-NEWS'}]",GENERAL-NEWS,light,richtext,False,False,False,1,0,False,all_ads,/r/CryptoCurrency/comments/uuju6h/news_caught_by_the_irs_do_kwon_the_ceo_of_luna/,False,,,6,1653126403,1,,False,False,False,CryptoCurrency,t5_2wlj3,4896897,public,default,,,"NEWS: Caught by the IRS, Do Kwon, the CEO of LUNA, allegedly has been sending 100,000 dollars worth of LUNA periodically to a woman who has cashed out on a scheduled basis from the Korean cex and avoiding taxation.",0,[],1.0,https://www.instagram.com/p/CdxHSBprUpE/?igshid=YmMyMTA2M2Y=,https://www.instagram.com/p/CdxHSBprUpE/?igshid=YmMyMTA2M2Y=,all_ads,6,1653097592.0,f170aab2-246f-11ec-8143-429a193c9848,,,,,,,,
4,[],False,KalPark,,,[],,,text,t2_3dp4j9tl,False,False,False,[],False,False,1653126201,i.redd.it,https://www.reddit.com/r/CryptoCurrency/comments/uujsqp/news_caught_by_the_irs_do_kwon_the_ceo_of_luna/,{},uujsqp,False,True,False,False,True,True,False,False,#0aa18f,NEWS,"[{'e': 'text', 't': 'GENERAL-NEWS'}]",GENERAL-NEWS,light,richtext,False,False,True,2,0,False,all_ads,/r/CryptoCurrency/comments/uujsqp/news_caught_by_the_irs_do_kwon_the_ceo_of_luna/,False,image,"{'enabled': True, 'images': [{'id': 'NBMA05tEBbmSYLooQMvMXfqVQc-E1dvjWggrCRTMqPI', 'resolutions': [{'height': 122, 'url': 'https://preview.redd.it/nky7843fvs091.jpg?width=108&amp;crop=smart&amp;auto=webp&amp;s=e0155e7024b33696826c65d2c62dfb131cba9486', 'width': 108}, {'height': 245, 'url': 'https://preview.redd.it/nky7843fvs091.jpg?width=216&amp;crop=smart&amp;auto=webp&amp;s=42d5156469419336e4bc4fe03a68b023eec85ac6', 'width': 216}, {'height': 364, 'url': 'https://preview.redd.it/nky7843fvs091.jpg?width=320&amp;crop=smart&amp;auto=webp&amp;s=08fee15962baac46f3cb063083cc751d45159720', 'width': 320}, {'height': 728, 'url': 'https://preview.redd.it/nky7843fvs091.jpg?width=640&amp;crop=smart&amp;auto=webp&amp;s=c0b86eb11867b77ebb10d6ca67105d98ca711be2', 'width': 640}, {'height': 1092, 'url': 'https://preview.redd.it/nky7843fvs091.jpg?width=960&amp;crop=smart&amp;auto=webp&amp;s=a4384a5034fd3b5f936a0576ac81742af9ff7c01', 'width': 960}, {'height': 1228, 'url': 'https://preview.redd.it/nky7843fvs091.jpg?width=1080&amp;crop=smart&amp;auto=webp&amp;s=d81cd52ce04d0ce98fa989e596ae9685cbf5c973', 'width': 1080}], 'source': {'height': 1461, 'url': 'https://preview.redd.it/nky7843fvs091.jpg?auto=webp&amp;s=a42007976075faf5d3917298be7052f6e0a7bdaa', 'width': 1284}, 'variants': {}}]}",6,1653126212,1,,False,False,False,CryptoCurrency,t5_2wlj3,4896888,public,https://b.thumbs.redditmedia.com/ZlEvcG6U62Agox3xC5cv3_JxKuP7c3MAwcb_WslgCVg.jpg,140.0,140.0,"NEWS; Caught by the IRS, Do Kwon, the CEO of LUNA, allegedly has been sending 100,000 dollars worth of LUNA periodically to a woman who has cashed out on a scheduled basis from the Korean cex and avoiding taxation.",0,[],1.0,https://i.redd.it/nky7843fvs091.jpg,https://i.redd.it/nky7843fvs091.jpg,all_ads,6,1653097401.0,f170aab2-246f-11ec-8143-429a193c9848,,,,,,,,
5,[],False,AnnieJackson06,,Warning-level3,"[{'e': 'text', 't': '1 - 2 years account age. -15 - 35 comment karma.'}]",1 - 2 years account age. -15 - 35 comment karma.,dark,richtext,t2_4y0kd31q,False,False,False,[],False,False,1653115845,beingcrypto.com,https://www.reddit.com/r/CryptoCurrency/comments/uuhmf3/do_kwon_creator_of_terra_is_facing_prosecution_in/,{},uuhmf3,False,True,False,False,False,True,False,False,#0aa18f,NEWS,"[{'e': 'text', 't': 'GENERAL-NEWS'}]",GENERAL-NEWS,light,richtext,False,False,True,0,0,False,all_ads,/r/CryptoCurrency/comments/uuhmf3/do_kwon_creator_of_terra_is_facing_prosecution_in/,False,link,"{'enabled': False, 'images': [{'id': 'sxcyci9WhY5cSLQovOp4oCYJv2VtAaSWuDO6lVPm3HA', 'resolutions': [{'height': 57, 'url': 'https://external-preview.redd.it/WHthchIW-s9Oc13atHHO9JT-k7UvhRjjePtCX21kwz8.jpg?width=108&amp;crop=smart&amp;auto=webp&amp;s=489d29feaeca773d449e573bd36046404e913d8b', 'width': 108}, {'height': 114, 'url': 'https://external-preview.redd.it/WHthchIW-s9Oc13atHHO9JT-k7UvhRjjePtCX21kwz8.jpg?width=216&amp;crop=smart&amp;auto=webp&amp;s=af0e9d1b8bf24558e646f7acb5b95c9f6c462ec9', 'width': 216}, {'height': 169, 'url': 'https://external-preview.redd.it/WHthchIW-s9Oc13atHHO9JT-k7UvhRjjePtCX21kwz8.jpg?width=320&amp;crop=smart&amp;auto=webp&amp;s=e0c969f05f261f4d513e9e971afb5308b1814145', 'width': 320}, {'height': 338, 'url': 'https://external-preview.redd.it/WHthchIW-s9Oc13atHHO9JT-k7UvhRjjePtCX21kwz8.jpg?width=640&amp;crop=smart&amp;auto=webp&amp;s=b8337fa82ab4e873ce62d10c1d7ed7e23dabc53d', 'width': 640}], 'source': {'height': 450, 'url': 'https://external-preview.redd.it/WHthchIW-s9Oc13atHHO9JT-k7UvhRjjePtCX21kwz8.jpg?auto=webp&amp;s=9eaa56ae926a3889f0b85ad208598d76e5a2f5c1', 'width': 850}, 'variants': {}}]}",6,1653115856,1,,True,False,False,CryptoCurrency,t5_2wlj3,4896302,public,https://a.thumbs.redditmedia.com/S6bPejjsc3ZPDl_zBkCXxW7hM12b_kq4kUd4qQSyce8.jpg,74.0,140.0,Do Kwon Creator of Terra is Facing Prosecution in South Korea,0,[],1.0,https://www.beingcrypto.com/do-kwon-creator-of-terra-is-facing-prosecution-in-south-korea/,https://www.beingcrypto.com/do-kwon-creator-of-terra-is-facing-prosecution-in-south-korea/,all_ads,6,1653087045.0,f170aab2-246f-11ec-8143-429a193c9848,,t3_uuhjf1,"[{'all_awardings': [], 'allow_live_comments': False, 'approved_at_utc': None, 'approved_by': None, 'archived': False, 'author': 'AnnieJackson06', 'author_flair_background_color': None, 'author_flair_css_class': None, 'author_flair_richtext': [], 'author_flair_template_id': None, 'author_flair_text': None, 'author_flair_text_color': None, 'author_flair_type': 'text', 'author_fullname': 't2_4y0kd31q', 'author_is_blocked': False, 'author_patreon_flair': False, 'author_premium': False, 'awarders': [], 'banned_at_utc': None, 'banned_by': None, 'can_gild': True, 'can_mod_post': False, 'category': None, 'clicked': False, 'content_categories': None, 'contest_mode': False, 'created': 1653115462.0, 'created_utc': 1653115462.0, 'discussion_type': None, 'distinguished': None, 'domain': 'beingcrypto.com', 'downs': 0, 'edited': False, 'gilded': 0, 'gildings': {}, 'hidden': False, 'hide_score': True, 'id': 'uuhjf1', 'is_created_from_ads_ui': False, 'is_crosspostable': True, 'is_meta': False, 'is_original_content': False, 'is_reddit_media_domain': False, 'is_robot_indexable': True, 'is_self': False, 'is_video': False, 'likes': None, 'link_flair_background_color': '', 'link_flair_css_class': None, 'link_flair_richtext': [], 'link_flair_text': None, 'link_flair_text_color': 'dark', 'link_flair_type': 'text', 'locked': False, 'media': None, 'media_embed': {}, 'media_only': False, 'mod_note': None, 'mod_reason_by': None, 'mod_reason_title': None, 'mod_reports': [], 'name': 't3_uuhjf1', 'no_follow': True, 'num_comments': 0, 'num_crossposts': 4, 'num_reports': None, 'over_18': False, 'parent_whitelist_status': None, 'permalink': '/r/beingcrypto/comments/uuhjf1/do_kwon_creator_of_terra_is_facing_prosecution_in/', 'pinned': False, 'post_hint': 'link', 'preview': {'enabled': False, 'images': [{'id': 'sxcyci9WhY5cSLQovOp4oCYJv2VtAaSWuDO6lVPm3HA', 'resolutions': [{'height': 57, 'url': 'https://external-preview.redd.it/WHthchIW-s9Oc13atHHO9JT-k7UvhRjjePtCX21kwz8.jpg?width=108&amp;crop=smart&amp;auto=webp&amp;s=489d29feaeca773d449e573bd36046404e913d8b', 'width': 108}, {'height': 114, 'url': 'https://external-preview.redd.it/WHthchIW-s9Oc13atHHO9JT-k7UvhRjjePtCX21kwz8.jpg?width=216&amp;crop=smart&amp;auto=webp&amp;s=af0e9d1b8bf24558e646f7acb5b95c9f6c462ec9', 'width': 216}, {'height': 169, 'url': 'https://external-preview.redd.it/WHthchIW-s9Oc13atHHO9JT-k7UvhRjjePtCX21kwz8.jpg?width=320&amp;crop=smart&amp;auto=webp&amp;s=e0c969f05f261f4d513e9e971afb5308b1814145', 'width': 320}, {'height': 338, 'url': 'https://external-preview.redd.it/WHthchIW-s9Oc13atHHO9JT-k7UvhRjjePtCX21kwz8.jpg?width=640&amp;crop=smart&amp;auto=webp&amp;s=b8337fa82ab4e873ce62d10c1d7ed7e23dabc53d', 'width': 640}], 'source': {'height': 450, 'url': 'https://external-preview.redd.it/WHthchIW-s9Oc13atHHO9JT-k7UvhRjjePtCX21kwz8.jpg?auto=webp&amp;s=9eaa56ae926a3889f0b85ad208598d76e5a2f5c1', 'width': 850}, 'variants': {}}]}, 'pwls': None, 'quarantine': False, 'removal_reason': None, 'removed_by': None, 'removed_by_category': None, 'report_reasons': None, 'saved': False, 'score': 1, 'secure_media': None, 'secure_media_embed': {}, 'selftext': '', 'selftext_html': None, 'send_replies': True, 'spoiler': False, 'stickied': False, 'subreddit': 'beingcrypto', 'subreddit_id': 't5_4ru4lq', 'subreddit_name_prefixed': 'r/beingcrypto', 'subreddit_subscribers': 68, 'subreddit_type': 'public', 'suggested_sort': None, 'thumbnail': 'https://a.thumbs.redditmedia.com/S6bPejjsc3ZPDl_zBkCXxW7hM12b_kq4kUd4qQSyce8.jpg', 'thumbnail_height': 74, 'thumbnail_width': 140, 'title': 'Do Kwon Creator of Terra is Facing Prosecution in South Korea', 'top_awarded_type': None, 'total_awards_received': 0, 'treatment_tags': [], 'ups': 1, 'upvote_ratio': 1.0, 'url': 'https://www.beingcrypto.com/do-kwon-creator-of-terra-is-facing-prosecution-in-south-korea/', 'url_overridden_by_dest': 'https://www.beingcrypto.com/do-kwon-creator-of-terra-is-facing-prosecution-in-south-korea/', 'user_reports': [], 'view_count': None, 'visited': False, 'whitelist_status': None, 'wls': None}]",,,,,
6,[],False,sgtslaughterTV,,NANO,"[{'e': 'text', 't': 'Platinum | QC: CC 204, NANO 48, BTC 27'}]","Platinum | QC: CC 204, NANO 48, BTC 27",dark,richtext,t2_1lpw021l,False,False,True,[],False,False,1653104204,youtube.com,https://www.reddit.com/r/CryptoCurrency/comments/uuesbw/in_december_2019_someone_predicted_that_terra/,{},uuesbw,False,True,False,False,False,True,False,False,,SECURITY,"[{'e': 'text', 't': 'SECURITY'}]",SECURITY,dark,richtext,False,False,True,1,0,False,all_ads,/r/CryptoCurrency/comments/uuesbw/in_december_2019_someone_predicted_that_terra/,False,rich:video,"{'enabled': False, 'images': [{'id': 'UHP12u_WY07wDLxRcmE81x6nZBjRk1NJ9qgihpoy8jM', 'resolutions': [{'height': 81, 'url': 'https://external-preview.redd.it/o9mEokMUmR4TNqNxWppawya9dN1h0R5YGdmXzx9Z9Wo.jpg?width=108&amp;crop=smart&amp;auto=webp&amp;s=bb65ee961abede36ffa44338db8044637f0dcd04', 'width': 108}, {'height': 162, 'url': 'https://external-preview.redd.it/o9mEokMUmR4TNqNxWppawya9dN1h0R5YGdmXzx9Z9Wo.jpg?width=216&amp;crop=smart&amp;auto=webp&amp;s=5b41438404949c810e3b5554422147f234282abe', 'width': 216}, {'height': 240, 'url': 'https://external-preview.redd.it/o9mEokMUmR4TNqNxWppawya9dN1h0R5YGdmXzx9Z9Wo.jpg?width=320&amp;crop=smart&amp;auto=webp&amp;s=9df591fb8c4054a795b87bdd0c3ada64e3c94d94', 'width': 320}], 'source': {'height': 360, 'url': 'https://external-preview.redd.it/o9mEokMUmR4TNqNxWppawya9dN1h0R5YGdmXzx9Z9Wo.jpg?auto=webp&amp;s=f20d4c31e1158d686d8110144d2018f90741f4e9', 'width': 480}, 'variants': {}}]}",6,1653104215,1,,True,False,False,CryptoCurrency,t5_2wlj3,4895770,public,https://b.thumbs.redditmedia.com/KWOkll-Bp5B1Rink-6NE2DMIwSfK8eL0VEpKl7sfZlc.jpg,105.0,140.0,"In December 2019, someone predicted that Terra could collapse in a hypothetical attack (16:18 in this video). I'm sure Do Kwon might have seen / heard this and still did nothing.",0,[],1.0,https://www.youtube.com/watch?v=3KZY41SqaTI,https://www.youtube.com/watch?v=3KZY41SqaTI,all_ads,6,1653075404.0,,,,,"{'oembed': {'author_name': 'ColdFusion', 'author_url': 'https://www.youtube.com/c/ColdFusion', 'height': 200, 'html': '&lt;iframe width=""356"" height=""200"" src=""https://www.youtube.com/embed/3KZY41SqaTI?feature=oembed&amp;enablejsapi=1"" frameborder=""0"" allow=""accelerometer; autoplay; clipboard-write; encrypted-media; gyroscope; picture-in-picture"" allowfullscreen&gt;&lt;/iframe&gt;', 'provider_name': 'YouTube', 'provider_url': 'https://www.youtube.com/', 'thumbnail_height': 360, 'thumbnail_url': 'https://i.ytimg.com/vi/3KZY41SqaTI/hqdefault.jpg', 'thumbnail_width': 480, 'title': 'How This Man Just Caused a $45 BILLION Crash [Terra Luna]', 'type': 'video', 'version': '1.0', 'width': 356}, 'type': 'youtube.com'}","{'content': '&lt;iframe width=""356"" height=""200"" src=""https://www.youtube.com/embed/3KZY41SqaTI?feature=oembed&amp;enablejsapi=1"" frameborder=""0"" allow=""accelerometer; autoplay; clipboard-write; encrypted-media; gyroscope; picture-in-picture"" allowfullscreen&gt;&lt;/iframe&gt;', 'height': 200, 'scrolling': False, 'width': 356}","{'oembed': {'author_name': 'ColdFusion', 'author_url': 'https://www.youtube.com/c/ColdFusion', 'height': 200, 'html': '&lt;iframe width=""356"" height=""200"" src=""https://www.youtube.com/embed/3KZY41SqaTI?feature=oembed&amp;enablejsapi=1"" frameborder=""0"" allow=""accelerometer; autoplay; clipboard-write; encrypted-media; gyroscope; picture-in-picture"" allowfullscreen&gt;&lt;/iframe&gt;', 'provider_name': 'YouTube', 'provider_url': 'https://www.youtube.com/', 'thumbnail_height': 360, 'thumbnail_url': 'https://i.ytimg.com/vi/3KZY41SqaTI/hqdefault.jpg', 'thumbnail_width': 480, 'title': 'How This Man Just Caused a $45 BILLION Crash [Terra Luna]', 'type': 'video', 'version': '1.0', 'width': 356}, 'type': 'youtube.com'}","{'content': '&lt;iframe width=""356"" height=""200"" src=""https://www.youtube.com/embed/3KZY41SqaTI?feature=oembed&amp;enablejsapi=1"" frameborder=""0"" allow=""accelerometer; autoplay; clipboard-write; encrypted-media; gyroscope; picture-in-picture"" allowfullscreen&gt;&lt;/iframe&gt;', 'height': 200, 'media_domain_url': 'https://www.redditmedia.com/mediaembed/uuesbw', 'scrolling': False, 'width': 356}",
7,[],False,nghiemminhngoc,,,[],,,text,t2_nf3c55db,False,False,False,[],False,False,1653099096,self.CryptoCurrency,https://www.reddit.com/r/CryptoCurrency/comments/uuddzp/do_kwon_‡πÄ‡∏ï‡∏£‡∏¢‡∏°‡∏™‡∏£‡∏≤‡∏á‡πÄ‡∏´‡∏£‡∏¢‡∏ç_luna_‡∏ï‡∏ß‡πÉ‡∏´‡∏°‡πÇ‡∏î‡∏¢_fork/,{},uuddzp,False,False,False,False,False,False,True,False,#0aa18f,NEWS,"[{'e': 'text', 't': 'GENERAL-NEWS'}]",GENERAL-NEWS,light,richtext,False,False,True,1,0,False,all_ads,/r/CryptoCurrency/comments/uuddzp/do_kwon_‡πÄ‡∏ï‡∏£‡∏¢‡∏°‡∏™‡∏£‡∏≤‡∏á‡πÄ‡∏´‡∏£‡∏¢‡∏ç_luna_‡∏ï‡∏ß‡πÉ‡∏´‡∏°‡πÇ‡∏î‡∏¢_fork/,False,,,6,1653099106,1,[removed],True,False,False,CryptoCurrency,t5_2wlj3,4895510,public,self,,,Do Kwon ‡πÄ‡∏ï‡∏£‡∏µ‡∏¢‡∏°‡∏™‡∏£‡πâ‡∏≤‡∏á‡πÄ‡∏´‡∏£‡∏µ‡∏¢‡∏ç Luna ‡∏ï‡∏±‡∏ß‡πÉ‡∏´‡∏°‡πà‡πÇ‡∏î‡∏¢ Fork ‡πÅ‡∏¢‡∏Å‡∏≠‡∏≠‡∏Å‡∏à‡∏≤‡∏Å‡∏ï‡∏±‡∏ß‡πÄ‡∏Å‡πà‡∏≤ ‡πÅ‡∏ü‡∏ô ‡πÜ ‡∏°‡∏µ‡πÄ‡∏Æ ‡∏ã‡∏∑‡πâ‡∏≠‡πÑ‡∏î‡πâ‡∏ó‡∏µ‡πà,0,[],1.0,https://www.reddit.com/r/CryptoCurrency/comments/uuddzp/do_kwon_‡πÄ‡∏ï‡∏£‡∏¢‡∏°‡∏™‡∏£‡∏≤‡∏á‡πÄ‡∏´‡∏£‡∏¢‡∏ç_luna_‡∏ï‡∏ß‡πÉ‡∏´‡∏°‡πÇ‡∏î‡∏¢_fork/,,all_ads,6,1653070296.0,f170aab2-246f-11ec-8143-429a193c9848,moderator,,,,,,,
8,[],False,lucubanget,,,[],,,text,t2_e7288n20,False,False,False,[],False,False,1653089173,self.CryptoCurrency,https://www.reddit.com/r/CryptoCurrency/comments/uuaj5b/for_those_thinking_that_luna_will_come_back_to/,{},uuaj5b,False,True,False,False,False,True,True,False,#7193ff,DISCUSSION,"[{'e': 'text', 't': 'DISCUSSION'}]",DISCUSSION,dark,richtext,False,False,True,0,0,False,all_ads,/r/CryptoCurrency/comments/uuaj5b/for_those_thinking_that_luna_will_come_back_to/,False,self,"{'enabled': False, 'images': [{'id': 'Yz1bqe5_0XiCVOjcjCMnozGbH8auxzn_eBhAPYCaYXw', 'resolutions': [{'height': 56, 'url': 'https://external-preview.redd.it/WfHQT8Fytr3xSvgtfUtqCtYvKGIZEkTAXsEZrBMaq_4.jpg?width=108&amp;crop=smart&amp;auto=webp&amp;s=c5c16b2337dccc6154624fad622e5660e5be256f', 'width': 108}, {'height': 112, 'url': 'https://external-preview.redd.it/WfHQT8Fytr3xSvgtfUtqCtYvKGIZEkTAXsEZrBMaq_4.jpg?width=216&amp;crop=smart&amp;auto=webp&amp;s=ff7fc28313f821a26d374260ee950782b16f31e3', 'width': 216}, {'height': 167, 'url': 'https://external-preview.redd.it/WfHQT8Fytr3xSvgtfUtqCtYvKGIZEkTAXsEZrBMaq_4.jpg?width=320&amp;crop=smart&amp;auto=webp&amp;s=e782b33935053555a99918a767524efdac1ebd3c', 'width': 320}, {'height': 334, 'url': 'https://external-preview.redd.it/WfHQT8Fytr3xSvgtfUtqCtYvKGIZEkTAXsEZrBMaq_4.jpg?width=640&amp;crop=smart&amp;auto=webp&amp;s=317bf2e975234057c1f6d3f1060af62a4a4d12b6', 'width': 640}, {'height': 501, 'url': 'https://external-preview.redd.it/WfHQT8Fytr3xSvgtfUtqCtYvKGIZEkTAXsEZrBMaq_4.jpg?width=960&amp;crop=smart&amp;auto=webp&amp;s=c81d1be6aad7e1a9518b9a77e244c2ac2ad5aad6', 'width': 960}, {'height': 564, 'url': 'https://external-preview.redd.it/WfHQT8Fytr3xSvgtfUtqCtYvKGIZEkTAXsEZrBMaq_4.jpg?width=1080&amp;crop=smart&amp;auto=webp&amp;s=aa69a9a78085ef8f681c2ad996715b5823e57cca', 'width': 1080}], 'source': {'height': 1254, 'url': 'https://external-preview.redd.it/WfHQT8Fytr3xSvgtfUtqCtYvKGIZEkTAXsEZrBMaq_4.jpg?auto=webp&amp;s=376da8e0c38d288bad5a6b78cf5399e259f9a15f', 'width': 2400}, 'variants': {}}]}",6,1653089184,1,"TL;DR ‚Äî  I hope you didn't ""buy the dip"" when LUNA first slid into the $1-5 range. I'll show you that it's mathematically impossible (under some assumptions, of course) that LUNA can't go back up to its' glorious days again.

&amp;#x200B;

# Let's do some meth‚Äîumm I meant math!

There are some important assumptions we need to make. This mini-analysis assumes that:

* UST will be pegged back to around USD $1.00, and
* LUNA (and Do Kwon) can **fully** gain investors' trusts, and
* LUNA tokens won't be burned significantly to its' supply on March-April when it was trading for more than USD $100 per LUNA (very unlikely, which is why I put this as an assumption).

&amp;#x200B;

**Goal**: we want to calculate the minimum price of LUNA that is needed to get to its' market cap at ATH ($116/LUNA), considering the current supply of LUNA or May 20, 2022's circulating supply.

&amp;#x200B;

# Step 1: Recall that Market Cap (in cryptocurrencies) is calculated by the following:

    MC [$] = Circulating Supply [tokens] * Price per token [$/token]

&amp;#x200B;

# Step 2: We want to calculate LUNA's circulating supply when it was at ATH.

2a) According to the data from [messari.io](https://messari.io)... On April 4, 2022: LUNA's circulating supply was 353 million tokens.

[April 4, 2022: LUNA was trading at USD $116.43 with 353 million tokens circulating.](https://preview.redd.it/7sycpgd3qp091.png?width=1296&amp;format=png&amp;auto=webp&amp;s=7f32ad9f9f6cabe43f7c8547a2725aec6d6587d6)

2b) Using the equation from ***Step 1***, Market Cap (MC) on April 4, 2022 is then the following:

    MC @ April 4 [$] = 353,128,511 * 116.43

2c) Plug it into your favorite calculator and you get:

[Market Cap of LUNA at ATH \($116.43\/LUNA\) on April 4, 2022 = $41,114,752,536](https://preview.redd.it/bxghece5qp091.png?width=1292&amp;format=png&amp;auto=webp&amp;s=89fa01fc3253b68d42bd0dd638d021298e5b13bc)

&amp;#x200B;

# Step 3: Let's calculate how much LUNA's supply jumped by, from April 4 to May 20.

3a) On May 20, 2022, LUNA went to the moon... in terms of its' circulating supply. It had 6.53 trillion LUNAs circulating.

[May 20, 2022: LUNA was trading at a fraction of a cent with 6.53 trillion tokens circulating.](https://preview.redd.it/4tkomr50rp091.png?width=1236&amp;format=png&amp;auto=webp&amp;s=8327e2ffb7df78e92f7b98c77abb5cd0ddbbd18a)

3b) We want to calculate the number of times LUNA's circulating supply jumped by between May 20 and April 4:

    Number of times LUNA's supply jumped by = Circulating Supply @ May 20 [tokens] / Circulating Supply @ April 4 [tokens]

3c) Substitute in the variables and the equation becomes...

    Number of times LUNA's supply jumped by = 6,533,856,234,794 / 353,128,511

3d) Plug them numbers into a calculator and we get:

[Luna has 18,502 times MORE tokens in circulation in May 20 compared to April 4!](https://preview.redd.it/nlr76o1erp091.png?width=1582&amp;format=png&amp;auto=webp&amp;s=74e925e00129b585bab5fa2e513904fa13a7e641)

&amp;#x200B;

&amp;#x200B;

# Step 4: Get the answer to our goal ‚Äî the minimum price per LUNA needed to get to the market cap at ATH, which was when LUNA was about $116 per token.

4a) Let's not forget our Market Cap equation back from ***Step 1***. If we are to translate our ***Goal*** into a mathematical equation, we'd get the following:

    MC @ April 4 [$] = Circulating Supply @ May 20 [tokens] * Price per LUNA [$/token]

4b) Let's re-arrange the equation so we can understand the ***Goal*** better:

    Price per LUNA [$/token] = MC @ April 4 [$] / Circulating Supply @ May 20 [tokens]

&gt;**Goal**: we want to calculate the minimum price of LUNA that is needed to get to its' market cap at ATH ($116/LUNA), considering the current supply of LUNA or May 20, 2022's circulating supply.

4c) In order to use our answer from ***Step 3d***, we can think of the equation above as this:

    Price per LUNA [$/token] = MC @ April 4 [$] / (Number of times LUNA's supply jumped by from April 4 to May 20 * Circulating Supply @ April 4 [tokens])

Which is

    Price per LUNA [$/token] = MC @ April 4 [$] / (18,502 * Circulating Supply @ April 4 [tokens])

4d) Plug in the numbers using our answer from ***Step 2c*** and the information from ***Step 2a***...

    Price per LUNA [$/token] = 41,114,752,536 / (18,502 * 353,128,511)

4e) Grab your lovely calculator again...

[Price per LUNA needed to get to the market cap at ATH on April 4, 2022 = $0.0063\/token](https://preview.redd.it/kvpkcawesp091.png?width=1582&amp;format=png&amp;auto=webp&amp;s=4347df9934c4964b28d640321ab4c397ce717660)

&amp;#x200B;

# 

# Conclusion

It won't even get to $1 per LUNA.

Okay okay, since you insist. Let's math it again. Suppose LUNA gets to $1 today, that means the market cap of LUNA becomes:

    MC [$] = Circulating Supply of LUNA @ May 20 [tokens] * Price per LUNA [$/token]

Plug in the numbers from ***Step 3a***:

    MC [$] = 6,533,856,234,794 * 1

And you don't even need a calculator to get:

[Market Cap of LUNA, if it were to get to $1 per LUNA = $6.53 trillion](https://preview.redd.it/3tyg6xinsp091.png?width=1586&amp;format=png&amp;auto=webp&amp;s=172937730d5aeb1df8ce646deeaaf86244d3e9ba)

Thus, LUNA's market cap would be much bigger than BTC... **and the entire cryptocurrency market cap**.

&amp;#x200B;

# 

# Bonus

Can you imagine naming your daughter after one of the biggest cryptocurrency project flops in the world? And it's *your* project that failed?

[Thank God he doesn't have a son, I would feel really bad for his son.](https://preview.redd.it/g9ugsjotpp091.png?width=1210&amp;format=png&amp;auto=webp&amp;s=dabb1d7e23f64edb5c8965a41893901826b93f03)

&amp;#x200B;

***Cheers y'all, have a great rest of the week!üçª***",True,False,False,CryptoCurrency,t5_2wlj3,4895116,public,https://a.thumbs.redditmedia.com/eIuKZC8xaZ2NolA4MmiR_CQpQVaFjT4s39Ihjvv2u68.jpg,122.0,140.0,For those thinking that LUNA will come back to $100 or $50 or $1... Wake up buddy!,0,[],1.0,https://www.reddit.com/r/CryptoCurrency/comments/uuaj5b/for_those_thinking_that_luna_will_come_back_to/,,all_ads,6,1653060373.0,87049662-0882-11e5-82e1-0e9d1a9f7761,,,,,,,,"{'3tyg6xinsp091': {'e': 'Image', 'id': '3tyg6xinsp091', 'm': 'image/png', 'p': [{'u': 'https://preview.redd.it/3tyg6xinsp091.png?width=108&amp;crop=smart&amp;auto=webp&amp;s=ecde9154fb60ce461789b803b004c58c3f04fa7a', 'x': 108, 'y': 52}, {'u': 'https://preview.redd.it/3tyg6xinsp091.png?width=216&amp;crop=smart&amp;auto=webp&amp;s=64e92990f6ca12b64aa07916feb4ce9677368390', 'x': 216, 'y': 104}, {'u': 'https://preview.redd.it/3tyg6xinsp091.png?width=320&amp;crop=smart&amp;auto=webp&amp;s=f1ea570e33c83a3a4bdfbdb94c4c6c25f49b3ff8', 'x': 320, 'y': 154}, {'u': 'https://preview.redd.it/3tyg6xinsp091.png?width=640&amp;crop=smart&amp;auto=webp&amp;s=27c3416697785cdb716e41149f81924d1a8a15e8', 'x': 640, 'y': 309}, {'u': 'https://preview.redd.it/3tyg6xinsp091.png?width=960&amp;crop=smart&amp;auto=webp&amp;s=fbb74810feb326b8cb93a3f685325f6f6d21a3d5', 'x': 960, 'y': 463}, {'u': 'https://preview.redd.it/3tyg6xinsp091.png?width=1080&amp;crop=smart&amp;auto=webp&amp;s=02c8cfc549cf96c01e473e9aa13e1011eb9adf56', 'x': 1080, 'y': 521}], 's': {'u': 'https://preview.redd.it/3tyg6xinsp091.png?width=1586&amp;format=png&amp;auto=webp&amp;s=172937730d5aeb1df8ce646deeaaf86244d3e9ba', 'x': 1586, 'y': 766}, 'status': 'valid'}, '4tkomr50rp091': {'e': 'Image', 'id': '4tkomr50rp091', 'm': 'image/png', 'p': [{'u': 'https://preview.redd.it/4tkomr50rp091.png?width=108&amp;crop=smart&amp;auto=webp&amp;s=c9ebfb87b6b78aab9051152b278c841696d5c661', 'x': 108, 'y': 86}, {'u': 'https://preview.redd.it/4tkomr50rp091.png?width=216&amp;crop=smart&amp;auto=webp&amp;s=d717817c1f68b9ca1f2a0fd9d02541b7885d3c20', 'x': 216, 'y': 173}, {'u': 'https://preview.redd.it/4tkomr50rp091.png?width=320&amp;crop=smart&amp;auto=webp&amp;s=473bf6d46d1a0539f15c8d7ca879d7e47cb2cc28', 'x': 320, 'y': 256}, {'u': 'https://preview.redd.it/4tkomr50rp091.png?width=640&amp;crop=smart&amp;auto=webp&amp;s=0c3c521a47d46bed969ddc47ff3664220843bdbd', 'x': 640, 'y': 513}, {'u': 'https://preview.redd.it/4tkomr50rp091.png?width=960&amp;crop=smart&amp;auto=webp&amp;s=53b47c372603ce56022735097aca21788ea8f61c', 'x': 960, 'y': 769}, {'u': 'https://preview.redd.it/4tkomr50rp091.png?width=1080&amp;crop=smart&amp;auto=webp&amp;s=42409f0f7cd0f74c0c268c463617249df6cab390', 'x': 1080, 'y': 865}], 's': {'u': 'https://preview.redd.it/4tkomr50rp091.png?width=1236&amp;format=png&amp;auto=webp&amp;s=8327e2ffb7df78e92f7b98c77abb5cd0ddbbd18a', 'x': 1236, 'y': 991}, 'status': 'valid'}, '7sycpgd3qp091': {'e': 'Image', 'id': '7sycpgd3qp091', 'm': 'image/png', 'p': [{'u': 'https://preview.redd.it/7sycpgd3qp091.png?width=108&amp;crop=smart&amp;auto=webp&amp;s=f6c6c195dd975e11e68655cc66b73776a2523857', 'x': 108, 'y': 94}, {'u': 'https://preview.redd.it/7sycpgd3qp091.png?width=216&amp;crop=smart&amp;auto=webp&amp;s=7db9828716c034eff0cffa99a4e9f969297066bd', 'x': 216, 'y': 189}, {'u': 'https://preview.redd.it/7sycpgd3qp091.png?width=320&amp;crop=smart&amp;auto=webp&amp;s=c72ea739adc400c4fbe7f5146182978f2f54eec9', 'x': 320, 'y': 280}, {'u': 'https://preview.redd.it/7sycpgd3qp091.png?width=640&amp;crop=smart&amp;auto=webp&amp;s=38271a42922b18e19b49d21eac4bbe522d03ed2e', 'x': 640, 'y': 560}, {'u': 'https://preview.redd.it/7sycpgd3qp091.png?width=960&amp;crop=smart&amp;auto=webp&amp;s=8d04cb4c8155d318396c05e8eebfa0214a2c36fd', 'x': 960, 'y': 840}, {'u': 'https://preview.redd.it/7sycpgd3qp091.png?width=1080&amp;crop=smart&amp;auto=webp&amp;s=e7df29028f3ce58bc8c17ef740f91040d21b7184', 'x': 1080, 'y': 945}], 's': {'u': 'https://preview.redd.it/7sycpgd3qp091.png?width=1296&amp;format=png&amp;auto=webp&amp;s=7f32ad9f9f6cabe43f7c8547a2725aec6d6587d6', 'x': 1296, 'y': 1134}, 'status': 'valid'}, 'bxghece5qp091': {'e': 'Image', 'id': 'bxghece5qp091', 'm': 'image/png', 'p': [{'u': 'https://preview.redd.it/bxghece5qp091.png?width=108&amp;crop=smart&amp;auto=webp&amp;s=cf2edae0b13773f30cf8e85198f456994772ce2d', 'x': 108, 'y': 37}, {'u': 'https://preview.redd.it/bxghece5qp091.png?width=216&amp;crop=smart&amp;auto=webp&amp;s=10888ba85092726864763be7d9a1bb34d2ff43f4', 'x': 216, 'y': 74}, {'u': 'https://preview.redd.it/bxghece5qp091.png?width=320&amp;crop=smart&amp;auto=webp&amp;s=1276a51eb4e57125790c9b14157d14ec0a2693a6', 'x': 320, 'y': 109}, {'u': 'https://preview.redd.it/bxghece5qp091.png?width=640&amp;crop=smart&amp;auto=webp&amp;s=99eb4dcc3b61877f44e66f19982c3748b320d7b5', 'x': 640, 'y': 219}, {'u': 'https://preview.redd.it/bxghece5qp091.png?width=960&amp;crop=smart&amp;auto=webp&amp;s=edc78b961495f8fd786c3c38ea9d948826f5e4d6', 'x': 960, 'y': 329}, {'u': 'https://preview.redd.it/bxghece5qp091.png?width=1080&amp;crop=smart&amp;auto=webp&amp;s=fdd605c5cb9bf7611fae1ae09d4f26ce5c9b060e', 'x': 1080, 'y': 371}], 's': {'u': 'https://preview.redd.it/bxghece5qp091.png?width=1292&amp;format=png&amp;auto=webp&amp;s=89fa01fc3253b68d42bd0dd638d021298e5b13bc', 'x': 1292, 'y': 444}, 'status': 'valid'}, 'g9ugsjotpp091': {'e': 'Image', 'id': 'g9ugsjotpp091', 'm': 'image/png', 'p': [{'u': 'https://preview.redd.it/g9ugsjotpp091.png?width=108&amp;crop=smart&amp;auto=webp&amp;s=e4d730a4c47e3ebf5ca431cfb88f822e772d632b', 'x': 108, 'y': 156}, {'u': 'https://preview.redd.it/g9ugsjotpp091.png?width=216&amp;crop=smart&amp;auto=webp&amp;s=ca7226d228974ed0322249c1f1ec7c487d57a4bf', 'x': 216, 'y': 313}, {'u': 'https://preview.redd.it/g9ugsjotpp091.png?width=320&amp;crop=smart&amp;auto=webp&amp;s=084eeff487a0f5518551c71cc5baa57a4acda39b', 'x': 320, 'y': 463}, {'u': 'https://preview.redd.it/g9ugsjotpp091.png?width=640&amp;crop=smart&amp;auto=webp&amp;s=72e015911bd189c6bced16a7d3a6259f3ba4c710', 'x': 640, 'y': 927}, {'u': 'https://preview.redd.it/g9ugsjotpp091.png?width=960&amp;crop=smart&amp;auto=webp&amp;s=be129c17b13c1a2b2ca678c77790a94b354b41a6', 'x': 960, 'y': 1391}, {'u': 'https://preview.redd.it/g9ugsjotpp091.png?width=1080&amp;crop=smart&amp;auto=webp&amp;s=61aabc05555936b58208b9a11a229ed9c8c35ff8', 'x': 1080, 'y': 1565}], 's': {'u': 'https://preview.redd.it/g9ugsjotpp091.png?width=1210&amp;format=png&amp;auto=webp&amp;s=dabb1d7e23f64edb5c8965a41893901826b93f03', 'x': 1210, 'y': 1754}, 'status': 'valid'}, 'kvpkcawesp091': {'e': 'Image', 'id': 'kvpkcawesp091', 'm': 'image/png', 'p': [{'u': 'https://preview.redd.it/kvpkcawesp091.png?width=108&amp;crop=smart&amp;auto=webp&amp;s=3e708b32cbe44d21de2779cb1e59d5efe9305528', 'x': 108, 'y': 44}, {'u': 'https://preview.redd.it/kvpkcawesp091.png?width=216&amp;crop=smart&amp;auto=webp&amp;s=a6ccacc56ecdaae20e8f4314be0c09669cbe1ffb', 'x': 216, 'y': 89}, {'u': 'https://preview.redd.it/kvpkcawesp091.png?width=320&amp;crop=smart&amp;auto=webp&amp;s=a65e0a51669bddc76ce428ab2c0158b0900b7ee9', 'x': 320, 'y': 132}, {'u': 'https://preview.redd.it/kvpkcawesp091.png?width=640&amp;crop=smart&amp;auto=webp&amp;s=b431ad673f4f6a6ae14000a1d299a5f4b81744d6', 'x': 640, 'y': 265}, {'u': 'https://preview.redd.it/kvpkcawesp091.png?width=960&amp;crop=smart&amp;auto=webp&amp;s=c8601c7e7bedb75aec025e64050f3987cfda2ff5', 'x': 960, 'y': 398}, {'u': 'https://preview.redd.it/kvpkcawesp091.png?width=1080&amp;crop=smart&amp;auto=webp&amp;s=b9029e5aab42f39c9152dbd6a8c23c2e21990b80', 'x': 1080, 'y': 447}], 's': {'u': 'https://preview.redd.it/kvpkcawesp091.png?width=1582&amp;format=png&amp;auto=webp&amp;s=4347df9934c4964b28d640321ab4c397ce717660', 'x': 1582, 'y': 656}, 'status': 'valid'}, 'nlr76o1erp091': {'e': 'Image', 'id': 'nlr76o1erp091', 'm': 'image/png', 'p': [{'u': 'https://preview.redd.it/nlr76o1erp091.png?width=108&amp;crop=smart&amp;auto=webp&amp;s=860eddb43409a20b525237288239c6491d55c43f', 'x': 108, 'y': 41}, {'u': 'https://preview.redd.it/nlr76o1erp091.png?width=216&amp;crop=smart&amp;auto=webp&amp;s=288c114264ba0088fcfff769ab97bf0a62dbb748', 'x': 216, 'y': 83}, {'u': 'https://preview.redd.it/nlr76o1erp091.png?width=320&amp;crop=smart&amp;auto=webp&amp;s=8c30656049aa55e5a0810f23a20b56e87008743e', 'x': 320, 'y': 122}, {'u': 'https://preview.redd.it/nlr76o1erp091.png?width=640&amp;crop=smart&amp;auto=webp&amp;s=2b1ecac4a66e6cc8b72633484869ba86736f076f', 'x': 640, 'y': 245}, {'u': 'https://preview.redd.it/nlr76o1erp091.png?width=960&amp;crop=smart&amp;auto=webp&amp;s=d334f8899f440f3e9a63f54731f0b44f9bb4b43b', 'x': 960, 'y': 368}, {'u': 'https://preview.redd.it/nlr76o1erp091.png?width=1080&amp;crop=smart&amp;auto=webp&amp;s=437981a540a7939b23a29a99a58f2b67d071d772', 'x': 1080, 'y': 415}], 's': {'u': 'https://preview.redd.it/nlr76o1erp091.png?width=1582&amp;format=png&amp;auto=webp&amp;s=74e925e00129b585bab5fa2e513904fa13a7e641', 'x': 1582, 'y': 608}, 'status': 'valid'}}"
