,all_awardings,allow_live_comments,author,author_flair_css_class,author_flair_richtext,author_flair_text,author_flair_type,author_fullname,author_is_blocked,author_patreon_flair,author_premium,awarders,can_mod_post,contest_mode,created_utc,domain,full_link,gildings,id,is_created_from_ads_ui,is_crosspostable,is_meta,is_original_content,is_reddit_media_domain,is_robot_indexable,is_self,is_video,link_flair_background_color,link_flair_richtext,link_flair_template_id,link_flair_text,link_flair_text_color,link_flair_type,locked,media_only,no_follow,num_comments,num_crossposts,over_18,parent_whitelist_status,permalink,pinned,pwls,retrieved_on,score,selftext,send_replies,spoiler,stickied,subreddit,subreddit_id,subreddit_subscribers,subreddit_type,thumbnail,title,total_awards_received,treatment_tags,upvote_ratio,url,whitelist_status,wls,created,media_metadata,thumbnail_height,thumbnail_width,post_hint,preview,removed_by_category,url_overridden_by_dest,media,media_embed,secure_media,secure_media_embed
0,[],False,wallpapersdance,,[],,text,t2_7c2ofv4k,False,False,False,[],False,False,1651756525,self.terraluna,https://www.reddit.com/r/terraluna/comments/uix7gc/dont_understand_how_memos_work_for_ustluna_why/,{},uix7gc,False,True,False,False,False,True,True,False,#7193ff,[],844cbda8-be27-11eb-b4ba-0e4cc1e38c35,Discussion,dark,text,False,False,True,0,0,False,all_ads,/r/terraluna/comments/uix7gc/dont_understand_how_memos_work_for_ustluna_why/,False,6,1651756536,1,,True,False,False,terraluna,t5_2y4t5,39769,public,self,"Don't understand how Memos work for UST/Luna. Why are they there? If two people put the same memo, aren't you screwed/can't tell transaction is whose? Or how does it work?",0,[],1.0,https://www.reddit.com/r/terraluna/comments/uix7gc/dont_understand_how_memos_work_for_ustluna_why/,all_ads,6,1651727725.0,,,,,,,,,,,
1,[],False,alaineman,,[],,text,t2_8pcru,False,False,False,[],False,False,1651753305,self.terraluna,https://www.reddit.com/r/terraluna/comments/uiw7vc/how_can_i_obtain_a_blunaclunalunaxstluna/,{},uiw7vc,False,True,False,False,False,True,True,False,#ea0027,[],e2e89fae-d1ae-11eb-ac7c-0eaa7b7dd161,Support,light,text,False,False,True,1,0,False,all_ads,/r/terraluna/comments/uiw7vc/how_can_i_obtain_a_blunaclunalunaxstluna/,False,6,1651753316,1,"I regularly wait for arbitrage opportunites with signals from arbiebot and coinhall alerts. But whenever I'm trying to swap within 15 seconds there is already a bot like this one that has already taken advantage: 

https://preview.redd.it/anc7lseufnx81.png?width=1528&amp;format=png&amp;auto=webp&amp;s=b102dfbc9cec6c413aaf9f0f8daf6af66aaae429

2 examples

https://preview.redd.it/lmbpep0ngnx81.png?width=1543&amp;format=png&amp;auto=webp&amp;s=a77ef135f3ec7f9a91dc5c1fce7b6e8a060f8e51

[Buys cluna within 10 seconds every single time then slow burns it later on](https://preview.redd.it/73504kxpgnx81.png?width=1525&amp;format=png&amp;auto=webp&amp;s=2aa9a96604f8f16ff7eaab2c7645e59c959c8463)

&amp;#x200B;

There are more examples of these bots. Notice when the rate goes below 0,98 they instantly jump in, sometimes even on the same block.

[Within 10 seconds they've already snatched the arb.](https://preview.redd.it/ms7wxfy5gnx81.png?width=1528&amp;format=png&amp;auto=webp&amp;s=65f0dfa464bd4283837ffd82543054dfeeadeb21)

I'm wondering how I can arb if there are bots continuously operating. Is there a place to get one of these bots or do I have to create them on my own?",True,False,False,terraluna,t5_2y4t5,39767,public,https://b.thumbs.redditmedia.com/92rzW-6oMEvGz6P0c9swSmKH_27dwNEClxtTWMot_ZM.jpg,How can I obtain a bluna/cluna/lunax/stluna arbitrage bot?,0,[],1.0,https://www.reddit.com/r/terraluna/comments/uiw7vc/how_can_i_obtain_a_blunaclunalunaxstluna/,all_ads,6,1651724505.0,"{'73504kxpgnx81': {'e': 'Image', 'id': '73504kxpgnx81', 'm': 'image/png', 'p': [{'u': 'https://preview.redd.it/73504kxpgnx81.png?width=108&amp;crop=smart&amp;auto=webp&amp;s=a23c3897f09c181e4861845c5c3b23247a86bfe7', 'x': 108, 'y': 8}, {'u': 'https://preview.redd.it/73504kxpgnx81.png?width=216&amp;crop=smart&amp;auto=webp&amp;s=1dc0001e1da0dbd87e5d6710610c08a5a12a9575', 'x': 216, 'y': 16}, {'u': 'https://preview.redd.it/73504kxpgnx81.png?width=320&amp;crop=smart&amp;auto=webp&amp;s=885259b98de2e2b674b5fd125446552249469efa', 'x': 320, 'y': 24}, {'u': 'https://preview.redd.it/73504kxpgnx81.png?width=640&amp;crop=smart&amp;auto=webp&amp;s=2d51dddcfb6f32724f515ddb0ffccc8925ece6bb', 'x': 640, 'y': 49}, {'u': 'https://preview.redd.it/73504kxpgnx81.png?width=960&amp;crop=smart&amp;auto=webp&amp;s=68ff857ff3966220597fa7cbeaf4dc98ca23c943', 'x': 960, 'y': 73}, {'u': 'https://preview.redd.it/73504kxpgnx81.png?width=1080&amp;crop=smart&amp;auto=webp&amp;s=6dce740adba2ec3a7b69b8dccfc81a94d6ca5f83', 'x': 1080, 'y': 82}], 's': {'u': 'https://preview.redd.it/73504kxpgnx81.png?width=1525&amp;format=png&amp;auto=webp&amp;s=2aa9a96604f8f16ff7eaab2c7645e59c959c8463', 'x': 1525, 'y': 117}, 'status': 'valid'}, 'anc7lseufnx81': {'e': 'Image', 'id': 'anc7lseufnx81', 'm': 'image/png', 'p': [{'u': 'https://preview.redd.it/anc7lseufnx81.png?width=108&amp;crop=smart&amp;auto=webp&amp;s=06141b9b5e1f2c2d7fbd69857cd0f90e14044dce', 'x': 108, 'y': 40}, {'u': 'https://preview.redd.it/anc7lseufnx81.png?width=216&amp;crop=smart&amp;auto=webp&amp;s=3995192d765eb299c0c70a93f62850ad48d0a0ea', 'x': 216, 'y': 80}, {'u': 'https://preview.redd.it/anc7lseufnx81.png?width=320&amp;crop=smart&amp;auto=webp&amp;s=7e89829cec479e0f9f75b386e71e25cff7ae5b8e', 'x': 320, 'y': 119}, {'u': 'https://preview.redd.it/anc7lseufnx81.png?width=640&amp;crop=smart&amp;auto=webp&amp;s=5a72b3fc491156ca16058ec1291dd9562ff194dc', 'x': 640, 'y': 238}, {'u': 'https://preview.redd.it/anc7lseufnx81.png?width=960&amp;crop=smart&amp;auto=webp&amp;s=ccc7ac1f02e8609e9ffdb92beb96ba6cb670a881', 'x': 960, 'y': 357}, {'u': 'https://preview.redd.it/anc7lseufnx81.png?width=1080&amp;crop=smart&amp;auto=webp&amp;s=0296b3a784e3896340e36eff46d0c01bb78b4949', 'x': 1080, 'y': 402}], 's': {'u': 'https://preview.redd.it/anc7lseufnx81.png?width=1528&amp;format=png&amp;auto=webp&amp;s=b102dfbc9cec6c413aaf9f0f8daf6af66aaae429', 'x': 1528, 'y': 569}, 'status': 'valid'}, 'lmbpep0ngnx81': {'e': 'Image', 'id': 'lmbpep0ngnx81', 'm': 'image/png', 'p': [{'u': 'https://preview.redd.it/lmbpep0ngnx81.png?width=108&amp;crop=smart&amp;auto=webp&amp;s=453c042f7310e1b4c1fa64a766d1ec1a55e38ef5', 'x': 108, 'y': 12}, {'u': 'https://preview.redd.it/lmbpep0ngnx81.png?width=216&amp;crop=smart&amp;auto=webp&amp;s=82d8a0d6cb28a96191b9b728bf3bc87e58fdc422', 'x': 216, 'y': 24}, {'u': 'https://preview.redd.it/lmbpep0ngnx81.png?width=320&amp;crop=smart&amp;auto=webp&amp;s=3bcafc4196c9231b7e44ea008e27191509aa18d6', 'x': 320, 'y': 36}, {'u': 'https://preview.redd.it/lmbpep0ngnx81.png?width=640&amp;crop=smart&amp;auto=webp&amp;s=1e474160f41037860b2b258e1304b96974fcb0a5', 'x': 640, 'y': 73}, {'u': 'https://preview.redd.it/lmbpep0ngnx81.png?width=960&amp;crop=smart&amp;auto=webp&amp;s=a6588e273f999302027db24bfd63abbe46c39bac', 'x': 960, 'y': 110}, {'u': 'https://preview.redd.it/lmbpep0ngnx81.png?width=1080&amp;crop=smart&amp;auto=webp&amp;s=55998c5832dd31b0bb1ad371d8c13aeac5dfdd32', 'x': 1080, 'y': 124}], 's': {'u': 'https://preview.redd.it/lmbpep0ngnx81.png?width=1543&amp;format=png&amp;auto=webp&amp;s=a77ef135f3ec7f9a91dc5c1fce7b6e8a060f8e51', 'x': 1543, 'y': 178}, 'status': 'valid'}, 'ms7wxfy5gnx81': {'e': 'Image', 'id': 'ms7wxfy5gnx81', 'm': 'image/png', 'p': [{'u': 'https://preview.redd.it/ms7wxfy5gnx81.png?width=108&amp;crop=smart&amp;auto=webp&amp;s=3f390f709db22c43d557bf97950a214cf0caa0b7', 'x': 108, 'y': 52}, {'u': 'https://preview.redd.it/ms7wxfy5gnx81.png?width=216&amp;crop=smart&amp;auto=webp&amp;s=a127a1c561ae60b58b06f519bebee0600fa4d7d0', 'x': 216, 'y': 104}, {'u': 'https://preview.redd.it/ms7wxfy5gnx81.png?width=320&amp;crop=smart&amp;auto=webp&amp;s=c5908a994a2f6f2f87f797caf812ba09e20a2c57', 'x': 320, 'y': 154}, {'u': 'https://preview.redd.it/ms7wxfy5gnx81.png?width=640&amp;crop=smart&amp;auto=webp&amp;s=2eefe0590530ea518a1bb119ff8fc80ba5e30bb3', 'x': 640, 'y': 308}, {'u': 'https://preview.redd.it/ms7wxfy5gnx81.png?width=960&amp;crop=smart&amp;auto=webp&amp;s=66c11e4149f9f165f067978702dab70c145a237a', 'x': 960, 'y': 462}, {'u': 'https://preview.redd.it/ms7wxfy5gnx81.png?width=1080&amp;crop=smart&amp;auto=webp&amp;s=e88952ca12d94c87b5d16c202e026e59207e13d4', 'x': 1080, 'y': 520}], 's': {'u': 'https://preview.redd.it/ms7wxfy5gnx81.png?width=1528&amp;format=png&amp;auto=webp&amp;s=65f0dfa464bd4283837ffd82543054dfeeadeb21', 'x': 1528, 'y': 736}, 'status': 'valid'}}",52.0,140.0,,,,,,,,
2,[],False,Business-Let-1035,,[],,text,t2_9dmatux8,False,False,False,[],False,False,1651748692,self.terraluna,https://www.reddit.com/r/terraluna/comments/uiuzq0/thoughts_on_this_post_from_rcc/,{},uiuzq0,False,True,False,False,False,True,True,False,#7193ff,[],844cbda8-be27-11eb-b4ba-0e4cc1e38c35,Discussion,dark,text,False,False,True,0,0,False,all_ads,/r/terraluna/comments/uiuzq0/thoughts_on_this_post_from_rcc/,False,6,1651748703,1,"[https://www.reddit.com/r/CryptoCurrency/comments/uirawq/madoff\_promised\_12\_peryear\_terra\_luna\_is/](https://www.reddit.com/r/CryptoCurrency/comments/uirawq/madoff_promised_12_peryear_terra_luna_is/)  


title.",True,False,False,terraluna,t5_2y4t5,39765,public,self,Thoughts on this post from r/cc?,0,[],1.0,https://www.reddit.com/r/terraluna/comments/uiuzq0/thoughts_on_this_post_from_rcc/,all_ads,6,1651719892.0,,,,,,,,,,,
3,[],False,SalliePearson,,[],,text,t2_6hbir1xr,False,False,False,[],False,False,1651747461,self.terraluna,https://www.reddit.com/r/terraluna/comments/uiuorp/impossible_to_verify_in_terra_discord_channel/,{},uiuorp,False,True,False,False,False,True,True,False,#7193ff,[],844cbda8-be27-11eb-b4ba-0e4cc1e38c35,Discussion,dark,text,False,False,False,0,0,False,all_ads,/r/terraluna/comments/uiuorp/impossible_to_verify_in_terra_discord_channel/,False,6,1651747471,1,"It's impossible as a human to verify this:

What could possibly be the right answer to ""Correct Option""?!?!

https://preview.redd.it/xr7iwgwkzmx81.png?width=800&amp;format=png&amp;auto=webp&amp;s=218d97a80039fb4fbb839f117095941bbc1d3fbe",True,False,False,terraluna,t5_2y4t5,39766,public,https://b.thumbs.redditmedia.com/J2ufv5Eq_r_5JaQTB8vawI21kzsi3Trd4KADJvOX-OI.jpg,Impossible to verify in Terra Discord Channel,0,[],1.0,https://www.reddit.com/r/terraluna/comments/uiuorp/impossible_to_verify_in_terra_discord_channel/,all_ads,6,1651718661.0,"{'xr7iwgwkzmx81': {'e': 'Image', 'id': 'xr7iwgwkzmx81', 'm': 'image/png', 'p': [{'u': 'https://preview.redd.it/xr7iwgwkzmx81.png?width=108&amp;crop=smart&amp;auto=webp&amp;s=3b3af3b6c566ba1a81061f9f1666c77171d14233', 'x': 108, 'y': 62}, {'u': 'https://preview.redd.it/xr7iwgwkzmx81.png?width=216&amp;crop=smart&amp;auto=webp&amp;s=d2beb2db06cf4f539c8c33d574b795d6286bdbd2', 'x': 216, 'y': 124}, {'u': 'https://preview.redd.it/xr7iwgwkzmx81.png?width=320&amp;crop=smart&amp;auto=webp&amp;s=ed15624558a213ab12e36bb070658b7e5d3ef532', 'x': 320, 'y': 184}, {'u': 'https://preview.redd.it/xr7iwgwkzmx81.png?width=640&amp;crop=smart&amp;auto=webp&amp;s=43fc8eabaddac2a3fd9e34f94d5bedc513fe7f5d', 'x': 640, 'y': 369}], 's': {'u': 'https://preview.redd.it/xr7iwgwkzmx81.png?width=800&amp;format=png&amp;auto=webp&amp;s=218d97a80039fb4fbb839f117095941bbc1d3fbe', 'x': 800, 'y': 462}, 'status': 'valid'}}",80.0,140.0,,,,,,,,
4,[],False,thriceee,,[],,text,t2_kopz3,False,False,False,[],False,False,1651731251,self.terraluna,https://www.reddit.com/r/terraluna/comments/uiqyrs/luna_staking_passive_income_options/,{},uiqyrs,False,True,False,False,False,True,True,False,#7193ff,[],844cbda8-be27-11eb-b4ba-0e4cc1e38c35,Discussion,dark,text,False,False,True,0,0,False,all_ads,/r/terraluna/comments/uiqyrs/luna_staking_passive_income_options/,False,6,1651731262,1,"Hey guys, 

I have been staking Luna on Terra Station for over a year now and I used to enjoy the airdrops. However, with most projects' coins (and airdrops) being worthless for the last several months, I'm considering other options - Lido being the first consideration.

What do you fellow Lunatics do with your Lunas these days for passive gain?

Cheers.",True,False,False,terraluna,t5_2y4t5,39752,public,self,"Luna staking, passive income options",0,[],1.0,https://www.reddit.com/r/terraluna/comments/uiqyrs/luna_staking_passive_income_options/,all_ads,6,1651702451.0,,,,,,,,,,,
5,[],False,TopBridge6057,,[],,text,t2_3tp6t49i,False,False,True,[],False,False,1651720731,self.terraluna,https://www.reddit.com/r/terraluna/comments/uio2iw/issues_withdrawing_cash_from_alice/,{},uio2iw,False,True,False,False,False,True,True,False,#7193ff,[],844cbda8-be27-11eb-b4ba-0e4cc1e38c35,Discussion,dark,text,False,False,True,0,0,False,all_ads,/r/terraluna/comments/uio2iw/issues_withdrawing_cash_from_alice/,False,6,1651720741,1,"Hi, I keep trying to transfer cash off to my terra station wallet but i get the following message eveyr time ""cannot read property 'note' of undefined""

Does anyone know how to fix this? my cash is stuck.",True,False,False,terraluna,t5_2y4t5,39747,public,self,Issues withdrawing cash from Alice,0,[],1.0,https://www.reddit.com/r/terraluna/comments/uio2iw/issues_withdrawing_cash_from_alice/,all_ads,6,1651691931.0,,,,,,,,,,,
6,[],False,ancasme007,,[],,text,t2_8wl94nzl,False,False,False,[],False,False,1651718791,self.terraluna,https://www.reddit.com/r/terraluna/comments/uing7p/anonymous_funds_on_terra_void_protocol/,{},uing7p,False,True,False,False,False,True,True,False,#dadada,[],773e7b1a-be27-11eb-a721-0eb5d708beb5,Terra Ecosystem,dark,text,False,False,True,0,0,False,all_ads,/r/terraluna/comments/uing7p/anonymous_funds_on_terra_void_protocol/,False,6,1651718801,1,"Anyone here heard of VOID protocol? apparently they allow you to make your funds untraceable by using cryptic phrases, set deposit sizes and one single smart contract.

“By depositing fixed amounts into the contract, waiting, then withdrawing to a brand new wallet, funds will be untraceable back to the original wallet. ‌”

When deposits are made, I read they are pooled together in one smart contract. Since all deposits made are of the same amounts with the mentioned set deposit sizes, it should be extremely difficult to determine the origin wallet of the funds.

The main thing I thought was interesting and maybe worth looking into was that at the moment of withdrawal, the receiving wallet can be unfunded since gas will be paid through a relay, making the new wallet unassociated with any previous ones that held the funds.

I’ve been looking into the TERRA ecosystem and VOID seemed really cool, any other privacy-focused protocols on TERRA I haven’t heard about?",True,False,False,terraluna,t5_2y4t5,39744,public,self,Anonymous funds on TERRA? (VOID protocol),0,[],1.0,https://www.reddit.com/r/terraluna/comments/uing7p/anonymous_funds_on_terra_void_protocol/,all_ads,6,1651689991.0,,,,,,,,,,,
7,[],False,EEMS_783,,[],,text,t2_9u79874q,False,False,False,[],False,False,1651705199,cryptobizdaily.com,https://www.reddit.com/r/terraluna/comments/uij0bi/3_key_metrics_signal_terra_luna_price_is/,{},uij0bi,False,False,False,False,False,False,False,False,#7193ff,[],844cbda8-be27-11eb-b4ba-0e4cc1e38c35,Discussion,dark,text,False,False,True,0,0,False,all_ads,/r/terraluna/comments/uij0bi/3_key_metrics_signal_terra_luna_price_is/,False,6,1651705209,1,,True,False,False,terraluna,t5_2y4t5,39737,public,https://b.thumbs.redditmedia.com/P38aXM3cvT9COCd_PUZHRpRauy6Im9hfZyphbt6a6SI.jpg,3 key metrics signal Terra (LUNA) price is preparing for a recovery,0,[],1.0,https://cryptobizdaily.com/3-key-metrics-signal-terra-luna-price-is-preparing-for-a-recovery/,all_ads,6,1651676399.0,,68.0,140.0,link,"{'enabled': False, 'images': [{'id': 'C1jJC0SjVMR5C1FqJ6fX4cp6A-AmtceFdg-rSwph_do', 'resolutions': [{'height': 52, 'url': 'https://external-preview.redd.it/9st0POtsGFpf9UkbcKXCE-m-YErBgr5OwlfnuocDRjM.jpg?width=108&amp;crop=smart&amp;auto=webp&amp;s=a0b63c9afa16fa8290baab4a6406bf2bc5f2ee37', 'width': 108}, {'height': 105, 'url': 'https://external-preview.redd.it/9st0POtsGFpf9UkbcKXCE-m-YErBgr5OwlfnuocDRjM.jpg?width=216&amp;crop=smart&amp;auto=webp&amp;s=acb420d59da955402a59fb9ae7ef02a887170e63', 'width': 216}, {'height': 155, 'url': 'https://external-preview.redd.it/9st0POtsGFpf9UkbcKXCE-m-YErBgr5OwlfnuocDRjM.jpg?width=320&amp;crop=smart&amp;auto=webp&amp;s=2ec81278890b3bf6de563735729aac5d321d6878', 'width': 320}, {'height': 311, 'url': 'https://external-preview.redd.it/9st0POtsGFpf9UkbcKXCE-m-YErBgr5OwlfnuocDRjM.jpg?width=640&amp;crop=smart&amp;auto=webp&amp;s=7d2d43b2bea7d5189ee4b9dd5ea5ab88c2d0460b', 'width': 640}, {'height': 466, 'url': 'https://external-preview.redd.it/9st0POtsGFpf9UkbcKXCE-m-YErBgr5OwlfnuocDRjM.jpg?width=960&amp;crop=smart&amp;auto=webp&amp;s=594ff645ae6a9f70ad5b03aea8961f4987c409e1', 'width': 960}, {'height': 525, 'url': 'https://external-preview.redd.it/9st0POtsGFpf9UkbcKXCE-m-YErBgr5OwlfnuocDRjM.jpg?width=1080&amp;crop=smart&amp;auto=webp&amp;s=1ccfe5a88ef977b5dac4f10e5fd18ecc5eff49db', 'width': 1080}], 'source': {'height': 543, 'url': 'https://external-preview.redd.it/9st0POtsGFpf9UkbcKXCE-m-YErBgr5OwlfnuocDRjM.jpg?auto=webp&amp;s=ac3851ff4c8424d1f8edcd19dee651834de9437e', 'width': 1117}, 'variants': {}}]}",reddit,https://cryptobizdaily.com/3-key-metrics-signal-terra-luna-price-is-preparing-for-a-recovery/,,,,
8,[],False,gadgetpimp,,[],,text,t2_7q73l6xa,False,False,False,[],False,False,1651703784,youtube.com,https://www.reddit.com/r/terraluna/comments/uiiij7/collecting_terra_luna_staking_rewards_and_more/,{},uiiij7,False,True,False,False,False,True,False,False,#dadada,[],773e7b1a-be27-11eb-a721-0eb5d708beb5,Terra Ecosystem,dark,text,False,False,True,0,0,False,all_ads,/r/terraluna/comments/uiiij7/collecting_terra_luna_staking_rewards_and_more/,False,6,1651703795,1,,True,False,False,terraluna,t5_2y4t5,39734,public,https://b.thumbs.redditmedia.com/kaVmz0stpSJWeh3KjYXq-hI4ByVkGA6qILoErJhSVNE.jpg,Collecting Terra Luna Staking rewards and more,0,[],1.0,https://youtube.com/watch?v=Lq-xkgbN2pA&amp;feature=share,all_ads,6,1651674984.0,,105.0,140.0,rich:video,"{'enabled': False, 'images': [{'id': 'SsgD5cYVy3xnYrl6_C_g_5t8yS7QEQ9U21Op18fIdv0', 'resolutions': [{'height': 81, 'url': 'https://external-preview.redd.it/OVtmoYrZsmAY1J0kEr9X76h68o-3H2xCEYWWUYqI5c8.jpg?width=108&amp;crop=smart&amp;auto=webp&amp;s=03e4fb358182995a6f4a966dc5b07534bcf4f365', 'width': 108}, {'height': 162, 'url': 'https://external-preview.redd.it/OVtmoYrZsmAY1J0kEr9X76h68o-3H2xCEYWWUYqI5c8.jpg?width=216&amp;crop=smart&amp;auto=webp&amp;s=c007dece28ffd3a86b9ab56da33d1e9698fe8c35', 'width': 216}, {'height': 240, 'url': 'https://external-preview.redd.it/OVtmoYrZsmAY1J0kEr9X76h68o-3H2xCEYWWUYqI5c8.jpg?width=320&amp;crop=smart&amp;auto=webp&amp;s=a87c75e96e7721b2ebfd2a66f37740bf970521b6', 'width': 320}], 'source': {'height': 360, 'url': 'https://external-preview.redd.it/OVtmoYrZsmAY1J0kEr9X76h68o-3H2xCEYWWUYqI5c8.jpg?auto=webp&amp;s=775904c1ae362b4b71f1b518d8b88b4383e13431', 'width': 480}, 'variants': {}}]}",,https://youtube.com/watch?v=Lq-xkgbN2pA&amp;feature=share,"{'oembed': {'author_name': 'GadgetPimp', 'author_url': 'https://www.youtube.com/c/techsavvy2100', 'height': 200, 'html': '&lt;iframe width=""356"" height=""200"" src=""https://www.youtube.com/embed/Lq-xkgbN2pA?feature=oembed&amp;enablejsapi=1"" frameborder=""0"" allow=""accelerometer; autoplay; clipboard-write; encrypted-media; gyroscope; picture-in-picture"" allowfullscreen&gt;&lt;/iframe&gt;', 'provider_name': 'YouTube', 'provider_url': 'https://www.youtube.com/', 'thumbnail_height': 360, 'thumbnail_url': 'https://i.ytimg.com/vi/Lq-xkgbN2pA/hqdefault.jpg', 'thumbnail_width': 480, 'title': 'Collecting Terra Luna Staking rewards and more', 'type': 'video', 'version': '1.0', 'width': 356}, 'type': 'youtube.com'}","{'content': '&lt;iframe width=""356"" height=""200"" src=""https://www.youtube.com/embed/Lq-xkgbN2pA?feature=oembed&amp;enablejsapi=1"" frameborder=""0"" allow=""accelerometer; autoplay; clipboard-write; encrypted-media; gyroscope; picture-in-picture"" allowfullscreen&gt;&lt;/iframe&gt;', 'height': 200, 'scrolling': False, 'width': 356}","{'oembed': {'author_name': 'GadgetPimp', 'author_url': 'https://www.youtube.com/c/techsavvy2100', 'height': 200, 'html': '&lt;iframe width=""356"" height=""200"" src=""https://www.youtube.com/embed/Lq-xkgbN2pA?feature=oembed&amp;enablejsapi=1"" frameborder=""0"" allow=""accelerometer; autoplay; clipboard-write; encrypted-media; gyroscope; picture-in-picture"" allowfullscreen&gt;&lt;/iframe&gt;', 'provider_name': 'YouTube', 'provider_url': 'https://www.youtube.com/', 'thumbnail_height': 360, 'thumbnail_url': 'https://i.ytimg.com/vi/Lq-xkgbN2pA/hqdefault.jpg', 'thumbnail_width': 480, 'title': 'Collecting Terra Luna Staking rewards and more', 'type': 'video', 'version': '1.0', 'width': 356}, 'type': 'youtube.com'}","{'content': '&lt;iframe width=""356"" height=""200"" src=""https://www.youtube.com/embed/Lq-xkgbN2pA?feature=oembed&amp;enablejsapi=1"" frameborder=""0"" allow=""accelerometer; autoplay; clipboard-write; encrypted-media; gyroscope; picture-in-picture"" allowfullscreen&gt;&lt;/iframe&gt;', 'height': 200, 'media_domain_url': 'https://www.redditmedia.com/mediaembed/uiiij7', 'scrolling': False, 'width': 356}"
9,[],False,notboredatwork1,,[],,text,t2_80vokdy5,False,False,False,[],False,False,1651700687,self.terraluna,https://www.reddit.com/r/terraluna/comments/uihetw/metamask_or_any_other_wallet_for_ust/,{},uihetw,False,True,False,False,False,True,True,False,#8bb681,[],9d679f2a-be26-11eb-bf7a-0e312f6a845b,Anchor,dark,text,False,False,False,0,0,False,all_ads,/r/terraluna/comments/uihetw/metamask_or_any_other_wallet_for_ust/,False,6,1651700698,1,is it possible to use my current wallet to put ust into anchor protocol?,True,False,False,terraluna,t5_2y4t5,39731,public,self,Metamask or any other wallet for UST,0,[],1.0,https://www.reddit.com/r/terraluna/comments/uihetw/metamask_or_any_other_wallet_for_ust/,all_ads,6,1651671887.0,,,,,,,,,,,
10,[],False,rrsafety,,[],,text,t2_83402,False,False,False,[],False,False,1651700357,i.redd.it,https://www.reddit.com/r/terraluna/comments/uihaqo/this_notice_winding_down_53122_appeared_next_to/,{},uihaqo,False,True,False,False,True,True,False,False,#7193ff,[],844cbda8-be27-11eb-b4ba-0e4cc1e38c35,Discussion,dark,text,False,False,True,0,0,False,all_ads,/r/terraluna/comments/uihaqo/this_notice_winding_down_53122_appeared_next_to/,False,6,1651700368,1,,True,False,False,terraluna,t5_2y4t5,39731,public,https://b.thumbs.redditmedia.com/vecMVeFR5JX7NiJDdVh_I_WH_ZfZFNFt670V38do0aI.jpg,"This notice (""Winding Down 5/31/22"") appeared next to the validator of my delegated Luna. What does it mean? Do I have to do something?",0,[],1.0,https://i.redd.it/17ntfwrg3jx81.png,all_ads,6,1651671557.0,,41.0,140.0,image,"{'enabled': True, 'images': [{'id': '-jxtoPwXJXEQybVjq3Fy9JbsYS2qVUlIrzntfZ2bJko', 'resolutions': [{'height': 32, 'url': 'https://preview.redd.it/17ntfwrg3jx81.png?width=108&amp;crop=smart&amp;auto=webp&amp;s=39f9e65abf0a37d92f1d79b20f7e5e0ad5f210f4', 'width': 108}, {'height': 64, 'url': 'https://preview.redd.it/17ntfwrg3jx81.png?width=216&amp;crop=smart&amp;auto=webp&amp;s=17ea33d61537f24e088fa43efb66d6ee2d74b1c7', 'width': 216}, {'height': 95, 'url': 'https://preview.redd.it/17ntfwrg3jx81.png?width=320&amp;crop=smart&amp;auto=webp&amp;s=84f5fecbbc85de90a3bb27381f5e42f9902765fd', 'width': 320}, {'height': 190, 'url': 'https://preview.redd.it/17ntfwrg3jx81.png?width=640&amp;crop=smart&amp;auto=webp&amp;s=9d97bf08392ed4f5151da5ad4bfa37770974f7db', 'width': 640}], 'source': {'height': 281, 'url': 'https://preview.redd.it/17ntfwrg3jx81.png?auto=webp&amp;s=b3c625c522d0805d6c02d2b102a49b9fa076fb6b', 'width': 944}, 'variants': {}}]}",,https://i.redd.it/17ntfwrg3jx81.png,,,,
11,[],False,RevolutionaryMood471,,[],,text,t2_f054z9mg,False,False,False,[],False,False,1651699186,self.terraluna,https://www.reddit.com/r/terraluna/comments/uigvzj/wormhole_erc20_luna_to_normal_erc20_luna_how/,{},uigvzj,False,True,False,False,False,True,True,False,#7193ff,[],844cbda8-be27-11eb-b4ba-0e4cc1e38c35,Discussion,dark,text,False,False,True,0,0,False,all_ads,/r/terraluna/comments/uigvzj/wormhole_erc20_luna_to_normal_erc20_luna_how/,False,6,1651699196,1,"Gemini supports the one with contract address: 0xd2877702675e6ceb975b4a1dff9fb7baf4c91ea9

But not the wormhole associated one, which has a contract address of: 0xbd31EA8212119f94A611FA969881CBa3EA06Fa3d

How do I switch back from wormhole to normal ERC20 version?

Note: I had originally used wormhole to move from the terra chain to Ethereum chain but ended up with this odd wormhole version.",True,False,False,terraluna,t5_2y4t5,39730,public,self,Wormhole ERC20 Luna to normal ERC20 Luna - how?,0,[],1.0,https://www.reddit.com/r/terraluna/comments/uigvzj/wormhole_erc20_luna_to_normal_erc20_luna_how/,all_ads,6,1651670386.0,,,,,,,,,,,
12,[],False,ttack99,,[],,text,t2_wt0an,False,False,False,[],False,False,1651693812,self.terraluna,https://www.reddit.com/r/terraluna/comments/uiexvm/alice_crashing_when_trying_to_withdraw_to/,{},uiexvm,False,True,False,False,False,True,True,False,#8844f6,[],58bcf2d4-be27-11eb-8d50-0e227113ea6b,Alice,light,text,False,False,True,0,0,False,all_ads,/r/terraluna/comments/uiexvm/alice_crashing_when_trying_to_withdraw_to/,False,6,1651693823,1,"Hey I recently set up Alice &amp; sent money to it today.  I tried sending it to my Terrastation wallet &amp; the app crashes.  My friend has the same issue, he also just set it up today as well.  

Does anyone know if there's a fix for this issue?  It sounds like everyone else who's been using it hasn't had any trouble.

Thanks for any help",True,False,False,terraluna,t5_2y4t5,39727,public,self,Alice crashing when trying to withdraw to Terrastation,0,[],1.0,https://www.reddit.com/r/terraluna/comments/uiexvm/alice_crashing_when_trying_to_withdraw_to/,all_ads,6,1651665012.0,,,,,,,,,,,
13,[],False,blue-bronco,,[],,text,t2_a25vf304,False,False,False,[],False,False,1651690071,self.terraluna,https://www.reddit.com/r/terraluna/comments/uidkwa/edge_protocol_a_few_questions_about_how_risky/,{},uidkwa,False,True,False,False,False,True,True,False,#dadada,[],773e7b1a-be27-11eb-a721-0eb5d708beb5,Terra Ecosystem,dark,text,False,False,False,0,0,False,all_ads,/r/terraluna/comments/uidkwa/edge_protocol_a_few_questions_about_how_risky/,False,6,1651690081,1,"I'm looking to use Edge Protocol for collateralized borrowing but had some questions before I commit assets to the platform, especially since it is still in beta. First, I could not find the code repository on github and the single audit report by Z Institute says the codebase is ""private."" The audit report is from February so maybe the code is now open-source, maybe? Has anyone found it? 

Second, who are the developers? I don't see their identities on the website or github. I get the reasons for wanting to remain anonymous but I feel like risks are always mitigated when developers are known. I do see they have some blue chip financial backing so I'm not too concerned about rug pulls or code vulnerabilities but I still feel like dotting i's and crossing t's when possible.

Anyone have thoughts on the risk profile of Edge Protocol at this point: still in beta but a few months of launch experience.",True,False,False,terraluna,t5_2y4t5,39725,public,self,Edge Protocol: A few questions about how risky,0,[],1.0,https://www.reddit.com/r/terraluna/comments/uidkwa/edge_protocol_a_few_questions_about_how_risky/,all_ads,6,1651661271.0,,,,,,,,,,,
14,[],False,GuessWhat_InTheButt,,[],,text,t2_iod3s,False,False,False,[],False,False,1651688072,self.terraluna,https://www.reddit.com/r/terraluna/comments/uicv23/is_this_firefox_extension_genuine_cant_find_any/,{},uicv23,False,True,False,False,False,True,True,False,#7193ff,[],844cbda8-be27-11eb-b4ba-0e4cc1e38c35,Discussion,dark,text,False,False,True,0,0,False,all_ads,/r/terraluna/comments/uicv23/is_this_firefox_extension_genuine_cant_find_any/,False,6,1651688083,1,https://addons.mozilla.org/en-US/firefox/addon/terra-station-wallet/,True,False,False,terraluna,t5_2y4t5,39725,public,self,Is this Firefox extension genuine? Can't find any info about it anywhere,0,[],1.0,https://www.reddit.com/r/terraluna/comments/uicv23/is_this_firefox_extension_genuine_cant_find_any/,all_ads,6,1651659272.0,,,,,,,,,,,
15,[],False,ScrewTheShorts,,[],,text,t2_9z2euf49,False,False,False,[],False,False,1651685172,self.terraluna,https://www.reddit.com/r/terraluna/comments/uibssi/just_lost_ust_transferring_from_terra_bridge_on/,{},uibssi,False,True,False,False,False,True,True,False,#dadada,[],773e7b1a-be27-11eb-a721-0eb5d708beb5,Terra Ecosystem,dark,text,False,False,True,0,0,False,all_ads,/r/terraluna/comments/uibssi/just_lost_ust_transferring_from_terra_bridge_on/,False,6,1651685182,1,,True,False,False,terraluna,t5_2y4t5,39726,public,self,"Just lost UST transferring from Terra Bridge (on Shuttle, not Wormhole) to Exchange. Did small amount earlier today, and it went thru. Did second amount and has not shown up after 2 hours. Only transaction info is from Terra Station to Terra Bridge. Both amounts are trackable and show success. ??",0,[],1.0,https://www.reddit.com/r/terraluna/comments/uibssi/just_lost_ust_transferring_from_terra_bridge_on/,all_ads,6,1651656372.0,,,,,,,,,,,
16,[],False,jayshaw941,,[],,text,t2_d6jwjn5w,False,False,False,[],False,False,1651683805,self.terraluna,https://www.reddit.com/r/terraluna/comments/uibafz/does_anyone_have_an_invite_for_alice/,{},uibafz,False,True,False,False,False,True,True,False,#7193ff,[],844cbda8-be27-11eb-b4ba-0e4cc1e38c35,Discussion,dark,text,False,False,True,0,0,False,all_ads,/r/terraluna/comments/uibafz/does_anyone_have_an_invite_for_alice/,False,6,1651683816,1,"Hello,
Does anyone have Alice invite they could share?

Thank you",True,False,False,terraluna,t5_2y4t5,39725,public,self,does anyone have an invite for Alice?,0,[],1.0,https://www.reddit.com/r/terraluna/comments/uibafz/does_anyone_have_an_invite_for_alice/,all_ads,6,1651655005.0,,,,,,,,,,,
17,[],False,GuessWhat_InTheButt,,[],,text,t2_iod3s,False,False,False,[],False,False,1651682719,i.redd.it,https://www.reddit.com/r/terraluna/comments/uiavtk/terra_station_cant_find_ledger_nano_s_firefox/,{},uiavtk,False,True,False,False,True,True,False,False,#7193ff,[],844cbda8-be27-11eb-b4ba-0e4cc1e38c35,Discussion,dark,text,False,False,True,0,0,False,all_ads,/r/terraluna/comments/uiavtk/terra_station_cant_find_ledger_nano_s_firefox/,False,6,1651682729,1,,True,False,False,terraluna,t5_2y4t5,39725,public,https://b.thumbs.redditmedia.com/cG3jkCgeb6QGaKgfjShmqu_F4l6-6pfCkqnryFb2CwQ.jpg,"Terra Station can't find Ledger Nano S (Firefox, Kubuntu)",0,[],1.0,https://i.redd.it/8gt6j671nhx81.png,all_ads,6,1651653919.0,,86.0,140.0,image,"{'enabled': True, 'images': [{'id': 'kmNAvVOpv5HrBVvEvxXa-JymDUD08EYslGVSZ8K9w_0', 'resolutions': [{'height': 66, 'url': 'https://preview.redd.it/8gt6j671nhx81.png?width=108&amp;crop=smart&amp;auto=webp&amp;s=ddc404a946933290db1c792156b416e56e557cf4', 'width': 108}, {'height': 132, 'url': 'https://preview.redd.it/8gt6j671nhx81.png?width=216&amp;crop=smart&amp;auto=webp&amp;s=cfdad611f8ddab82d99f2077a1fc31fe054804ad', 'width': 216}, {'height': 197, 'url': 'https://preview.redd.it/8gt6j671nhx81.png?width=320&amp;crop=smart&amp;auto=webp&amp;s=2f89d0430f131e29dd53aa219bfa85849a7913c5', 'width': 320}, {'height': 394, 'url': 'https://preview.redd.it/8gt6j671nhx81.png?width=640&amp;crop=smart&amp;auto=webp&amp;s=c467be1c6fc9bc503041efa535140d5d2c5c8020', 'width': 640}], 'source': {'height': 394, 'url': 'https://preview.redd.it/8gt6j671nhx81.png?auto=webp&amp;s=ff47bcb05fa8270309c98246c4d75fa723e36232', 'width': 640}, 'variants': {}}]}",,https://i.redd.it/8gt6j671nhx81.png,,,,
18,[],False,owenphillips_,,[],,text,t2_8mz0ww3h,False,False,False,[],False,False,1651680426,self.terraluna,https://www.reddit.com/r/terraluna/comments/uia14h/best_place_to_buy_small_amounts_under_10_of_ust/,{},uia14h,False,True,False,False,False,True,True,False,#8844f6,[],58bcf2d4-be27-11eb-8d50-0e227113ea6b,Alice,light,text,False,False,True,0,0,False,all_ads,/r/terraluna/comments/uia14h/best_place_to_buy_small_amounts_under_10_of_ust/,False,6,1651680437,1,"I am looking to send UST to Alice on a frequent basis and I would like to know the best place to purchase it without incurring large minimum purchases

For example, Binance has a $25 minimum and a $50 minimum withdrawal.

I am looking to send $5 for example, is this possible? I am also UK-based.

Thanks",True,False,False,terraluna,t5_2y4t5,39721,public,self,Best place to buy small amounts (under $10) of UST,0,[],1.0,https://www.reddit.com/r/terraluna/comments/uia14h/best_place_to_buy_small_amounts_under_10_of_ust/,all_ads,6,1651651626.0,,,,,,,,,,,
