,all_awardings,allow_live_comments,author,author_flair_background_color,author_flair_css_class,author_flair_richtext,author_flair_text,author_flair_text_color,author_flair_type,author_fullname,author_is_blocked,author_patreon_flair,author_premium,awarders,can_mod_post,contest_mode,created_utc,domain,full_link,gildings,id,is_created_from_ads_ui,is_crosspostable,is_meta,is_original_content,is_reddit_media_domain,is_robot_indexable,is_self,is_video,link_flair_background_color,link_flair_css_class,link_flair_richtext,link_flair_template_id,link_flair_text,link_flair_text_color,link_flair_type,locked,media_only,no_follow,num_comments,num_crossposts,over_18,parent_whitelist_status,permalink,pinned,pwls,retrieved_on,score,selftext,send_replies,spoiler,stickied,subreddit,subreddit_id,subreddit_subscribers,subreddit_type,thumbnail,title,total_awards_received,treatment_tags,upvote_ratio,url,whitelist_status,wls,created,post_hint,preview,thumbnail_height,thumbnail_width,url_overridden_by_dest,media,media_embed,removed_by_category,secure_media,secure_media_embed,media_metadata,suggested_sort
0,[],False,LeFabio,,Warning-level1-1,"[{'e': 'text', 't': 'Bronze'}]",Bronze,dark,richtext,t2_66azmyjk,False,False,False,[],False,False,1653060086,self.CryptoCurrency,https://www.reddit.com/r/CryptoCurrency/comments/utz8fu/another_luna_rant/,{},utz8fu,False,True,False,False,False,True,True,False,#7193ff,DISCUSSION,"[{'e': 'text', 't': 'DISCUSSION'}]",87049662-0882-11e5-82e1-0e9d1a9f7761,DISCUSSION,dark,richtext,False,False,True,0,0,False,all_ads,/r/CryptoCurrency/comments/utz8fu/another_luna_rant/,False,6,1653060097,1,"TLDR: why did people invest in something that was ""an obvious ponzi""? But I'd suggest reading through the whole thing.




So yeah, I'm aware I'm beating a dead horse here but therr it goes.

I've entered the crypto space about a year ago, and I'm still far from understanding how it all works, but recent events caught my eye more than anything else.

I'm not sure how long Luna exists, but I remember seeing it from my beginnings. I've had some every now and then, it made me few bucks. 

What's interesting to me is that now that it all happened, shitload of cash has been lost, it's time that people picked up their pitchforks and are going after Do Kwon.
My cash was a smallest part of the drop in the sea in the ecosystem, thankfully I had none when it went down so yeah, I was left ""untouched"". 

Now, all of a sudden, there are so many proofs that it was known that it was really easy to collapse the project coming to surface, and all fingers are pointed at Do Kwon. If it was all obvious way back, how come Luna broke through new ATH after the whole market started to go down? How come there were so many investors with 7+ digit sums in the project that was just waiting to go down? Were all the people uneducated enough about it and they just threw their millions into it and waited for it to vomit out profits? 

I'm not trying to be a smartass here, I'm asking genuinely if I'm missing something, cuz all of this defies all logic to me. Knowing that it's a potential disaster, written in the code, but still ""believing in the project""? For the last few days, I've seen more than ever posts about how obvious it was that 20% APR for UST is a ""ponzi"", why the hell did it have 40b MCP? 

I'll put aside the fact that Do Kwons project hurt a lot of lives (just hear me out a bit before disliking), but if so many people knew, how come the word wasnt spread enough, investors (both big and small) slowly bailed the project and moved to something more ""legit""? 

I'm not saying Kwon shouldnt go without any consequences after this (if he does, realistically, every ""rug pull"" should be prosecuted the same, but it wont, ofc), but is he really the one to blame if you invested in an obvious ""ponzi""? 

From what I see, basic human greed in those who knew it's this unstable. 

They loved the ride on the wave, but it collapsed on them, and now they're blaming Poseidon for drowning. Again, I've got tons of sympathy for every single person whose life got ruined and I genuinely hope they recover after it.",True,False,False,CryptoCurrency,t5_2wlj3,4893508,public,self,Another Luna rant,0,[],1.0,https://www.reddit.com/r/CryptoCurrency/comments/utz8fu/another_luna_rant/,all_ads,6,1653031286.0,,,,,,,,,,,,
1,[],False,recessiontime,,,"[{'e': 'text', 't': 'Platinum | QC: CC 99, XMR 16 | LINK 14 | TraderSubs 12'}]","Platinum | QC: CC 99, XMR 16 | LINK 14 | TraderSubs 12",dark,richtext,t2_b0q3e,False,False,False,[],False,False,1653053421,self.CryptoCurrency,https://www.reddit.com/r/CryptoCurrency/comments/utvykq/fan_fiction_you_are_do_kwon_what_do/,{},utvykq,False,True,False,False,False,True,True,False,#c403f5,COMEDY,"[{'e': 'text', 't': 'COMEDY'}]",5c104cfc-d7c8-11e4-9d14-22000b6902b0,COMEDY,dark,richtext,False,False,False,0,0,False,all_ads,/r/CryptoCurrency/comments/utvykq/fan_fiction_you_are_do_kwon_what_do/,False,6,1653053432,1,"You wake up one morning and you are Do Kwon, you are blamed for 60billion dollars gone and countless lives ruined/rekt. The authorities in several countries are beginning to close in on you. It is clear that whether you are not you are guilty of what everyone else is accusing or not it is certain you will be crucified to the fullest extent of their rules. Knowing your fate and your immediate family is tied to yours what would you do? 

For example, would you plead guilty to everything and throw yourself to the mercy of the government?

Would you instead run off to Russia or North Korea with the 80-90000 BTC and live out your days in relative comfort?

Maybe declare bankruptcy to absolve yourself of all/most legal issues?

You are Do Kwon, the protagonist, you choose your path.

Disclaimer: this is for entertainment purposes I am not giving any advice to anyone and this is not meant to promote any actions against Do Kwon or anyone associated with him. The authorities are looking into it so let them do their job.",True,False,False,CryptoCurrency,t5_2wlj3,4893101,public,self,"fan fiction: you are Do Kwon, what do?",0,[],1.0,https://www.reddit.com/r/CryptoCurrency/comments/utvykq/fan_fiction_you_are_do_kwon_what_do/,all_ads,6,1653024621.0,,,,,,,,,,,,
2,[],False,rulesforrebels,,,"[{'e': 'text', 't': 'Platinum | QC: CC 106 | Stocks 18'}]",Platinum | QC: CC 106 | Stocks 18,dark,richtext,t2_4ft6o,False,False,False,[],False,False,1653052626,decrypt.co,https://www.reddit.com/r/CryptoCurrency/comments/utvkzt/could_terras_do_kwon_go_to_prison_decrypt/,{},utvkzt,False,True,False,False,False,True,False,False,#0aa18f,NEWS,"[{'e': 'text', 't': 'GENERAL-NEWS'}]",f170aab2-246f-11ec-8143-429a193c9848,GENERAL-NEWS,light,richtext,False,False,False,0,0,False,all_ads,/r/CryptoCurrency/comments/utvkzt/could_terras_do_kwon_go_to_prison_decrypt/,False,6,1653052637,1,,True,False,False,CryptoCurrency,t5_2wlj3,4893054,public,https://b.thumbs.redditmedia.com/Ry-56aCELPV3xeWbc09L0HVfqxvO9_amMQWTzVP2gik.jpg,Could Terra's Do Kwon Go to Prison? - Decrypt,0,[],1.0,https://decrypt.co/100876/terra-do-kwon-criminal-law,all_ads,6,1653023826.0,link,"{'enabled': False, 'images': [{'id': 'WRu2gIHYGi3_-EcK0vk6xuq5Q4epRo6ugZB-RUXuJ_A', 'resolutions': [{'height': 54, 'url': 'https://external-preview.redd.it/5OgdyqjTgFMtgy0tYhyRpzbOjjqrLhtvwR_bbnivqoA.jpg?width=108&amp;crop=smart&amp;auto=webp&amp;s=570710d6b39ecc5cf97872db9b10a88ee8d1b264', 'width': 108}, {'height': 108, 'url': 'https://external-preview.redd.it/5OgdyqjTgFMtgy0tYhyRpzbOjjqrLhtvwR_bbnivqoA.jpg?width=216&amp;crop=smart&amp;auto=webp&amp;s=1f452d4f55d59f2587a69283421df3247bb2e8dd', 'width': 216}, {'height': 160, 'url': 'https://external-preview.redd.it/5OgdyqjTgFMtgy0tYhyRpzbOjjqrLhtvwR_bbnivqoA.jpg?width=320&amp;crop=smart&amp;auto=webp&amp;s=5ed2e4ea8a77020493ad526341bc3e12f7cefae2', 'width': 320}, {'height': 320, 'url': 'https://external-preview.redd.it/5OgdyqjTgFMtgy0tYhyRpzbOjjqrLhtvwR_bbnivqoA.jpg?width=640&amp;crop=smart&amp;auto=webp&amp;s=ac5ef33adcb8f944b6eacb1b8831d7bddfba0c2c', 'width': 640}, {'height': 480, 'url': 'https://external-preview.redd.it/5OgdyqjTgFMtgy0tYhyRpzbOjjqrLhtvwR_bbnivqoA.jpg?width=960&amp;crop=smart&amp;auto=webp&amp;s=c690249759a557998c1e1ed3786cf72fb63e8dcc', 'width': 960}], 'source': {'height': 512, 'url': 'https://external-preview.redd.it/5OgdyqjTgFMtgy0tYhyRpzbOjjqrLhtvwR_bbnivqoA.jpg?auto=webp&amp;s=a97bf88ea20aea1a0772389f25acacd705352233', 'width': 1024}, 'variants': {}}]}",70.0,140.0,https://decrypt.co/100876/terra-do-kwon-criminal-law,,,,,,,
3,[],False,telestitch,,Warning-level2-2,"[{'e': 'text', 't': 'Tin'}]",Tin,dark,richtext,t2_2f6vbktu,False,False,False,[],False,False,1653050232,self.CryptoCurrency,https://www.reddit.com/r/CryptoCurrency/comments/utuha1/do_kwon_hit_the_big_time_from_our_investments_and/,{},utuha1,False,False,False,False,False,False,True,False,#0aa18f,NEWS,"[{'e': 'text', 't': 'GENERAL-NEWS'}]",f170aab2-246f-11ec-8143-429a193c9848,GENERAL-NEWS,light,richtext,False,False,True,1,0,False,all_ads,/r/CryptoCurrency/comments/utuha1/do_kwon_hit_the_big_time_from_our_investments_and/,False,6,1653050243,1,[removed],True,False,False,CryptoCurrency,t5_2wlj3,4892939,public,https://b.thumbs.redditmedia.com/8L_qgA6Iq-snNm9uiZyhqfwpDW1yqZcA8YVW3YytnxA.jpg,Do Kwon hit the big time from our investments and cashed out over and over,0,[],1.0,https://www.reddit.com/r/CryptoCurrency/comments/utuha1/do_kwon_hit_the_big_time_from_our_investments_and/,all_ads,6,1653021432.0,self,"{'enabled': False, 'images': [{'id': 't9-qD5NhqzA4n7_ltpcujSf36ZLKfoSMTPNV-ikUJg0', 'resolutions': [{'height': 149, 'url': 'https://external-preview.redd.it/zxFf2_TCzqzdZZTs7Ud_rQh4zctK8C22RwAX5PzD8j4.jpg?width=108&amp;crop=smart&amp;auto=webp&amp;s=fc444ad5d21434285b2a055cc1792c8d8a88ca21', 'width': 108}, {'height': 298, 'url': 'https://external-preview.redd.it/zxFf2_TCzqzdZZTs7Ud_rQh4zctK8C22RwAX5PzD8j4.jpg?width=216&amp;crop=smart&amp;auto=webp&amp;s=6fe873fbb92ea52099fed30ac0b6593ebc8ab980', 'width': 216}, {'height': 441, 'url': 'https://external-preview.redd.it/zxFf2_TCzqzdZZTs7Ud_rQh4zctK8C22RwAX5PzD8j4.jpg?width=320&amp;crop=smart&amp;auto=webp&amp;s=c7d51c4c82713e8f80aed5d61599f4ec8c6cc5cf', 'width': 320}, {'height': 883, 'url': 'https://external-preview.redd.it/zxFf2_TCzqzdZZTs7Ud_rQh4zctK8C22RwAX5PzD8j4.jpg?width=640&amp;crop=smart&amp;auto=webp&amp;s=c52c9ecdfd281b8edd387064258aa0f2a6a1bd30', 'width': 640}, {'height': 1324, 'url': 'https://external-preview.redd.it/zxFf2_TCzqzdZZTs7Ud_rQh4zctK8C22RwAX5PzD8j4.jpg?width=960&amp;crop=smart&amp;auto=webp&amp;s=555196d68234e8083bad69c72e705294410469a9', 'width': 960}, {'height': 1490, 'url': 'https://external-preview.redd.it/zxFf2_TCzqzdZZTs7Ud_rQh4zctK8C22RwAX5PzD8j4.jpg?width=1080&amp;crop=smart&amp;auto=webp&amp;s=e58ff003e65cc113b589e2c9f373c540bdc40732', 'width': 1080}], 'source': {'height': 1714, 'url': 'https://external-preview.redd.it/zxFf2_TCzqzdZZTs7Ud_rQh4zctK8C22RwAX5PzD8j4.jpg?auto=webp&amp;s=266fea1221dd6f34c26904db55d028b8f266e5da', 'width': 1242}, 'variants': {}}]}",140.0,140.0,,"{'oembed': {'author_name': 'Cowboy‚öîÔ∏èCrypto', 'author_url': 'https://twitter.com/cowboycrypto131', 'cache_age': 3153600000, 'height': None, 'html': '&lt;blockquote class=""twitter-video""&gt;&lt;p lang=""en"" dir=""ltr""&gt;DO KWON INVESTMENTS üßµ&lt;br&gt;&lt;br&gt;Going down a list of 13 different investments from Terra‚Äôs Co-Founder and CEO, Do Kwon.  &lt;br&gt;&lt;br&gt;There are numerous names and pieces to this puzzle üß© on this thread. &lt;br&gt;&lt;br&gt;Joe Lubin, Hinman, Coinbase Ventures, Alibaba, Citadel and the rest of the gang. Enjoy!&lt;br&gt;&lt;br&gt;1/15 &lt;a href=""https://t.co/HYuKPapEbg""&gt;pic.twitter.com/HYuKPapEbg&lt;/a&gt;&lt;/p&gt;&amp;mdash; Cowboy‚öîÔ∏èCrypto (@cowboycrypto131) &lt;a href=""https://twitter.com/cowboycrypto131/status/1525098827002302464?ref_src=twsrc%5Etfw""&gt;May 13, 2022&lt;/a&gt;&lt;/blockquote&gt;\n&lt;script async src=""https://platform.twitter.com/widgets.js"" charset=""utf-8""&gt;&lt;/script&gt;\n', 'provider_name': 'Twitter', 'provider_url': 'https://twitter.com', 'type': 'rich', 'url': 'https://twitter.com/cowboycrypto131/status/1525098827002302464', 'version': '1.0', 'width': 350}, 'type': 'twitter.com'}","{'content': '&lt;blockquote class=""twitter-video""&gt;&lt;p lang=""en"" dir=""ltr""&gt;DO KWON INVESTMENTS üßµ&lt;br&gt;&lt;br&gt;Going down a list of 13 different investments from Terra‚Äôs Co-Founder and CEO, Do Kwon.  &lt;br&gt;&lt;br&gt;There are numerous names and pieces to this puzzle üß© on this thread. &lt;br&gt;&lt;br&gt;Joe Lubin, Hinman, Coinbase Ventures, Alibaba, Citadel and the rest of the gang. Enjoy!&lt;br&gt;&lt;br&gt;1/15 &lt;a href=""https://t.co/HYuKPapEbg""&gt;pic.twitter.com/HYuKPapEbg&lt;/a&gt;&lt;/p&gt;&amp;mdash; Cowboy‚öîÔ∏èCrypto (@cowboycrypto131) &lt;a href=""https://twitter.com/cowboycrypto131/status/1525098827002302464?ref_src=twsrc%5Etfw""&gt;May 13, 2022&lt;/a&gt;&lt;/blockquote&gt;\n&lt;script async src=""https://platform.twitter.com/widgets.js"" charset=""utf-8""&gt;&lt;/script&gt;\n', 'height': 200, 'scrolling': False, 'width': 350}",moderator,"{'oembed': {'author_name': 'Cowboy‚öîÔ∏èCrypto', 'author_url': 'https://twitter.com/cowboycrypto131', 'cache_age': 3153600000, 'height': None, 'html': '&lt;blockquote class=""twitter-video""&gt;&lt;p lang=""en"" dir=""ltr""&gt;DO KWON INVESTMENTS üßµ&lt;br&gt;&lt;br&gt;Going down a list of 13 different investments from Terra‚Äôs Co-Founder and CEO, Do Kwon.  &lt;br&gt;&lt;br&gt;There are numerous names and pieces to this puzzle üß© on this thread. &lt;br&gt;&lt;br&gt;Joe Lubin, Hinman, Coinbase Ventures, Alibaba, Citadel and the rest of the gang. Enjoy!&lt;br&gt;&lt;br&gt;1/15 &lt;a href=""https://t.co/HYuKPapEbg""&gt;pic.twitter.com/HYuKPapEbg&lt;/a&gt;&lt;/p&gt;&amp;mdash; Cowboy‚öîÔ∏èCrypto (@cowboycrypto131) &lt;a href=""https://twitter.com/cowboycrypto131/status/1525098827002302464?ref_src=twsrc%5Etfw""&gt;May 13, 2022&lt;/a&gt;&lt;/blockquote&gt;\n&lt;script async src=""https://platform.twitter.com/widgets.js"" charset=""utf-8""&gt;&lt;/script&gt;\n', 'provider_name': 'Twitter', 'provider_url': 'https://twitter.com', 'type': 'rich', 'url': 'https://twitter.com/cowboycrypto131/status/1525098827002302464', 'version': '1.0', 'width': 350}, 'type': 'twitter.com'}","{'content': '&lt;blockquote class=""twitter-video""&gt;&lt;p lang=""en"" dir=""ltr""&gt;DO KWON INVESTMENTS üßµ&lt;br&gt;&lt;br&gt;Going down a list of 13 different investments from Terra‚Äôs Co-Founder and CEO, Do Kwon.  &lt;br&gt;&lt;br&gt;There are numerous names and pieces to this puzzle üß© on this thread. &lt;br&gt;&lt;br&gt;Joe Lubin, Hinman, Coinbase Ventures, Alibaba, Citadel and the rest of the gang. Enjoy!&lt;br&gt;&lt;br&gt;1/15 &lt;a href=""https://t.co/HYuKPapEbg""&gt;pic.twitter.com/HYuKPapEbg&lt;/a&gt;&lt;/p&gt;&amp;mdash; Cowboy‚öîÔ∏èCrypto (@cowboycrypto131) &lt;a href=""https://twitter.com/cowboycrypto131/status/1525098827002302464?ref_src=twsrc%5Etfw""&gt;May 13, 2022&lt;/a&gt;&lt;/blockquote&gt;\n&lt;script async src=""https://platform.twitter.com/widgets.js"" charset=""utf-8""&gt;&lt;/script&gt;\n', 'height': 200, 'media_domain_url': 'https://www.redditmedia.com/mediaembed/utuha1', 'scrolling': False, 'width': 350}",,
4,[],False,jimibk,,Warning-level2-2,"[{'e': 'text', 't': 'Tin'}]",Tin,dark,richtext,t2_cz19y,False,False,False,[],False,False,1653046027,stack.money,https://www.reddit.com/r/CryptoCurrency/comments/utsm2f/luna_founder_do_kwon_dissolved_terraform_labs/,{},utsm2f,False,True,False,False,False,True,False,False,#0aa18f,NEWS,"[{'e': 'text', 't': 'GENERAL-NEWS'}]",f170aab2-246f-11ec-8143-429a193c9848,GENERAL-NEWS,light,richtext,False,False,True,0,0,False,all_ads,/r/CryptoCurrency/comments/utsm2f/luna_founder_do_kwon_dissolved_terraform_labs/,False,6,1653046038,1,,True,False,False,CryptoCurrency,t5_2wlj3,4892715,public,https://a.thumbs.redditmedia.com/7SnDJ9HsH4M6i1xY3LPRSK-szJLdX6B8PYBEmFAqjZ8.jpg,LUNA Founder Do Kwon Dissolved Terraform Labs Days Before Crash,0,[],1.0,https://stack.money/news/luna-and-ust-price-crash-20220520,all_ads,6,1653017227.0,link,"{'enabled': False, 'images': [{'id': 'RQgwNsFHsn1J3Q5x-b-rGTuVWs-sJ1ExLzt4jF27xk0', 'resolutions': [{'height': 56, 'url': 'https://external-preview.redd.it/APN4ugvlDJFK3pbXcZ3tn28-gZKMrT8log3CvVXKeqw.jpg?width=108&amp;crop=smart&amp;auto=webp&amp;s=cd6d22bd3fc41c6dcb095d921eb8dd45151bb0fd', 'width': 108}, {'height': 113, 'url': 'https://external-preview.redd.it/APN4ugvlDJFK3pbXcZ3tn28-gZKMrT8log3CvVXKeqw.jpg?width=216&amp;crop=smart&amp;auto=webp&amp;s=af947d856f3e5a0fa54602e89f2886f074326abd', 'width': 216}, {'height': 167, 'url': 'https://external-preview.redd.it/APN4ugvlDJFK3pbXcZ3tn28-gZKMrT8log3CvVXKeqw.jpg?width=320&amp;crop=smart&amp;auto=webp&amp;s=e570ed4e35f88ded7a07db14381b071bbfed9673', 'width': 320}, {'height': 334, 'url': 'https://external-preview.redd.it/APN4ugvlDJFK3pbXcZ3tn28-gZKMrT8log3CvVXKeqw.jpg?width=640&amp;crop=smart&amp;auto=webp&amp;s=7c8eb5ff6632517993ee310dd2d3168c79c93cfe', 'width': 640}, {'height': 502, 'url': 'https://external-preview.redd.it/APN4ugvlDJFK3pbXcZ3tn28-gZKMrT8log3CvVXKeqw.jpg?width=960&amp;crop=smart&amp;auto=webp&amp;s=bebe002a5c044dcfca2711c53131236e6f2ce021', 'width': 960}, {'height': 565, 'url': 'https://external-preview.redd.it/APN4ugvlDJFK3pbXcZ3tn28-gZKMrT8log3CvVXKeqw.jpg?width=1080&amp;crop=smart&amp;auto=webp&amp;s=22f94d022d228b57f9db69619540274a3fa2d8d3', 'width': 1080}], 'source': {'height': 628, 'url': 'https://external-preview.redd.it/APN4ugvlDJFK3pbXcZ3tn28-gZKMrT8log3CvVXKeqw.jpg?auto=webp&amp;s=1558bac16303cd1b5df9309abf06e12e7c1cb4fe', 'width': 1200}, 'variants': {}}]}",73.0,140.0,https://stack.money/news/luna-and-ust-price-crash-20220520,,,,,,,
5,[],False,Insignic,,Transitioning,"[{'e': 'text', 't': ' '}]", ,dark,richtext,t2_n26uf,False,False,False,[],False,False,1653045822,cointelegraph.com,https://www.reddit.com/r/CryptoCurrency/comments/utsj36/court_documents_reveal_do_kwon_dissolved/,{},utsj36,False,True,False,False,False,True,False,False,#0aa18f,NEWS,"[{'e': 'text', 't': 'GENERAL-NEWS'}]",f170aab2-246f-11ec-8143-429a193c9848,GENERAL-NEWS,light,richtext,False,False,True,0,0,False,all_ads,/r/CryptoCurrency/comments/utsj36/court_documents_reveal_do_kwon_dissolved/,False,6,1653045832,1,,False,False,False,CryptoCurrency,t5_2wlj3,4892711,public,https://a.thumbs.redditmedia.com/bhPsd4x6OICFuXWI8paC-dXbO_cf9k8LdHh0AsYt5Y4.jpg,Court documents reveal Do Kwon dissolved Terraform Labs Korea days before LUNA crash,0,[],1.0,https://cointelegraph.com/news/court-documents-reveal-do-kwon-dissolved-terraform-labs-korea-days-before-luna-crash,all_ads,6,1653017022.0,link,"{'enabled': False, 'images': [{'id': '_lvzwbbL__0TqdvQtrLpKOmg7ng-HkSsrP4KiJ6ADM4', 'resolutions': [{'height': 72, 'url': 'https://external-preview.redd.it/b0NK54m-yP2EjnonSKg8Zaep0W0gJiIlwyrKfN14AcM.jpg?width=108&amp;crop=smart&amp;auto=webp&amp;s=45380623e5fb5abee45db7309fae48b78fb79c9d', 'width': 108}, {'height': 144, 'url': 'https://external-preview.redd.it/b0NK54m-yP2EjnonSKg8Zaep0W0gJiIlwyrKfN14AcM.jpg?width=216&amp;crop=smart&amp;auto=webp&amp;s=e9f8590d2cc13e06c1d73db053fad1b4359ca11d', 'width': 216}, {'height': 213, 'url': 'https://external-preview.redd.it/b0NK54m-yP2EjnonSKg8Zaep0W0gJiIlwyrKfN14AcM.jpg?width=320&amp;crop=smart&amp;auto=webp&amp;s=927af8e63527cd1221e75b7c6f8597d3ffea0a80', 'width': 320}, {'height': 427, 'url': 'https://external-preview.redd.it/b0NK54m-yP2EjnonSKg8Zaep0W0gJiIlwyrKfN14AcM.jpg?width=640&amp;crop=smart&amp;auto=webp&amp;s=7c39c28bedfb1f033d349d8634ff8b57130eb4d8', 'width': 640}, {'height': 640, 'url': 'https://external-preview.redd.it/b0NK54m-yP2EjnonSKg8Zaep0W0gJiIlwyrKfN14AcM.jpg?width=960&amp;crop=smart&amp;auto=webp&amp;s=6e490fccd9570faf6c2fea6b86ed6f4df12eed88', 'width': 960}, {'height': 720, 'url': 'https://external-preview.redd.it/b0NK54m-yP2EjnonSKg8Zaep0W0gJiIlwyrKfN14AcM.jpg?width=1080&amp;crop=smart&amp;auto=webp&amp;s=fdfaeab77bf2052be398d1d90d9c01aac2b20bdd', 'width': 1080}], 'source': {'height': 774, 'url': 'https://external-preview.redd.it/b0NK54m-yP2EjnonSKg8Zaep0W0gJiIlwyrKfN14AcM.jpg?auto=webp&amp;s=716bc86c666b9e562831baf9ca89ded8ab480602', 'width': 1160}, 'variants': {}}]}",93.0,140.0,https://cointelegraph.com/news/court-documents-reveal-do-kwon-dissolved-terraform-labs-korea-days-before-luna-crash,,,,,,,
6,[],False,deficit_creator,,Warning-level2-2,"[{'e': 'text', 't': 'Tin'}]",Tin,dark,richtext,t2_be2oa7rg,False,False,False,[],False,False,1653045071,cointelegraph.com,https://www.reddit.com/r/CryptoCurrency/comments/uts7wz/court_documents_reveal_do_kwon_dissolved/,{},uts7wz,False,True,False,False,False,True,False,False,#0aa18f,NEWS,"[{'e': 'text', 't': 'GENERAL-NEWS'}]",f170aab2-246f-11ec-8143-429a193c9848,GENERAL-NEWS,light,richtext,False,False,True,0,0,False,all_ads,/r/CryptoCurrency/comments/uts7wz/court_documents_reveal_do_kwon_dissolved/,False,6,1653045081,1,,True,False,False,CryptoCurrency,t5_2wlj3,4892678,public,https://a.thumbs.redditmedia.com/bhPsd4x6OICFuXWI8paC-dXbO_cf9k8LdHh0AsYt5Y4.jpg,Court documents reveal Do Kwon dissolved Terraform Labs Korea days before LUNA crash,0,[],1.0,https://cointelegraph.com/news/court-documents-reveal-do-kwon-dissolved-terraform-labs-korea-days-before-luna-crash,all_ads,6,1653016271.0,link,"{'enabled': False, 'images': [{'id': '_lvzwbbL__0TqdvQtrLpKOmg7ng-HkSsrP4KiJ6ADM4', 'resolutions': [{'height': 72, 'url': 'https://external-preview.redd.it/b0NK54m-yP2EjnonSKg8Zaep0W0gJiIlwyrKfN14AcM.jpg?width=108&amp;crop=smart&amp;auto=webp&amp;s=45380623e5fb5abee45db7309fae48b78fb79c9d', 'width': 108}, {'height': 144, 'url': 'https://external-preview.redd.it/b0NK54m-yP2EjnonSKg8Zaep0W0gJiIlwyrKfN14AcM.jpg?width=216&amp;crop=smart&amp;auto=webp&amp;s=e9f8590d2cc13e06c1d73db053fad1b4359ca11d', 'width': 216}, {'height': 213, 'url': 'https://external-preview.redd.it/b0NK54m-yP2EjnonSKg8Zaep0W0gJiIlwyrKfN14AcM.jpg?width=320&amp;crop=smart&amp;auto=webp&amp;s=927af8e63527cd1221e75b7c6f8597d3ffea0a80', 'width': 320}, {'height': 427, 'url': 'https://external-preview.redd.it/b0NK54m-yP2EjnonSKg8Zaep0W0gJiIlwyrKfN14AcM.jpg?width=640&amp;crop=smart&amp;auto=webp&amp;s=7c39c28bedfb1f033d349d8634ff8b57130eb4d8', 'width': 640}, {'height': 640, 'url': 'https://external-preview.redd.it/b0NK54m-yP2EjnonSKg8Zaep0W0gJiIlwyrKfN14AcM.jpg?width=960&amp;crop=smart&amp;auto=webp&amp;s=6e490fccd9570faf6c2fea6b86ed6f4df12eed88', 'width': 960}, {'height': 720, 'url': 'https://external-preview.redd.it/b0NK54m-yP2EjnonSKg8Zaep0W0gJiIlwyrKfN14AcM.jpg?width=1080&amp;crop=smart&amp;auto=webp&amp;s=fdfaeab77bf2052be398d1d90d9c01aac2b20bdd', 'width': 1080}], 'source': {'height': 774, 'url': 'https://external-preview.redd.it/b0NK54m-yP2EjnonSKg8Zaep0W0gJiIlwyrKfN14AcM.jpg?auto=webp&amp;s=716bc86c666b9e562831baf9ca89ded8ab480602', 'width': 1160}, 'variants': {}}]}",93.0,140.0,https://cointelegraph.com/news/court-documents-reveal-do-kwon-dissolved-terraform-labs-korea-days-before-luna-crash,,,,,,,
7,[],False,Medarstvo,,Warning-level2-2,"[{'e': 'text', 't': 'Tin'}]",Tin,dark,richtext,t2_10cn0b,False,False,False,[],False,False,1653044595,self.CryptoCurrency,https://www.reddit.com/r/CryptoCurrency/comments/uts1io/remember_when_terraform_labs_toped_up_anchors/,{},uts1io,False,True,False,False,False,True,True,False,#7193ff,DISCUSSION,"[{'e': 'text', 't': 'DISCUSSION'}]",87049662-0882-11e5-82e1-0e9d1a9f7761,DISCUSSION,dark,richtext,False,False,True,0,0,False,all_ads,/r/CryptoCurrency/comments/uts1io/remember_when_terraform_labs_toped_up_anchors/,False,6,1653044627,1,"South Korean prosecutors are reportedly weighing whether they could charge Do Kwon for running a Ponzi scheme by promising unsustainably high fixed interest rates on UST¬† deposits via Anchor Protocol.  


See: [https://cryptobriefing.com/terras-do-kwon-investigated-for-running-a-ponzi-report/](https://cryptobriefing.com/terras-do-kwon-investigated-for-running-a-ponzi-report/)  


I'm not entirely sure, but I think Anchor would've been sustainable even in the bear market with around 12-15% yields or something. But instead of facing the reality that 20% just wasn't doable, TFL decided to replenish Anchor's reserves with $450 from their own treasury and keep the ponzu going.  


In retrospect, I think this might prove to be one of their biggest legal blunders.",True,False,False,CryptoCurrency,t5_2wlj3,4892659,public,self,"Remember when Terraform Labs toped up Anchor's reserves with $450M? Well, now prosecutors are investigating it for being a Ponzi.",0,[],1.0,https://www.reddit.com/r/CryptoCurrency/comments/uts1io/remember_when_terraform_labs_toped_up_anchors/,all_ads,6,1653015795.0,self,"{'enabled': False, 'images': [{'id': 'oaOnShseXlP0DLksPiCbOtX-g2-Oc530ffe4S7v1hq0', 'resolutions': [{'height': 56, 'url': 'https://external-preview.redd.it/X9Xn-LSYNu7bTUXgeHSbtrmK9Q9CWSWRzN5phBr9j_o.jpg?width=108&amp;crop=smart&amp;auto=webp&amp;s=b562085aceea155cfd57320283167422e330a333', 'width': 108}, {'height': 113, 'url': 'https://external-preview.redd.it/X9Xn-LSYNu7bTUXgeHSbtrmK9Q9CWSWRzN5phBr9j_o.jpg?width=216&amp;crop=smart&amp;auto=webp&amp;s=31152ddb5e21b7569ad9935a4c7e663a67e96bf5', 'width': 216}, {'height': 167, 'url': 'https://external-preview.redd.it/X9Xn-LSYNu7bTUXgeHSbtrmK9Q9CWSWRzN5phBr9j_o.jpg?width=320&amp;crop=smart&amp;auto=webp&amp;s=e9f3be54cccdab8092a6d50ff9f79b1f83634f51', 'width': 320}, {'height': 335, 'url': 'https://external-preview.redd.it/X9Xn-LSYNu7bTUXgeHSbtrmK9Q9CWSWRzN5phBr9j_o.jpg?width=640&amp;crop=smart&amp;auto=webp&amp;s=9107a154f5d876350b67e9877a51360b0c4f6a32', 'width': 640}], 'source': {'height': 403, 'url': 'https://external-preview.redd.it/X9Xn-LSYNu7bTUXgeHSbtrmK9Q9CWSWRzN5phBr9j_o.jpg?auto=webp&amp;s=05bf66eaa468a237abb24648841e2708e29f6d4a', 'width': 768}, 'variants': {}}]}",,,,,,,,,,
8,[],False,cryptobriefing,,Transitioning,"[{'e': 'text', 't': ' '}]", ,dark,richtext,t2_4z4ubzry,False,False,False,[],False,False,1653042573,cryptobriefing.com,https://www.reddit.com/r/CryptoCurrency/comments/utr6ej/terras_do_kwon_investigated_for_running_a_ponzi/,{},utr6ej,False,True,False,False,False,True,False,False,#add2e2,ADVICE,"[{'e': 'text', 't': 'ANALYSIS'}]",c1034ee6-9c2a-11e3-a8c4-12313b0e8e20,ANALYSIS,dark,richtext,False,False,True,0,0,False,all_ads,/r/CryptoCurrency/comments/utr6ej/terras_do_kwon_investigated_for_running_a_ponzi/,False,6,1653042583,1,,True,False,False,CryptoCurrency,t5_2wlj3,4892561,public,https://b.thumbs.redditmedia.com/Ijg1bp4WKCpsZcxg2u0kvm_pGOg3MqoJda9jmFCfFnM.jpg,Terra's Do Kwon Investigated for Running a Ponzi: Report,0,[],1.0,https://cryptobriefing.com/terras-do-kwon-investigated-for-running-a-ponzi-report/,all_ads,6,1653013773.0,link,"{'enabled': False, 'images': [{'id': 'oaOnShseXlP0DLksPiCbOtX-g2-Oc530ffe4S7v1hq0', 'resolutions': [{'height': 56, 'url': 'https://external-preview.redd.it/X9Xn-LSYNu7bTUXgeHSbtrmK9Q9CWSWRzN5phBr9j_o.jpg?width=108&amp;crop=smart&amp;auto=webp&amp;s=b562085aceea155cfd57320283167422e330a333', 'width': 108}, {'height': 113, 'url': 'https://external-preview.redd.it/X9Xn-LSYNu7bTUXgeHSbtrmK9Q9CWSWRzN5phBr9j_o.jpg?width=216&amp;crop=smart&amp;auto=webp&amp;s=31152ddb5e21b7569ad9935a4c7e663a67e96bf5', 'width': 216}, {'height': 167, 'url': 'https://external-preview.redd.it/X9Xn-LSYNu7bTUXgeHSbtrmK9Q9CWSWRzN5phBr9j_o.jpg?width=320&amp;crop=smart&amp;auto=webp&amp;s=e9f3be54cccdab8092a6d50ff9f79b1f83634f51', 'width': 320}, {'height': 335, 'url': 'https://external-preview.redd.it/X9Xn-LSYNu7bTUXgeHSbtrmK9Q9CWSWRzN5phBr9j_o.jpg?width=640&amp;crop=smart&amp;auto=webp&amp;s=9107a154f5d876350b67e9877a51360b0c4f6a32', 'width': 640}], 'source': {'height': 403, 'url': 'https://external-preview.redd.it/X9Xn-LSYNu7bTUXgeHSbtrmK9Q9CWSWRzN5phBr9j_o.jpg?auto=webp&amp;s=05bf66eaa468a237abb24648841e2708e29f6d4a', 'width': 768}, 'variants': {}}]}",73.0,140.0,https://cryptobriefing.com/terras-do-kwon-investigated-for-running-a-ponzi-report/,,,,,,,
9,[],False,Medarstvo,,Warning-level2-2,"[{'e': 'text', 't': 'Tin'}]",Tin,dark,richtext,t2_10cn0b,False,False,False,[],False,False,1653042312,self.CryptoCurrency,https://www.reddit.com/r/CryptoCurrency/comments/utr485/south_korean_prosecutors_are_reportedly/,{},utr485,False,False,False,False,False,False,True,False,#0aa18f,NEWS,"[{'e': 'text', 't': 'GENERAL-NEWS'}]",f170aab2-246f-11ec-8143-429a193c9848,GENERAL-NEWS,light,richtext,False,False,True,1,0,False,all_ads,/r/CryptoCurrency/comments/utr485/south_korean_prosecutors_are_reportedly/,False,6,1653042323,1,[removed],True,False,False,CryptoCurrency,t5_2wlj3,4892545,public,self,South Korean prosecutors are reportedly investigating Do Kwon for running a Ponzi scheme,0,[],1.0,https://www.reddit.com/r/CryptoCurrency/comments/utr485/south_korean_prosecutors_are_reportedly/,all_ads,6,1653013512.0,self,"{'enabled': False, 'images': [{'id': 'oaOnShseXlP0DLksPiCbOtX-g2-Oc530ffe4S7v1hq0', 'resolutions': [{'height': 56, 'url': 'https://external-preview.redd.it/X9Xn-LSYNu7bTUXgeHSbtrmK9Q9CWSWRzN5phBr9j_o.jpg?width=108&amp;crop=smart&amp;auto=webp&amp;s=b562085aceea155cfd57320283167422e330a333', 'width': 108}, {'height': 113, 'url': 'https://external-preview.redd.it/X9Xn-LSYNu7bTUXgeHSbtrmK9Q9CWSWRzN5phBr9j_o.jpg?width=216&amp;crop=smart&amp;auto=webp&amp;s=31152ddb5e21b7569ad9935a4c7e663a67e96bf5', 'width': 216}, {'height': 167, 'url': 'https://external-preview.redd.it/X9Xn-LSYNu7bTUXgeHSbtrmK9Q9CWSWRzN5phBr9j_o.jpg?width=320&amp;crop=smart&amp;auto=webp&amp;s=e9f3be54cccdab8092a6d50ff9f79b1f83634f51', 'width': 320}, {'height': 335, 'url': 'https://external-preview.redd.it/X9Xn-LSYNu7bTUXgeHSbtrmK9Q9CWSWRzN5phBr9j_o.jpg?width=640&amp;crop=smart&amp;auto=webp&amp;s=9107a154f5d876350b67e9877a51360b0c4f6a32', 'width': 640}], 'source': {'height': 403, 'url': 'https://external-preview.redd.it/X9Xn-LSYNu7bTUXgeHSbtrmK9Q9CWSWRzN5phBr9j_o.jpg?auto=webp&amp;s=05bf66eaa468a237abb24648841e2708e29f6d4a', 'width': 768}, 'variants': {}}]}",,,,,,moderator,,,,
10,[],False,Few_Store_3362,,,[],,,text,t2_n2ei4nzz,False,False,False,[],False,False,1653041685,self.CryptoCurrency,https://www.reddit.com/r/CryptoCurrency/comments/utqyxh/besides_his_tax_evasion_charge_by_s_korean_irs_do/,{},utqyxh,False,True,False,True,False,True,True,False,#c403f5,COMEDY,"[{'e': 'text', 't': 'COMEDY'}]",5c104cfc-d7c8-11e4-9d14-22000b6902b0,COMEDY,dark,richtext,False,False,True,1,0,False,all_ads,/r/CryptoCurrency/comments/utqyxh/besides_his_tax_evasion_charge_by_s_korean_irs_do/,False,6,1653041696,1,"Besides his tax evasion charge by S. Korean IRS, Do Kwon also has the allegation of money laundering and embezzlement last year but never be officially charged by S. Korean authorities during the presidency of the Moon Jae-In who has nickname, Moon which coincides with Luna coin name.

Do Kwon sent repeatedly couple of 100k worth of coins to a unknown woman who sold them and cashed them out regularly last year. The woman is not identified as his wife who was pregnant at the time and gave birth to a baby girl early this year.

A Korean local TV station, JTBC reported Yesterday that KIRS is reported to have the CCTV video footage of a woman who cashed out the money from the ATM of the bank account which sold coins that she received from Do Kwon but Do Kwon was not charged anything from this from any Korean authority. No criminal investigation was done under the presidency of Moon Jae-In who has nickname, Moon which coincides with Luna coin name.

Source: [https://www.youtube.com/watch?v=bmXuUsyX4Rs](https://www.youtube.com/watch?v=bmXuUsyX4Rs)

&amp;#x200B;

https://preview.redd.it/rocz4r8vvl091.png?width=1280&amp;format=png&amp;auto=webp&amp;s=92f6af80d333004619495c296a909e0baeb7ba2c",True,False,False,CryptoCurrency,t5_2wlj3,4892520,public,https://b.thumbs.redditmedia.com/9l1KK2VALc2qKuD80lmecYTwvAuMfPpZIHVcq6k2Vtc.jpg,"Besides his tax evasion charge by S. Korean IRS, Do Kwon also has the allegation of money laundering and embezzlement.",0,[],1.0,https://www.reddit.com/r/CryptoCurrency/comments/utqyxh/besides_his_tax_evasion_charge_by_s_korean_irs_do/,all_ads,6,1653012885.0,,,78.0,140.0,,,,,,,"{'rocz4r8vvl091': {'e': 'Image', 'id': 'rocz4r8vvl091', 'm': 'image/png', 'p': [{'u': 'https://preview.redd.it/rocz4r8vvl091.png?width=108&amp;crop=smart&amp;auto=webp&amp;s=863d0cbf5efea1ee1ccebe7b05189e55b3ab0d91', 'x': 108, 'y': 60}, {'u': 'https://preview.redd.it/rocz4r8vvl091.png?width=216&amp;crop=smart&amp;auto=webp&amp;s=ea843bb6d7d0cec86459721cde649e40b9441b03', 'x': 216, 'y': 121}, {'u': 'https://preview.redd.it/rocz4r8vvl091.png?width=320&amp;crop=smart&amp;auto=webp&amp;s=81c06b59650d078bbc892867439001481084e443', 'x': 320, 'y': 180}, {'u': 'https://preview.redd.it/rocz4r8vvl091.png?width=640&amp;crop=smart&amp;auto=webp&amp;s=e847009f050651c45b0d99a4f831aa3c57a136b7', 'x': 640, 'y': 360}, {'u': 'https://preview.redd.it/rocz4r8vvl091.png?width=960&amp;crop=smart&amp;auto=webp&amp;s=9c717f7c03c90b72bc897658b0144492dae6c76c', 'x': 960, 'y': 540}, {'u': 'https://preview.redd.it/rocz4r8vvl091.png?width=1080&amp;crop=smart&amp;auto=webp&amp;s=009224e40069e46dbb26faee432bf6c335135d83', 'x': 1080, 'y': 607}], 's': {'u': 'https://preview.redd.it/rocz4r8vvl091.png?width=1280&amp;format=png&amp;auto=webp&amp;s=92f6af80d333004619495c296a909e0baeb7ba2c', 'x': 1280, 'y': 720}, 'status': 'valid'}}",
11,[],False,Spiritual_Navigator,,,"[{'e': 'text', 't': 'Platinum | QC: CC 37'}]",Platinum | QC: CC 37,dark,richtext,t2_5zdvxn5m,False,False,False,[],False,False,1653039691,news.bitcoin.com,https://www.reddit.com/r/CryptoCurrency/comments/utqb8o/do_kwon_dissolved_terraform_labs_korea_days/,{},utqb8o,False,True,False,False,False,True,False,False,#0aa18f,NEWS,"[{'e': 'text', 't': 'GENERAL-NEWS'}]",f170aab2-246f-11ec-8143-429a193c9848,GENERAL-NEWS,light,richtext,False,False,True,0,0,False,all_ads,/r/CryptoCurrency/comments/utqb8o/do_kwon_dissolved_terraform_labs_korea_days/,False,6,1653039702,1,,True,False,False,CryptoCurrency,t5_2wlj3,4892426,public,https://b.thumbs.redditmedia.com/VenFoeQ9_6GVE5paLaRZQcq5AcZg_uglNv5-YCCcOWE.jpg,"Do Kwon Dissolved Terraform Labs Korea Days Before Collapse of Terra LUNA, UST",0,[],1.0,https://news.bitcoin.com/do-kwon-dissolved-terraform-labs-korea-days-before-collapse-of-terra-luna-ust/,all_ads,6,1653010891.0,link,"{'enabled': False, 'images': [{'id': 'MGA4UKAQeRf7wWmdqO-Gni2oKfkEiYsY_oUR8xH5yrU', 'resolutions': [{'height': 60, 'url': 'https://external-preview.redd.it/w1rZ1KiS88BS-q8jioGMrhKcgO1PzLJVDq4EvXR02yk.jpg?width=108&amp;crop=smart&amp;auto=webp&amp;s=db21970f706e2fa37ddba14f8b160a0d4b9172fc', 'width': 108}, {'height': 121, 'url': 'https://external-preview.redd.it/w1rZ1KiS88BS-q8jioGMrhKcgO1PzLJVDq4EvXR02yk.jpg?width=216&amp;crop=smart&amp;auto=webp&amp;s=5494dbc913a0ffb97dc7cd824c0836e5eab86db0', 'width': 216}, {'height': 180, 'url': 'https://external-preview.redd.it/w1rZ1KiS88BS-q8jioGMrhKcgO1PzLJVDq4EvXR02yk.jpg?width=320&amp;crop=smart&amp;auto=webp&amp;s=7f63abc2ce3d2e092b0f5013fa007954eca9e4e2', 'width': 320}, {'height': 360, 'url': 'https://external-preview.redd.it/w1rZ1KiS88BS-q8jioGMrhKcgO1PzLJVDq4EvXR02yk.jpg?width=640&amp;crop=smart&amp;auto=webp&amp;s=8c4e89ee81a3e784a88ed8f9e43c0d123f06c42a', 'width': 640}, {'height': 540, 'url': 'https://external-preview.redd.it/w1rZ1KiS88BS-q8jioGMrhKcgO1PzLJVDq4EvXR02yk.jpg?width=960&amp;crop=smart&amp;auto=webp&amp;s=a4b25b962df0c06d7099e6d81ef1467b2c3561f0', 'width': 960}, {'height': 607, 'url': 'https://external-preview.redd.it/w1rZ1KiS88BS-q8jioGMrhKcgO1PzLJVDq4EvXR02yk.jpg?width=1080&amp;crop=smart&amp;auto=webp&amp;s=55fd7d3ea342bc14dddc78d051f14cd1d6c3865b', 'width': 1080}], 'source': {'height': 720, 'url': 'https://external-preview.redd.it/w1rZ1KiS88BS-q8jioGMrhKcgO1PzLJVDq4EvXR02yk.jpg?auto=webp&amp;s=9c567a38ebfd5d7860d7971dcac5f49b3e028563', 'width': 1280}, 'variants': {}}]}",78.0,140.0,https://news.bitcoin.com/do-kwon-dissolved-terraform-labs-korea-days-before-collapse-of-terra-luna-ust/,,,,,,,
12,[],False,DishEcstatic9710,,Warning-level2,"[{'e': 'text', 't': '1 - 2 years account age. 35 - 100 comment karma.'}]",1 - 2 years account age. 35 - 100 comment karma.,dark,richtext,t2_86s5kveg,False,False,False,[],False,False,1653039686,self.CryptoCurrency,https://www.reddit.com/r/CryptoCurrency/comments/utqb5b/who_hold_ust_on_cex_till_now/,{},utqb5b,False,True,False,False,False,True,True,False,#7193ff,DISCUSSION,"[{'e': 'text', 't': 'DISCUSSION'}]",87049662-0882-11e5-82e1-0e9d1a9f7761,DISCUSSION,dark,richtext,False,False,True,0,0,False,all_ads,/r/CryptoCurrency/comments/utqb5b/who_hold_ust_on_cex_till_now/,False,6,1653039697,1,"It is very sad to get lost almost 100% from stablecoin UST. I have some on Nexo.

I know some information about compensate to UST holder

1. Do Kwon plan to compensate UST holder: [https://agora.terra.money/t/terra-ecosystem-revival-plan-2-amended/18498](https://agora.terra.money/t/terra-ecosystem-revival-plan-2-amended/18498)
2. LFG plan to compensate UST holder: [https://twitter.com/LFG\_org/status/1526126719874109440](https://twitter.com/LFG_org/status/1526126719874109440)

&amp;#x200B;

But sad news is UST on Nexo is synthetic token and may not eligible to get any compensate (ref: [https://www.reddit.com/r/Nexo/comments/urol8l/for\_nexonian\_affected\_by\_ust\_depeg](https://www.reddit.com/r/Nexo/comments/urol8l/for_nexonian_affected_by_ust_depeg/?sort=new))

&amp;#x200B;

There is no public information from Nexo right now, they are still quiet and talk nothing.

who hold UST on CEX till now?

What do you do with your UST?",True,False,False,CryptoCurrency,t5_2wlj3,4892425,public,self,who hold UST on CEX till now?,0,[],1.0,https://www.reddit.com/r/CryptoCurrency/comments/utqb5b/who_hold_ust_on_cex_till_now/,all_ads,6,1653010886.0,self,"{'enabled': False, 'images': [{'id': 'XfMwKoiPYfOqd4PAkrwy3ghvCMHeo7culD97x4f18aM', 'resolutions': [{'height': 108, 'url': 'https://external-preview.redd.it/ZkxigoFxlIdswUY9H_3zWuJQH0XoK2lhYUC73SxgS-o.jpg?width=108&amp;crop=smart&amp;auto=webp&amp;s=cfbd7e585e05cb8dd11e3d0c6a2e5bfcbb350d56', 'width': 108}, {'height': 216, 'url': 'https://external-preview.redd.it/ZkxigoFxlIdswUY9H_3zWuJQH0XoK2lhYUC73SxgS-o.jpg?width=216&amp;crop=smart&amp;auto=webp&amp;s=5fb46438116a95fd436230c9976cf5f502f043fd', 'width': 216}, {'height': 320, 'url': 'https://external-preview.redd.it/ZkxigoFxlIdswUY9H_3zWuJQH0XoK2lhYUC73SxgS-o.jpg?width=320&amp;crop=smart&amp;auto=webp&amp;s=d984d230cfe8f309f4d0d418ba25058cb57fc623', 'width': 320}], 'source': {'height': 600, 'url': 'https://external-preview.redd.it/ZkxigoFxlIdswUY9H_3zWuJQH0XoK2lhYUC73SxgS-o.jpg?auto=webp&amp;s=ce98dfe2b2aa79deaca4561829dee2e91d3f8bbd', 'width': 600}, 'variants': {}}]}",,,,,,,,,,
13,[],False,altranger9000,,Warning-level2-2,"[{'e': 'text', 't': 'Tin'}]",Tin,dark,richtext,t2_c4c6y2gg,False,False,False,[],False,False,1653038038,decrypt.co,https://www.reddit.com/r/CryptoCurrency/comments/utpgbt/could_terras_do_kwon_go_to_prison/,{},utpgbt,False,True,False,False,False,True,False,False,#0aa18f,NEWS,"[{'e': 'text', 't': 'GENERAL-NEWS'}]",f170aab2-246f-11ec-8143-429a193c9848,GENERAL-NEWS,light,richtext,False,False,True,0,0,False,all_ads,/r/CryptoCurrency/comments/utpgbt/could_terras_do_kwon_go_to_prison/,False,6,1653038048,1,,True,False,False,CryptoCurrency,t5_2wlj3,4892358,public,https://b.thumbs.redditmedia.com/Ry-56aCELPV3xeWbc09L0HVfqxvO9_amMQWTzVP2gik.jpg,Could Terra's Do Kwon Go to Prison?,0,[],1.0,https://decrypt.co/100876/terra-do-kwon-criminal-law,all_ads,6,1653009238.0,link,"{'enabled': False, 'images': [{'id': 'WRu2gIHYGi3_-EcK0vk6xuq5Q4epRo6ugZB-RUXuJ_A', 'resolutions': [{'height': 54, 'url': 'https://external-preview.redd.it/5OgdyqjTgFMtgy0tYhyRpzbOjjqrLhtvwR_bbnivqoA.jpg?width=108&amp;crop=smart&amp;auto=webp&amp;s=570710d6b39ecc5cf97872db9b10a88ee8d1b264', 'width': 108}, {'height': 108, 'url': 'https://external-preview.redd.it/5OgdyqjTgFMtgy0tYhyRpzbOjjqrLhtvwR_bbnivqoA.jpg?width=216&amp;crop=smart&amp;auto=webp&amp;s=1f452d4f55d59f2587a69283421df3247bb2e8dd', 'width': 216}, {'height': 160, 'url': 'https://external-preview.redd.it/5OgdyqjTgFMtgy0tYhyRpzbOjjqrLhtvwR_bbnivqoA.jpg?width=320&amp;crop=smart&amp;auto=webp&amp;s=5ed2e4ea8a77020493ad526341bc3e12f7cefae2', 'width': 320}, {'height': 320, 'url': 'https://external-preview.redd.it/5OgdyqjTgFMtgy0tYhyRpzbOjjqrLhtvwR_bbnivqoA.jpg?width=640&amp;crop=smart&amp;auto=webp&amp;s=ac5ef33adcb8f944b6eacb1b8831d7bddfba0c2c', 'width': 640}, {'height': 480, 'url': 'https://external-preview.redd.it/5OgdyqjTgFMtgy0tYhyRpzbOjjqrLhtvwR_bbnivqoA.jpg?width=960&amp;crop=smart&amp;auto=webp&amp;s=c690249759a557998c1e1ed3786cf72fb63e8dcc', 'width': 960}], 'source': {'height': 512, 'url': 'https://external-preview.redd.it/5OgdyqjTgFMtgy0tYhyRpzbOjjqrLhtvwR_bbnivqoA.jpg?auto=webp&amp;s=a97bf88ea20aea1a0772389f25acacd705352233', 'width': 1024}, 'variants': {}}]}",70.0,140.0,https://decrypt.co/100876/terra-do-kwon-criminal-law,,,,,,,
14,[],False,KFded,,Warning-level2-2,"[{'e': 'text', 't': 'Tin | LRC 111 | PCgaming 15'}]",Tin | LRC 111 | PCgaming 15,dark,richtext,t2_11i3vu,False,False,False,[],False,False,1653034859,self.CryptoCurrency,https://www.reddit.com/r/CryptoCurrency/comments/utojkp/it_was_all_designed/,{},utojkp,False,True,False,False,False,True,True,False,#cc8b00,ANECDOTAL,"[{'e': 'text', 't': 'ANECDOTAL'}]",613cabf0-1d90-11e4-953d-12313b0eb482,ANECDOTAL,light,richtext,False,False,True,0,0,False,all_ads,/r/CryptoCurrency/comments/utojkp/it_was_all_designed/,False,6,1653034869,1,"It's Midnight and I'm exhausted but I'm just gonna throw this wild theory out there before bed. 
What if this is all by design? We know a quite a few things from digging. I dont believe this myself but sometimes the unlikely is the likely. 

We know that Binance, Kucoin, and various other exchanges are accumulating at an insane rate. 
Most likely to pay out people buying at the bottom. CZ of Binance stated he's holding onto his bag too

We also know that Do Kwon has said over and over ""We plan to go back to 0 and its going to exciting"" 
""We have a Armageddon where everything returns to 0. Nothing"" 
And various other comments Kwon has said it over and over

We also know that Luna is an algo. Its driven by code. 
What are the possibilities that the code was designed to do all this?
What if its designed to accumulate as much as it can and go to an ATH
Only to fall to 0. Then it accumulates more at the bottom.

but where is that money going? What if the large amount of Wluna/Luna was
being accumulated somewhere in bulk. All those reserves. Everything. 
Then after it has accumulated enough at the bottom along with everything previously
It then shoots to what it was originally all the new volume

He mentions a snapshot over and over. What if the snapshot has the stored wealth before the crash?
You combine the old market cap with the new market cap and create Luna 2.

What if this was all by design? I don't believe it. I don't want a fork. But just throwing it out there. 
Maybe someone can find something.

Even if the my theory is way off. What is the code exactly? Is it open source? Can the public see what it is? 

Do Kwon saying ""Return to 0"" and such just got my brain ticking.",True,False,False,CryptoCurrency,t5_2wlj3,4892179,public,self,It was all designed,0,[],1.0,https://www.reddit.com/r/CryptoCurrency/comments/utojkp/it_was_all_designed/,all_ads,6,1653006059.0,,,,,,,,,,,,
15,[],False,Still_Lobster_8428,,,"[{'e': 'text', 't': 'Silver|QC:CC351,ETH108,BNB103|GMEJungle126|Superstonk410'}]","Silver|QC:CC351,ETH108,BNB103|GMEJungle126|Superstonk410",dark,richtext,t2_9ahtyh2g,False,False,False,[],False,False,1653024511,self.CryptoCurrency,https://www.reddit.com/r/CryptoCurrency/comments/utm89m/do_kwons_origins/,{},utm89m,False,True,False,False,False,True,True,False,#cc8b00,ANECDOTAL,"[{'e': 'text', 't': 'ANECDOTAL'}]",613cabf0-1d90-11e4-953d-12313b0eb482,ANECDOTAL,light,richtext,False,False,True,0,0,False,all_ads,/r/CryptoCurrency/comments/utm89m/do_kwons_origins/,False,6,1653024521,1,"I've just heard from several sources that Do Kwon, the CEO of the failed Terra project may have been a North Korean deep cover operative. Also that the Terra project was designed to gather capital in 1 easily controlled place so that North Korea could open up short positions against BTC and use the BTC backing in their Terra project to crash BTC price as their Terra project dumped BTC into the market. 

Knowing ahead of time that BTC was going to crash would be HUGELY profitable if short positions where already in place! 

From what I have heard so far, this is a new level for North Korea. They have been heavily involved in a number of high level and very profitable hacks in the crypto space over recent years but actually starting a project to gather capital to then use to manipulate the BTC market is next level! 

Can anyone confirm or deny that Do Kwon is not a North Korean operative?",True,False,False,CryptoCurrency,t5_2wlj3,4891669,public,self,Do Kwon's Origins?,0,[],1.0,https://www.reddit.com/r/CryptoCurrency/comments/utm89m/do_kwons_origins/,all_ads,6,1652995711.0,,,,,,,,,,,,new
16,[],False,ImPickleRickBytch,,Warning-level2-2,"[{'e': 'text', 't': 'Tin | r/WSB 23'}]",Tin | r/WSB 23,dark,richtext,t2_8heum3p0,False,False,False,[],False,False,1653012459,self.CryptoCurrency,https://www.reddit.com/r/CryptoCurrency/comments/utiwo2/bull_case_for_luna_to_the_moon/,{},utiwo2,False,True,False,False,False,True,True,False,#c403f5,COMEDY,"[{'e': 'text', 't': 'COMEDY'}]",5c104cfc-d7c8-11e4-9d14-22000b6902b0,COMEDY,dark,richtext,False,False,True,0,0,False,all_ads,/r/CryptoCurrency/comments/utiwo2/bull_case_for_luna_to_the_moon/,False,6,1653012469,1,"As you probably know, Luna is a well known coin. It‚Äôs got name brand recognition, it‚Äôs got people talking about it, and it‚Äôs got üî•.  I mean have you even seen Do Kwon??? He is a gentleman and a scholar, talks to people with the utmost respect and exudes humility. Many leather bound books adorn his entryway. Charles Hoskinson, total party guy always out with the ladies total douche, how‚Äôs he got time to handle such a big project? Answer- he doesn‚Äôt. Just like Playboy Vitalik. Just last week I heard he dropped $50k on a new wrist calculator while he was out partying. Back to Luna- you know it‚Äôs a dope af coin when you‚Äôre getting astronomical apy and astronomical names - Terra‚Ä¶.Luna bruh have you even thought about that?? ü§Ø They orbit each other and shit that‚Äôs nuts üöÄ",True,False,False,CryptoCurrency,t5_2wlj3,4891105,public,self,"Bull case for Luna, to the moon üåïüöÄ",0,[],1.0,https://www.reddit.com/r/CryptoCurrency/comments/utiwo2/bull_case_for_luna_to_the_moon/,all_ads,6,1652983659.0,,,,,,,,,,,,new
17,[],False,Saltedline,,,[],,,text,t2_xy5rp,False,False,False,[],False,False,1653012194,yna.kr,https://www.reddit.com/r/CryptoCurrency/comments/utitv1/prosecutors_looking_into_whether_to_bring_ponzi/,{},utitv1,False,True,False,False,False,True,False,False,#0aa18f,NEWS,"[{'e': 'text', 't': 'GENERAL-NEWS'}]",f170aab2-246f-11ec-8143-429a193c9848,GENERAL-NEWS,light,richtext,False,False,True,0,0,False,all_ads,/r/CryptoCurrency/comments/utitv1/prosecutors_looking_into_whether_to_bring_ponzi/,False,6,1653012204,1,,True,False,False,CryptoCurrency,t5_2wlj3,4891095,public,https://b.thumbs.redditmedia.com/MXQ1RWFx-NhXUNTFKfQSJuO5iuXU6CJGJNRxPY8_I3Y.jpg,Prosecutors looking into whether to bring Ponzi fraud charges against Terraform CEO Kwon,0,[],1.0,http://yna.kr/AEN20220520002100315?input=red,all_ads,6,1652983394.0,link,"{'enabled': False, 'images': [{'id': 'HTb5C7tSm8hiX6VJWmlQZnTGBlkrTpUiIkpK0BQd_nM', 'resolutions': [{'height': 75, 'url': 'https://external-preview.redd.it/PxBxBnxmoqu_ik89x58MBpWW_sjDfAQbBneOsz2OKkY.jpg?width=108&amp;crop=smart&amp;auto=webp&amp;s=0019ee942e16ea428fc4789019cd8bf422c10c5e', 'width': 108}, {'height': 151, 'url': 'https://external-preview.redd.it/PxBxBnxmoqu_ik89x58MBpWW_sjDfAQbBneOsz2OKkY.jpg?width=216&amp;crop=smart&amp;auto=webp&amp;s=5c06059c0512986ed0feb7441acc3c75b5edee15', 'width': 216}, {'height': 224, 'url': 'https://external-preview.redd.it/PxBxBnxmoqu_ik89x58MBpWW_sjDfAQbBneOsz2OKkY.jpg?width=320&amp;crop=smart&amp;auto=webp&amp;s=facfa7f127df9d56ac6bb56d372e5c44767accca', 'width': 320}, {'height': 449, 'url': 'https://external-preview.redd.it/PxBxBnxmoqu_ik89x58MBpWW_sjDfAQbBneOsz2OKkY.jpg?width=640&amp;crop=smart&amp;auto=webp&amp;s=1d5249edf872d490fe14f9fc2cde73c2c1058b28', 'width': 640}, {'height': 674, 'url': 'https://external-preview.redd.it/PxBxBnxmoqu_ik89x58MBpWW_sjDfAQbBneOsz2OKkY.jpg?width=960&amp;crop=smart&amp;auto=webp&amp;s=3f3b400a55e3bebd7b7609786087b75f84b14f69', 'width': 960}], 'source': {'height': 719, 'url': 'https://external-preview.redd.it/PxBxBnxmoqu_ik89x58MBpWW_sjDfAQbBneOsz2OKkY.jpg?auto=webp&amp;s=81fbbaa223d05cb73bc4ebc8cf93499c95c00a23', 'width': 1024}, 'variants': {}}]}",98.0,140.0,http://yna.kr/AEN20220520002100315?input=red,,,,,,,
18,[],False,AdLoose1615,,,[],,,text,t2_fo2w7wkt,False,False,False,[],False,False,1653008613,youtu.be,https://www.reddit.com/r/CryptoCurrency/comments/uthrpd/do_kwon_deserves_his_failures_terra_luna_crypto/,{},uthrpd,False,True,False,False,False,True,False,False,#0dd3bb,VIDEOS,"[{'e': 'text', 't': 'VIDEOS'}]",fee6c918-f3e4-11e5-8172-0ecf7e00c6db,VIDEOS,dark,richtext,False,False,True,0,0,False,all_ads,/r/CryptoCurrency/comments/uthrpd/do_kwon_deserves_his_failures_terra_luna_crypto/,False,6,1653008623,1,,True,False,False,CryptoCurrency,t5_2wlj3,4890920,public,https://b.thumbs.redditmedia.com/CnL-Om3ovAfDoRl6jxtEJ_nQ24lWbbKHL0aiyrX7cGY.jpg,Do Kwon Deserves His Failures - Terra Luna Crypto Disaster,0,[],1.0,https://youtu.be/8CwlifY_Iq8,all_ads,6,1652979813.0,rich:video,"{'enabled': False, 'images': [{'id': 'i5Tro-aYOplDakcIO6J1uAK8hWXB1lVURVJWbXAKzow', 'resolutions': [{'height': 81, 'url': 'https://external-preview.redd.it/MZDDMqVymSvl5pZKoIJKY2EDCRJMRHBQD-67spAfFZk.jpg?width=108&amp;crop=smart&amp;auto=webp&amp;s=b6ab5ea4c21c6800d00b5d9a40ff39847639ef19', 'width': 108}, {'height': 162, 'url': 'https://external-preview.redd.it/MZDDMqVymSvl5pZKoIJKY2EDCRJMRHBQD-67spAfFZk.jpg?width=216&amp;crop=smart&amp;auto=webp&amp;s=4ff83c8b7e21c5384d368081ac109ff6ce81325e', 'width': 216}, {'height': 240, 'url': 'https://external-preview.redd.it/MZDDMqVymSvl5pZKoIJKY2EDCRJMRHBQD-67spAfFZk.jpg?width=320&amp;crop=smart&amp;auto=webp&amp;s=50614df3032cb313f23a295da174091efea3c348', 'width': 320}], 'source': {'height': 360, 'url': 'https://external-preview.redd.it/MZDDMqVymSvl5pZKoIJKY2EDCRJMRHBQD-67spAfFZk.jpg?auto=webp&amp;s=288d879f7361feed45e16910e05e5fed59b97414', 'width': 480}, 'variants': {}}]}",105.0,140.0,https://youtu.be/8CwlifY_Iq8,"{'oembed': {'author_name': 'Crypto King', 'author_url': 'https://www.youtube.com/c/CryptoKingg', 'height': 200, 'html': '&lt;iframe width=""356"" height=""200"" src=""https://www.youtube.com/embed/8CwlifY_Iq8?feature=oembed&amp;enablejsapi=1"" frameborder=""0"" allow=""accelerometer; autoplay; clipboard-write; encrypted-media; gyroscope; picture-in-picture"" allowfullscreen&gt;&lt;/iframe&gt;', 'provider_name': 'YouTube', 'provider_url': 'https://www.youtube.com/', 'thumbnail_height': 360, 'thumbnail_url': 'https://i.ytimg.com/vi/8CwlifY_Iq8/hqdefault.jpg', 'thumbnail_width': 480, 'title': 'Do Kwon Deserves His Failures - Terra Luna DISASTER', 'type': 'video', 'version': '1.0', 'width': 356}, 'type': 'youtube.com'}","{'content': '&lt;iframe width=""356"" height=""200"" src=""https://www.youtube.com/embed/8CwlifY_Iq8?feature=oembed&amp;enablejsapi=1"" frameborder=""0"" allow=""accelerometer; autoplay; clipboard-write; encrypted-media; gyroscope; picture-in-picture"" allowfullscreen&gt;&lt;/iframe&gt;', 'height': 200, 'scrolling': False, 'width': 356}",,"{'oembed': {'author_name': 'Crypto King', 'author_url': 'https://www.youtube.com/c/CryptoKingg', 'height': 200, 'html': '&lt;iframe width=""356"" height=""200"" src=""https://www.youtube.com/embed/8CwlifY_Iq8?feature=oembed&amp;enablejsapi=1"" frameborder=""0"" allow=""accelerometer; autoplay; clipboard-write; encrypted-media; gyroscope; picture-in-picture"" allowfullscreen&gt;&lt;/iframe&gt;', 'provider_name': 'YouTube', 'provider_url': 'https://www.youtube.com/', 'thumbnail_height': 360, 'thumbnail_url': 'https://i.ytimg.com/vi/8CwlifY_Iq8/hqdefault.jpg', 'thumbnail_width': 480, 'title': 'Do Kwon Deserves His Failures - Terra Luna DISASTER', 'type': 'video', 'version': '1.0', 'width': 356}, 'type': 'youtube.com'}","{'content': '&lt;iframe width=""356"" height=""200"" src=""https://www.youtube.com/embed/8CwlifY_Iq8?feature=oembed&amp;enablejsapi=1"" frameborder=""0"" allow=""accelerometer; autoplay; clipboard-write; encrypted-media; gyroscope; picture-in-picture"" allowfullscreen&gt;&lt;/iframe&gt;', 'height': 200, 'media_domain_url': 'https://www.redditmedia.com/mediaembed/uthrpd', 'scrolling': False, 'width': 356}",,
19,[],False,yourlifeisadream,,,[],,,text,t2_l0f16m42,False,False,False,[],False,False,1653005244,self.CryptoCurrency,https://www.reddit.com/r/CryptoCurrency/comments/utgqha/is_the_fall_of_terra_and_do_kwon_linked_to_the/,{},utgqha,False,False,False,False,False,False,True,False,#ff66ac,DEBATE,"[{'e': 'text', 't': 'DEBATE'}]",5b762856-d7c9-11e4-822a-22000b2300b2,DEBATE,light,richtext,False,False,True,1,0,False,all_ads,/r/CryptoCurrency/comments/utgqha/is_the_fall_of_terra_and_do_kwon_linked_to_the/,False,6,1653005255,1,[removed],True,False,False,CryptoCurrency,t5_2wlj3,4890729,public,self,Is the fall of Terra and Do Kwon linked to the fall of Melvin Capital in some way?,0,[],1.0,https://www.reddit.com/r/CryptoCurrency/comments/utgqha/is_the_fall_of_terra_and_do_kwon_linked_to_the/,all_ads,6,1652976444.0,,,,,,,,moderator,,,,
20,[],False,telestitch,,Warning-level2-2,"[{'e': 'text', 't': 'Tin'}]",Tin,dark,richtext,t2_2f6vbktu,False,False,False,[],False,False,1652981129,youtube.com,https://www.reddit.com/r/CryptoCurrency/comments/ut8gjb/live_ama_with_do_kwon_happening_right_now_will_he/,{},ut8gjb,False,False,False,False,False,False,False,False,#c403f5,COMEDY,"[{'e': 'text', 't': 'COMEDY'}]",5c104cfc-d7c8-11e4-9d14-22000b6902b0,COMEDY,dark,richtext,False,False,True,2,0,False,all_ads,/r/CryptoCurrency/comments/ut8gjb/live_ama_with_do_kwon_happening_right_now_will_he/,False,6,1652981139,1,,True,False,False,CryptoCurrency,t5_2wlj3,4889309,public,https://b.thumbs.redditmedia.com/DbjDba-Y7IFE0TDRPWAEB_4Jo2SE4uizw1eitp2DIUk.jpg,Live AMA with Do Kwon happening right now... will he answer the questions?,0,[],1.0,https://www.youtube.com/watch?v=bfSBOIKyRNo,all_ads,6,1652952329.0,rich:video,"{'enabled': False, 'images': [{'id': 'QD2EEjtu814HMEiXxZEdxqJuwDSa9KbcmIxdWdWuBP0', 'resolutions': [{'height': 81, 'url': 'https://external-preview.redd.it/h1bYledimtZnNRG7fNLm2OgqRkDUHWZRZMqLPWx5VMw.jpg?width=108&amp;crop=smart&amp;auto=webp&amp;s=8272c9400b69ae386f1adf691520f9d26b5f1610', 'width': 108}, {'height': 162, 'url': 'https://external-preview.redd.it/h1bYledimtZnNRG7fNLm2OgqRkDUHWZRZMqLPWx5VMw.jpg?width=216&amp;crop=smart&amp;auto=webp&amp;s=e2d91aaeb1e4946ce2f9b839aee7f98e08faa057', 'width': 216}, {'height': 240, 'url': 'https://external-preview.redd.it/h1bYledimtZnNRG7fNLm2OgqRkDUHWZRZMqLPWx5VMw.jpg?width=320&amp;crop=smart&amp;auto=webp&amp;s=b69ef62d93789d8f25be5bc98ec15eec2ccd19a1', 'width': 320}], 'source': {'height': 360, 'url': 'https://external-preview.redd.it/h1bYledimtZnNRG7fNLm2OgqRkDUHWZRZMqLPWx5VMw.jpg?auto=webp&amp;s=2307fc78c220f534940c4362f899764fec437493', 'width': 480}, 'variants': {}}]}",105.0,140.0,https://www.youtube.com/watch?v=bfSBOIKyRNo,"{'oembed': {'author_name': 'Binance Foundation', 'author_url': 'https://www.youtube.com/user/MoscowLis', 'height': 200, 'html': '&lt;iframe width=""356"" height=""200"" src=""https://www.youtube.com/embed/bfSBOIKyRNo?feature=oembed&amp;enablejsapi=1"" frameborder=""0"" allow=""accelerometer; autoplay; clipboard-write; encrypted-media; gyroscope; picture-in-picture"" allowfullscreen&gt;&lt;/iframe&gt;', 'provider_name': 'YouTube', 'provider_url': 'https://www.youtube.com/', 'thumbnail_height': 360, 'thumbnail_url': 'https://i.ytimg.com/vi/bfSBOIKyRNo/hqdefault.jpg', 'thumbnail_width': 480, 'title': 'Live AMA with Do Kwon - LUNA Burning Update TODAY Binance supports plan for holders Terra (#LUNA)', 'type': 'video', 'version': '1.0', 'width': 356}, 'type': 'youtube.com'}","{'content': '&lt;iframe width=""356"" height=""200"" src=""https://www.youtube.com/embed/bfSBOIKyRNo?feature=oembed&amp;enablejsapi=1"" frameborder=""0"" allow=""accelerometer; autoplay; clipboard-write; encrypted-media; gyroscope; picture-in-picture"" allowfullscreen&gt;&lt;/iframe&gt;', 'height': 200, 'scrolling': False, 'width': 356}",moderator,"{'oembed': {'author_name': 'Binance Foundation', 'author_url': 'https://www.youtube.com/user/MoscowLis', 'height': 200, 'html': '&lt;iframe width=""356"" height=""200"" src=""https://www.youtube.com/embed/bfSBOIKyRNo?feature=oembed&amp;enablejsapi=1"" frameborder=""0"" allow=""accelerometer; autoplay; clipboard-write; encrypted-media; gyroscope; picture-in-picture"" allowfullscreen&gt;&lt;/iframe&gt;', 'provider_name': 'YouTube', 'provider_url': 'https://www.youtube.com/', 'thumbnail_height': 360, 'thumbnail_url': 'https://i.ytimg.com/vi/bfSBOIKyRNo/hqdefault.jpg', 'thumbnail_width': 480, 'title': 'Live AMA with Do Kwon - LUNA Burning Update TODAY Binance supports plan for holders Terra (#LUNA)', 'type': 'video', 'version': '1.0', 'width': 356}, 'type': 'youtube.com'}","{'content': '&lt;iframe width=""356"" height=""200"" src=""https://www.youtube.com/embed/bfSBOIKyRNo?feature=oembed&amp;enablejsapi=1"" frameborder=""0"" allow=""accelerometer; autoplay; clipboard-write; encrypted-media; gyroscope; picture-in-picture"" allowfullscreen&gt;&lt;/iframe&gt;', 'height': 200, 'media_domain_url': 'https://www.redditmedia.com/mediaembed/ut8gjb', 'scrolling': False, 'width': 356}",,
