,all_awardings,allow_live_comments,author,author_flair_css_class,author_flair_richtext,author_flair_text,author_flair_type,author_fullname,author_is_blocked,author_patreon_flair,author_premium,awarders,can_mod_post,contest_mode,created_utc,domain,full_link,gildings,id,is_created_from_ads_ui,is_crosspostable,is_meta,is_original_content,is_reddit_media_domain,is_robot_indexable,is_self,is_video,link_flair_background_color,link_flair_css_class,link_flair_richtext,link_flair_template_id,link_flair_text,link_flair_text_color,link_flair_type,locked,media_only,no_follow,num_comments,num_crossposts,over_18,parent_whitelist_status,permalink,pinned,pwls,retrieved_on,score,selftext,send_replies,spoiler,stickied,subreddit,subreddit_id,subreddit_subscribers,subreddit_type,suggested_sort,thumbnail,title,total_awards_received,treatment_tags,upvote_ratio,url,url_overridden_by_dest,whitelist_status,wls,created,post_hint,preview,thumbnail_height,thumbnail_width,author_flair_background_color,author_flair_text_color,removed_by_category,media,media_embed,secure_media,secure_media_embed,author_flair_template_id
0,[],False,KlausTooth,,[],,text,t2_j88u6fh8,False,False,False,[],False,False,1652975864,reddit.com,https://www.reddit.com/r/CryptoCurrency/comments/ut6k2x/do_kwon_fears_for_his_safety_following_terra_luna/,{},ut6k2x,False,True,False,False,False,True,False,False,#5a74cc,PERSPECTIVE,"[{'e': 'text', 't': 'PERSPECTIVE'}]",1b44cdb2-2a6c-11ec-9baf-0aa21184cd0a,PERSPECTIVE,light,richtext,False,False,True,0,0,False,all_ads,/r/CryptoCurrency/comments/ut6k2x/do_kwon_fears_for_his_safety_following_terra_luna/,False,6,1652975875,1,,True,False,False,CryptoCurrency,t5_2wlj3,4888931,public,new,default,Do Kwon fears for his safety following Terra (LUNA) implosion,0,[],1.0,https://www.reddit.com/r/CryptoCurrency/comments/ut6eov/do_kwon_fears_for_his_safety_following_terra_luna/,https://www.reddit.com/r/CryptoCurrency/comments/ut6eov/do_kwon_fears_for_his_safety_following_terra_luna/,all_ads,6,1652947064.0,,,,,,,,,,,,
1,[],False,NurseThrillkill,,[],,text,t2_nbf1ylnm,False,False,False,[],False,False,1652975243,cryptoslate.com,https://www.reddit.com/r/CryptoCurrency/comments/ut6cag/do_kwon_fears_for_his_safety_following_terra_luna/,{},ut6cag,False,True,False,False,False,True,False,False,,PRIVACY,"[{'e': 'text', 't': 'ðŸŸ¢ PRIVACY'}]",,ðŸŸ¢ PRIVACY,dark,richtext,False,False,True,0,0,False,all_ads,/r/CryptoCurrency/comments/ut6cag/do_kwon_fears_for_his_safety_following_terra_luna/,False,6,1652975254,1,,True,False,False,CryptoCurrency,t5_2wlj3,4888881,public,new,https://b.thumbs.redditmedia.com/1MGiWxPUabfQtl3BJy8h9SL6TsL8KShnCwIfSH9HEuw.jpg,Do Kwon fears for his safety following Terra (LUNA) implosion,0,[],1.0,https://cryptoslate.com/do-kwon-fears-for-his-safety-following-terra-luna-implosion/,https://cryptoslate.com/do-kwon-fears-for-his-safety-following-terra-luna-implosion/,all_ads,6,1652946443.0,link,"{'enabled': False, 'images': [{'id': 'UZVj9SXvZ5NKH5QYxZzYNpjWFZIs47OeRV8zX24-DK8', 'resolutions': [{'height': 56, 'url': 'https://external-preview.redd.it/Vuux3aAOaxt56oKCBNJ3VJQz4A1y9v_2wR3oVTVRods.jpg?width=108&amp;crop=smart&amp;auto=webp&amp;s=e44248a2ea7cd79205996e0dc67cfa6de34117aa', 'width': 108}, {'height': 113, 'url': 'https://external-preview.redd.it/Vuux3aAOaxt56oKCBNJ3VJQz4A1y9v_2wR3oVTVRods.jpg?width=216&amp;crop=smart&amp;auto=webp&amp;s=cdfb60ef8562b9ba0770bf6b9454febc4d4b74a3', 'width': 216}, {'height': 168, 'url': 'https://external-preview.redd.it/Vuux3aAOaxt56oKCBNJ3VJQz4A1y9v_2wR3oVTVRods.jpg?width=320&amp;crop=smart&amp;auto=webp&amp;s=b0486facb75a0c997462586a4439dbf05108d527', 'width': 320}, {'height': 336, 'url': 'https://external-preview.redd.it/Vuux3aAOaxt56oKCBNJ3VJQz4A1y9v_2wR3oVTVRods.jpg?width=640&amp;crop=smart&amp;auto=webp&amp;s=5a7b495c9b9ffd25279ed54023624b666859b8dd', 'width': 640}, {'height': 504, 'url': 'https://external-preview.redd.it/Vuux3aAOaxt56oKCBNJ3VJQz4A1y9v_2wR3oVTVRods.jpg?width=960&amp;crop=smart&amp;auto=webp&amp;s=c5b1b9e00b10e852d61f8decb2ce1863e1eb3ef7', 'width': 960}, {'height': 567, 'url': 'https://external-preview.redd.it/Vuux3aAOaxt56oKCBNJ3VJQz4A1y9v_2wR3oVTVRods.jpg?width=1080&amp;crop=smart&amp;auto=webp&amp;s=6693e50d4a29b0e329c48876ae6bc40ca4426490', 'width': 1080}], 'source': {'height': 630, 'url': 'https://external-preview.redd.it/Vuux3aAOaxt56oKCBNJ3VJQz4A1y9v_2wR3oVTVRods.jpg?auto=webp&amp;s=c41b456c2b8d9010048d1bb6ec81b70c78e55c6d', 'width': 1200}, 'variants': {}}]}",73.0,140.0,,,,,,,,
2,[],False,cryptopunk661,Warning-level2-2,"[{'e': 'text', 't': 'Tin'}]",Tin,richtext,t2_brre2j11,False,False,False,[],False,False,1652972579,self.CryptoCurrency,https://www.reddit.com/r/CryptoCurrency/comments/ut5ed7/official_documents_reveal_do_kwon_dissolved/,{},ut5ed7,False,False,False,False,False,False,True,False,#0aa18f,NEWS,"[{'e': 'text', 't': 'GENERAL-NEWS'}]",f170aab2-246f-11ec-8143-429a193c9848,GENERAL-NEWS,light,richtext,False,False,True,1,0,False,all_ads,/r/CryptoCurrency/comments/ut5ed7/official_documents_reveal_do_kwon_dissolved/,False,6,1652972590,1,[removed],True,False,False,CryptoCurrency,t5_2wlj3,4888714,public,,self,Official documents reveal Do Kwon dissolved Terraform Labs in Seoul and Busan days before the $LUNA and $UST crash.,0,[],1.0,https://www.reddit.com/r/CryptoCurrency/comments/ut5ed7/official_documents_reveal_do_kwon_dissolved/,,all_ads,6,1652943779.0,self,"{'enabled': False, 'images': [{'id': 'qMdKCD5hswLKoiAwgBowqMLFAKvqyL0dq99uGsfeDCY', 'resolutions': [{'height': 84, 'url': 'https://external-preview.redd.it/6rnyvqfOWoUprDhMW9SNeuMYQL1UkEEC-Uso64mKjag.jpg?width=108&amp;crop=smart&amp;auto=webp&amp;s=c6cd93b7cee0518034e4f0755d32fcbb4335cee8', 'width': 108}, {'height': 169, 'url': 'https://external-preview.redd.it/6rnyvqfOWoUprDhMW9SNeuMYQL1UkEEC-Uso64mKjag.jpg?width=216&amp;crop=smart&amp;auto=webp&amp;s=8c1d5416acf305a85968b74b95b7108999d92a61', 'width': 216}, {'height': 250, 'url': 'https://external-preview.redd.it/6rnyvqfOWoUprDhMW9SNeuMYQL1UkEEC-Uso64mKjag.jpg?width=320&amp;crop=smart&amp;auto=webp&amp;s=a62798b45a2714dbef1d09f28ead269d638c5a9f', 'width': 320}, {'height': 501, 'url': 'https://external-preview.redd.it/6rnyvqfOWoUprDhMW9SNeuMYQL1UkEEC-Uso64mKjag.jpg?width=640&amp;crop=smart&amp;auto=webp&amp;s=62b47c960b9c60ef57c572bd343be52e4c49d3eb', 'width': 640}, {'height': 752, 'url': 'https://external-preview.redd.it/6rnyvqfOWoUprDhMW9SNeuMYQL1UkEEC-Uso64mKjag.jpg?width=960&amp;crop=smart&amp;auto=webp&amp;s=7a977793451412e69e4a07174e9681632048eeec', 'width': 960}], 'source': {'height': 815, 'url': 'https://external-preview.redd.it/6rnyvqfOWoUprDhMW9SNeuMYQL1UkEEC-Uso64mKjag.jpg?auto=webp&amp;s=53b8a59ca3aefe5ecab61dbea34169bbd3f4e69a', 'width': 1040}, 'variants': {}}]}",,,,dark,moderator,,,,,
3,[],False,sportifynews,Warning-level1,"[{'e': 'text', 't': '1 - 2 years account age. 100 - 200 comment karma.'}]",1 - 2 years account age. 100 - 200 comment karma.,richtext,t2_81vkr2em,False,False,False,[],False,False,1652963562,bigthinkbuzz.com,https://www.reddit.com/r/CryptoCurrency/comments/ut2ejp/is_do_kwon_going_to_get_arrested_after_terras/,{},ut2ejp,False,True,False,False,False,True,False,False,#7193ff,DISCUSSION,"[{'e': 'text', 't': 'DISCUSSION'}]",87049662-0882-11e5-82e1-0e9d1a9f7761,DISCUSSION,dark,richtext,False,False,True,0,0,False,all_ads,/r/CryptoCurrency/comments/ut2ejp/is_do_kwon_going_to_get_arrested_after_terras/,False,6,1652963572,1,,True,False,False,CryptoCurrency,t5_2wlj3,4888123,public,new,default,Is Do Kwon going to get arrested after Terraâ€™s LUNA price collapse?,0,[],1.0,https://bigthinkbuzz.com/is-do-kwon-going-to-get-arrested-after-terras-luna-price-collapse/,https://bigthinkbuzz.com/is-do-kwon-going-to-get-arrested-after-terras-luna-price-collapse/,all_ads,6,1652934762.0,,,,,,dark,,,,,,
4,[],False,sportifynews,Warning-level1,"[{'e': 'text', 't': '1 - 2 years account age. 100 - 200 comment karma.'}]",1 - 2 years account age. 100 - 200 comment karma.,richtext,t2_81vkr2em,False,False,False,[],False,False,1652932581,bigthinkbuzz.com,https://www.reddit.com/r/CryptoCurrency/comments/usuqzw/terra_luna_founder_do_kwon_faces_78m_fine_for_tax/,{},usuqzw,False,True,False,False,False,True,False,False,#7193ff,DISCUSSION,"[{'e': 'text', 't': 'DISCUSSION'}]",87049662-0882-11e5-82e1-0e9d1a9f7761,DISCUSSION,dark,richtext,False,False,True,1,0,False,all_ads,/r/CryptoCurrency/comments/usuqzw/terra_luna_founder_do_kwon_faces_78m_fine_for_tax/,False,6,1652932591,1,,True,False,False,CryptoCurrency,t5_2wlj3,4886579,public,,default,Terra (LUNA) Founder Do Kwon Faces $78M Fine For Tax Evasion,0,[],1.0,https://bigthinkbuzz.com/terra-luna-founder-do-kwon-faces-78m-fine-for-tax-evasion/,https://bigthinkbuzz.com/terra-luna-founder-do-kwon-faces-78m-fine-for-tax-evasion/,all_ads,6,1652903781.0,,,,,,dark,,,,,,
5,[],False,Anon_Legi0n,Warning-level2-2,"[{'e': 'text', 't': 'Tin'}]",Tin,richtext,t2_5a9lgavg,False,False,False,[],False,False,1652931356,youtube.com,https://www.reddit.com/r/CryptoCurrency/comments/usue5n/do_kwon_has_always_been_sketchy_af/,{},usue5n,False,True,False,False,False,True,False,False,#0dd3bb,VIDEOS,"[{'e': 'text', 't': 'VIDEOS'}]",fee6c918-f3e4-11e5-8172-0ecf7e00c6db,VIDEOS,dark,richtext,False,False,True,1,0,False,all_ads,/r/CryptoCurrency/comments/usue5n/do_kwon_has_always_been_sketchy_af/,False,6,1652931367,1,,True,False,False,CryptoCurrency,t5_2wlj3,4886502,public,new,https://b.thumbs.redditmedia.com/2cK5w61ojpTcq7yzxL6Fcdzh4KKfSSes-hJByQx5raw.jpg,Do Kwon has always been sketchy af!,0,[],1.0,https://www.youtube.com/watch?v=QwqSiU4ryek,https://www.youtube.com/watch?v=QwqSiU4ryek,all_ads,6,1652902556.0,rich:video,"{'enabled': False, 'images': [{'id': 'eC9l8Izju438aGBSIAcZ9tF0etSp-2pEZfv6X7Y2xlo', 'resolutions': [{'height': 81, 'url': 'https://external-preview.redd.it/lQbea44DHOLMr2OEpfK_DR8rWTbSBhT9G5wiFWoJg08.jpg?width=108&amp;crop=smart&amp;auto=webp&amp;s=a425c5f5fa68ee533ebbf279347e20a95cbfdeb2', 'width': 108}, {'height': 162, 'url': 'https://external-preview.redd.it/lQbea44DHOLMr2OEpfK_DR8rWTbSBhT9G5wiFWoJg08.jpg?width=216&amp;crop=smart&amp;auto=webp&amp;s=a93db1d57add2af044b398a77ab0f6e8d67d4868', 'width': 216}, {'height': 240, 'url': 'https://external-preview.redd.it/lQbea44DHOLMr2OEpfK_DR8rWTbSBhT9G5wiFWoJg08.jpg?width=320&amp;crop=smart&amp;auto=webp&amp;s=4c6901dc72b9c2ea83f08fcd03388e6f36c46ae8', 'width': 320}], 'source': {'height': 360, 'url': 'https://external-preview.redd.it/lQbea44DHOLMr2OEpfK_DR8rWTbSBhT9G5wiFWoJg08.jpg?auto=webp&amp;s=dfe116d2b820bdc46f6ded9152c31b93ab0d4e8f', 'width': 480}, 'variants': {}}]}",105.0,140.0,,dark,,"{'oembed': {'author_name': 'Coffeezilla', 'author_url': 'https://www.youtube.com/c/Coffeezilla', 'height': 200, 'html': '&lt;iframe width=""356"" height=""200"" src=""https://www.youtube.com/embed/QwqSiU4ryek?feature=oembed&amp;enablejsapi=1"" frameborder=""0"" allow=""accelerometer; autoplay; clipboard-write; encrypted-media; gyroscope; picture-in-picture"" allowfullscreen&gt;&lt;/iframe&gt;', 'provider_name': 'YouTube', 'provider_url': 'https://www.youtube.com/', 'thumbnail_height': 360, 'thumbnail_url': 'https://i.ytimg.com/vi/QwqSiU4ryek/hqdefault.jpg', 'thumbnail_width': 480, 'title': 'LUNA Armageddon', 'type': 'video', 'version': '1.0', 'width': 356}, 'type': 'youtube.com'}","{'content': '&lt;iframe width=""356"" height=""200"" src=""https://www.youtube.com/embed/QwqSiU4ryek?feature=oembed&amp;enablejsapi=1"" frameborder=""0"" allow=""accelerometer; autoplay; clipboard-write; encrypted-media; gyroscope; picture-in-picture"" allowfullscreen&gt;&lt;/iframe&gt;', 'height': 200, 'scrolling': False, 'width': 356}","{'oembed': {'author_name': 'Coffeezilla', 'author_url': 'https://www.youtube.com/c/Coffeezilla', 'height': 200, 'html': '&lt;iframe width=""356"" height=""200"" src=""https://www.youtube.com/embed/QwqSiU4ryek?feature=oembed&amp;enablejsapi=1"" frameborder=""0"" allow=""accelerometer; autoplay; clipboard-write; encrypted-media; gyroscope; picture-in-picture"" allowfullscreen&gt;&lt;/iframe&gt;', 'provider_name': 'YouTube', 'provider_url': 'https://www.youtube.com/', 'thumbnail_height': 360, 'thumbnail_url': 'https://i.ytimg.com/vi/QwqSiU4ryek/hqdefault.jpg', 'thumbnail_width': 480, 'title': 'LUNA Armageddon', 'type': 'video', 'version': '1.0', 'width': 356}, 'type': 'youtube.com'}","{'content': '&lt;iframe width=""356"" height=""200"" src=""https://www.youtube.com/embed/QwqSiU4ryek?feature=oembed&amp;enablejsapi=1"" frameborder=""0"" allow=""accelerometer; autoplay; clipboard-write; encrypted-media; gyroscope; picture-in-picture"" allowfullscreen&gt;&lt;/iframe&gt;', 'height': 200, 'media_domain_url': 'https://www.redditmedia.com/mediaembed/usue5n', 'scrolling': False, 'width': 356}",
6,[],False,yiyotopo,,[],,text,t2_a2s41epn,False,False,False,[],False,False,1652914490,self.CryptoCurrency,https://www.reddit.com/r/CryptoCurrency/comments/usp3fk/should_ust_holders_organize_themselves_to_s_u_e/,{},usp3fk,False,False,False,False,False,False,True,False,#7193ff,DISCUSSION,"[{'e': 'text', 't': 'DISCUSSION'}]",87049662-0882-11e5-82e1-0e9d1a9f7761,DISCUSSION,dark,richtext,False,False,True,1,0,False,all_ads,/r/CryptoCurrency/comments/usp3fk/should_ust_holders_organize_themselves_to_s_u_e/,False,6,1652914500,1,[removed],True,False,False,CryptoCurrency,t5_2wlj3,4885541,public,,self,Should UST Holders organize themselves to S U E agains do Kwon?,0,[],1.0,https://www.reddit.com/r/CryptoCurrency/comments/usp3fk/should_ust_holders_organize_themselves_to_s_u_e/,,all_ads,6,1652885690.0,,,,,,,moderator,,,,,
7,[],False,yiyotopo,,[],,text,t2_a2s41epn,False,False,False,[],False,False,1652913897,self.CryptoCurrency,https://www.reddit.com/r/CryptoCurrency/comments/usow6u/should_ust_holders_all_over_the_world_sue_do_kwon/,{},usow6u,False,False,False,False,False,False,True,False,#7193ff,DISCUSSION,"[{'e': 'text', 't': 'DISCUSSION'}]",87049662-0882-11e5-82e1-0e9d1a9f7761,DISCUSSION,dark,richtext,False,False,True,1,0,False,all_ads,/r/CryptoCurrency/comments/usow6u/should_ust_holders_all_over_the_world_sue_do_kwon/,False,6,1652913908,1,[removed],True,False,False,CryptoCurrency,t5_2wlj3,4885515,public,,self,Should UST Holders all over the world sue Do Kwon? (Demandar a Do Kwon en todo el mundo?),0,[],1.0,https://www.reddit.com/r/CryptoCurrency/comments/usow6u/should_ust_holders_all_over_the_world_sue_do_kwon/,,all_ads,6,1652885097.0,,,,,,,moderator,,,,,
8,[],False,drhuehue,noflair,"[{'e': 'text', 't': 'Silver'}]",Silver,richtext,t2_8emrc,False,False,False,[],False,False,1652898189,self.CryptoCurrency,https://www.reddit.com/r/CryptoCurrency/comments/usjbag/do_kwon_is_managing_to_push_through_a_hard_fork/,{},usjbag,False,True,False,False,False,True,True,False,#7193ff,DISCUSSION,"[{'e': 'text', 't': 'DISCUSSION'}]",87049662-0882-11e5-82e1-0e9d1a9f7761,DISCUSSION,dark,richtext,False,False,True,0,0,False,all_ads,/r/CryptoCurrency/comments/usjbag/do_kwon_is_managing_to_push_through_a_hard_fork/,False,6,1652898200,1,"After the collapse of LUNA/UST, Do Kwon came out with a proposal to hard fork the chain to a previous snapshot and reallocate LUNA back to a 1b supply.

Through the last few days, it has become clear that the overwhelming majority of luna holders are against Do Kwon's proposal to hard fork the chain with a reversion to a previous snapshot. A simple look at the Terra agora forum + its subreddits + crypto twitter would confirm this.

However, official voting on the proposal has begun today and the validators (who have close ties to Do Kwon, presumably) are voting overwhelmingly in favor of Do Kwon's proposal, against the wishes of the community at large.

If Do Kwon manages to force through his hard fork because of his relationships with the validators that run the governance process, does this reveal a massive fundamental flaw in these smaller POS chains? It is not hard to imagine central foundations of other chains being able to force through forks and things against the wishes of small holders by simply being buddy buddy with the small number of operators who run validator nodes.",True,False,False,CryptoCurrency,t5_2wlj3,4884354,public,,self,Do Kwon is managing to push through a hard fork to the TerraLuna blockchain against the wishes of the overwhelming majority of the community. Does this reveal a flaw in proof of stake blockchains?,0,[],1.0,https://www.reddit.com/r/CryptoCurrency/comments/usjbag/do_kwon_is_managing_to_push_through_a_hard_fork/,,all_ads,6,1652869389.0,,,,,,dark,,,,,,261fc174-1507-11e4-8375-12313d224df5
9,[],False,MDBillsFan1,,[],,text,t2_brxfzogp,False,False,False,[],False,False,1652897206,self.CryptoCurrency,https://www.reddit.com/r/CryptoCurrency/comments/usiydh/do_kwon_dissolved_terraform_labs_in_s_korea_days/,{},usiydh,False,False,False,False,False,False,True,False,#7193ff,DISCUSSION,"[{'e': 'text', 't': 'DISCUSSION'}]",87049662-0882-11e5-82e1-0e9d1a9f7761,DISCUSSION,dark,richtext,False,False,True,1,0,False,all_ads,/r/CryptoCurrency/comments/usiydh/do_kwon_dissolved_terraform_labs_in_s_korea_days/,False,6,1652897217,1,[removed],True,False,False,CryptoCurrency,t5_2wlj3,4884277,public,,self,Do Kwon dissolved Terraform Labs in S. Korea days before crash per report,0,[],1.0,https://www.reddit.com/r/CryptoCurrency/comments/usiydh/do_kwon_dissolved_terraform_labs_in_s_korea_days/,,all_ads,6,1652868406.0,self,"{'enabled': False, 'images': [{'id': '-UufKG4H8zOCtj5lb5DNOJm4adoJCG6NM9Udz10g7F4', 'resolutions': [{'height': 56, 'url': 'https://external-preview.redd.it/jH3Cm3JXgi3O2YQs_DeAzlpkokd7hB760cP39M3s-Z8.jpg?width=108&amp;crop=smart&amp;auto=webp&amp;s=d50c9714dde2891310d769056b2b88383ebe64ea', 'width': 108}], 'source': {'height': 73, 'url': 'https://external-preview.redd.it/jH3Cm3JXgi3O2YQs_DeAzlpkokd7hB760cP39M3s-Z8.jpg?auto=webp&amp;s=612da52d04665b921718ffd504ffa02ae2cd3086', 'width': 140}, 'variants': {}}]}",,,,,moderator,,,,,
10,[],False,AncestralMano, Moon,"[{'e': 'text', 't': ' call me Moon Samurai'}]", call me Moon Samurai,richtext,t2_5tvm4e09,False,False,False,[],False,False,1652894342,coindesk.com,https://www.reddit.com/r/CryptoCurrency/comments/ushx9r/do_kwon_pushes_onchain_proposal_live_even_as_92/,{},ushx9r,False,True,False,False,False,True,False,False,,GENERAL-NEWS,"[{'e': 'text', 't': 'ðŸŸ¢ GENERAL-NEWS'}]",,ðŸŸ¢ GENERAL-NEWS,dark,richtext,False,False,True,0,0,False,all_ads,/r/CryptoCurrency/comments/ushx9r/do_kwon_pushes_onchain_proposal_live_even_as_92/,False,6,1652894353,1,,False,False,False,CryptoCurrency,t5_2wlj3,4884074,public,,https://b.thumbs.redditmedia.com/XNhLfdf3GtxUDVQOzPMO9Y-CQ8yEryD3H2P_nlrw87s.jpg,Do Kwon Pushes On-Chain Proposal Live Even as 92% Vote 'No' in Online Poll,0,[],1.0,https://www.coindesk.com/tech/2022/05/18/do-kwon-pushes-on-chain-proposal-live-even-as-92-vote-no-in-online-poll/,https://www.coindesk.com/tech/2022/05/18/do-kwon-pushes-on-chain-proposal-live-even-as-92-vote-no-in-online-poll/,all_ads,6,1652865542.0,link,"{'enabled': False, 'images': [{'id': 'rp6YZykKQ5slnjiN3DOub55Zy1cozBRwhp6BB2cgESo', 'resolutions': [{'height': 56, 'url': 'https://external-preview.redd.it/hthQKAtho407EcBKOfpDo1Vl6Ec3-2YxpydvC-1Yhqo.jpg?width=108&amp;crop=smart&amp;auto=webp&amp;s=48df7b17fa25bd2cdb71fdef766124e231766cbb', 'width': 108}, {'height': 113, 'url': 'https://external-preview.redd.it/hthQKAtho407EcBKOfpDo1Vl6Ec3-2YxpydvC-1Yhqo.jpg?width=216&amp;crop=smart&amp;auto=webp&amp;s=c6f0f6e4b2ecda4689aec75142b9413075898fb6', 'width': 216}, {'height': 167, 'url': 'https://external-preview.redd.it/hthQKAtho407EcBKOfpDo1Vl6Ec3-2YxpydvC-1Yhqo.jpg?width=320&amp;crop=smart&amp;auto=webp&amp;s=5e1a3ac5ac3945f16fd86a0087c13ea66fff53c1', 'width': 320}, {'height': 334, 'url': 'https://external-preview.redd.it/hthQKAtho407EcBKOfpDo1Vl6Ec3-2YxpydvC-1Yhqo.jpg?width=640&amp;crop=smart&amp;auto=webp&amp;s=177fa76e23d60910b87d0de2f44d344c9c0bc374', 'width': 640}, {'height': 502, 'url': 'https://external-preview.redd.it/hthQKAtho407EcBKOfpDo1Vl6Ec3-2YxpydvC-1Yhqo.jpg?width=960&amp;crop=smart&amp;auto=webp&amp;s=a3c8a025e726f0822b535e536478b35c815e2932', 'width': 960}, {'height': 565, 'url': 'https://external-preview.redd.it/hthQKAtho407EcBKOfpDo1Vl6Ec3-2YxpydvC-1Yhqo.jpg?width=1080&amp;crop=smart&amp;auto=webp&amp;s=f3f2f201a1280318ae104fc25f286f2d6834414e', 'width': 1080}], 'source': {'height': 628, 'url': 'https://external-preview.redd.it/hthQKAtho407EcBKOfpDo1Vl6Ec3-2YxpydvC-1Yhqo.jpg?auto=webp&amp;s=5d812a91a5d170a29a1099e2989b38dbd4e2f30b', 'width': 1200}, 'variants': {}}]}",73.0,140.0,,dark,,,,,,
11,[],False,sped_izzo,Warning-level2-2,"[{'e': 'text', 't': 'Tin'}]",Tin,richtext,t2_3vf9huab,False,False,False,[],False,False,1652890183,self.CryptoCurrency,https://www.reddit.com/r/CryptoCurrency/comments/usgf1u/another_luna_rantquestion/,{},usgf1u,False,True,False,False,False,True,True,False,#7193ff,DISCUSSION,"[{'e': 'text', 't': 'DISCUSSION'}]",87049662-0882-11e5-82e1-0e9d1a9f7761,DISCUSSION,dark,richtext,False,False,True,0,0,False,all_ads,/r/CryptoCurrency/comments/usgf1u/another_luna_rantquestion/,False,6,1652890194,1,"Why is Do Kwon so invested in trying to get a fork going?  Is it because it is the only way he can square up with some of his VCs/validators? They seem to be the only people interested in a fork.

The motto he is spouting that ""Luna is more than UST"" and about ""saving the community"" is absolutely laughable to those who lost their life savings in Luna.

Why would anyone want to buy into this new Luna? Why doesn't this ""amazing"" community just go elsewhere, like to MATIC or AVAX?  What is so special behind in the tech in Luna?  Wasn't their whole gimmick the algorithm behind UST and the backing of the LFG?  Both failed miserably.  Why do we need a hardfork?

With all of the upcoming legal issues Do Kwon has coming his way, Luna's legal counsel bailing, essentially zero reserves left, no backing by the general public for this fork, I would be be shocked if they pull off a fork or any revival efforts at all.",True,False,False,CryptoCurrency,t5_2wlj3,4883783,public,new,self,Another LUNA rant/question,0,[],1.0,https://www.reddit.com/r/CryptoCurrency/comments/usgf1u/another_luna_rantquestion/,,all_ads,6,1652861383.0,,,,,,dark,,,,,,
