,all_awardings,allow_live_comments,author,author_cakeday,author_flair_background_color,author_flair_css_class,author_flair_richtext,author_flair_text,author_flair_text_color,author_flair_type,author_fullname,author_is_blocked,author_patreon_flair,author_premium,awarders,can_mod_post,contest_mode,created_utc,domain,full_link,gildings,id,is_created_from_ads_ui,is_crosspostable,is_meta,is_original_content,is_reddit_media_domain,is_robot_indexable,is_self,is_video,link_flair_background_color,link_flair_css_class,link_flair_richtext,link_flair_template_id,link_flair_text,link_flair_text_color,link_flair_type,locked,media_only,no_follow,num_comments,num_crossposts,over_18,parent_whitelist_status,permalink,pinned,post_hint,preview,pwls,retrieved_on,score,selftext,send_replies,spoiler,stickied,subreddit,subreddit_id,subreddit_subscribers,subreddit_type,thumbnail,thumbnail_height,thumbnail_width,title,total_awards_received,treatment_tags,upvote_ratio,url,url_overridden_by_dest,whitelist_status,wls,created,removed_by_category,media_metadata
0,[],False,qqwe22,True,,,"[{'e': 'text', 't': 'Platinum | QC: CC 80'}]",Platinum | QC: CC 80,dark,richtext,t2_3f57rxaz,False,False,False,[],False,False,1653839377,decrypt.co,https://www.reddit.com/r/CryptoCurrency/comments/v0dzgk/this_week_on_crypto_twitter_pharma_bro_shkreli/,{},v0dzgk,False,True,False,False,False,True,False,False,#0aa18f,NEWS,"[{'e': 'text', 't': 'GENERAL-NEWS'}]",f170aab2-246f-11ec-8143-429a193c9848,GENERAL-NEWS,light,richtext,False,False,True,0,0,False,all_ads,/r/CryptoCurrency/comments/v0dzgk/this_week_on_crypto_twitter_pharma_bro_shkreli/,False,link,"{'enabled': False, 'images': [{'id': 'YNlck_FDYgfMg0Cdf4GoNupAQ6mmXduBAzqrfqbC0r8', 'resolutions': [{'height': 54, 'url': 'https://external-preview.redd.it/walICiqUGRWLDEForCYB2u--emrnNYHW3IMOl5jyCMc.jpg?width=108&amp;crop=smart&amp;auto=webp&amp;s=082ab30ea1923cab083dafbee4473b680f7db45e', 'width': 108}, {'height': 108, 'url': 'https://external-preview.redd.it/walICiqUGRWLDEForCYB2u--emrnNYHW3IMOl5jyCMc.jpg?width=216&amp;crop=smart&amp;auto=webp&amp;s=510a7e633ab070576447b8f125984b047874998f', 'width': 216}, {'height': 160, 'url': 'https://external-preview.redd.it/walICiqUGRWLDEForCYB2u--emrnNYHW3IMOl5jyCMc.jpg?width=320&amp;crop=smart&amp;auto=webp&amp;s=d407573df85cee2242ad4434fdd592553ba8f406', 'width': 320}, {'height': 320, 'url': 'https://external-preview.redd.it/walICiqUGRWLDEForCYB2u--emrnNYHW3IMOl5jyCMc.jpg?width=640&amp;crop=smart&amp;auto=webp&amp;s=10eee591ac506310a5aff6f8dd22d4d7148af3b7', 'width': 640}, {'height': 480, 'url': 'https://external-preview.redd.it/walICiqUGRWLDEForCYB2u--emrnNYHW3IMOl5jyCMc.jpg?width=960&amp;crop=smart&amp;auto=webp&amp;s=5a8d7a086ad6a453a88f49796dcb928f0501c18d', 'width': 960}], 'source': {'height': 512, 'url': 'https://external-preview.redd.it/walICiqUGRWLDEForCYB2u--emrnNYHW3IMOl5jyCMc.jpg?auto=webp&amp;s=0af5681f54911cb49f42aa593dd6c774da08ccde', 'width': 1024}, 'variants': {}}]}",6,1653839387,1,,True,False,False,CryptoCurrency,t5_2wlj3,4933654,public,https://b.thumbs.redditmedia.com/Ip850K4uhP9vBexIBr2gg5gm2X8OujdBbr0Y9VteWYM.jpg,70.0,140.0,"This Week on Crypto Twitter: ‚ÄòPharma Bro‚Äô Shkreli Calls Out Vitalik, LUNA 2.0 Nosedives After Launch - Decrypt",0,[],1.0,https://decrypt.co/101586/this-week-on-crypto-twitter-pharma-bro-shkreli-calls-out-vitalik-terra-2-0-nosedives-after-launch,https://decrypt.co/101586/this-week-on-crypto-twitter-pharma-bro-shkreli-calls-out-vitalik-terra-2-0-nosedives-after-launch,all_ads,6,1653810577.0,,
1,[],False,BucetaComPiroca,,,Warning-level2,"[{'e': 'text', 't': '2 - 3 years account age. 75 - 150 comment karma.'}]",2 - 3 years account age. 75 - 150 comment karma.,dark,richtext,t2_2tpf3feo,False,False,False,[],False,False,1653838831,self.CryptoCurrency,https://www.reddit.com/r/CryptoCurrency/comments/v0dshm/i_have_lunac_staked_in_the_validator_luna_burner/,{},v0dshm,False,False,False,False,False,False,True,False,#7193ff,STAKING,"[{'e': 'text', 't': 'STAKING'}]",e3cef78c-d01a-11eb-b75b-0eda6f21cfc9,STAKING,dark,richtext,False,False,True,1,0,False,all_ads,/r/CryptoCurrency/comments/v0dshm/i_have_lunac_staked_in_the_validator_luna_burner/,False,,,6,1653838841,1,[removed],True,False,False,CryptoCurrency,t5_2wlj3,4933618,public,self,,,I have LunaC staked in the validator ‚ÄúLuna Burner‚Äù that will shutdown soon. I need to undelegate or it was automatically?,0,[],1.0,https://www.reddit.com/r/CryptoCurrency/comments/v0dshm/i_have_lunac_staked_in_the_validator_luna_burner/,,all_ads,6,1653810031.0,moderator,
2,[],False,Mundane_Depression_,,,Warning-level2-2,"[{'e': 'text', 't': 'Tin'}]",Tin,dark,richtext,t2_8tor3hna,False,False,False,[],False,False,1653836915,mosttraded.com,https://www.reddit.com/r/CryptoCurrency/comments/v0d4xy/anchor_protocol_got_exploited_with_launch_of_luna/,{},v0d4xy,False,True,False,False,False,True,False,False,#0aa18f,NEWS,"[{'e': 'text', 't': 'GENERAL-NEWS'}]",f170aab2-246f-11ec-8143-429a193c9848,GENERAL-NEWS,light,richtext,False,False,True,0,0,False,all_ads,/r/CryptoCurrency/comments/v0d4xy/anchor_protocol_got_exploited_with_launch_of_luna/,False,link,"{'enabled': False, 'images': [{'id': 'BTK13SoTFUs-UPRRpd2SYHPS_ArXw7AtcK96da-Q1MU', 'resolutions': [{'height': 67, 'url': 'https://external-preview.redd.it/OOFuDrXHfpl22ri0EhYpc11EdfbkNojNRNgwhvO0b2w.jpg?width=108&amp;crop=smart&amp;auto=webp&amp;s=34433053a6009e2dda3ee7c11eb43984a85bfed4', 'width': 108}, {'height': 135, 'url': 'https://external-preview.redd.it/OOFuDrXHfpl22ri0EhYpc11EdfbkNojNRNgwhvO0b2w.jpg?width=216&amp;crop=smart&amp;auto=webp&amp;s=1cc2a567576dabd6b3934e5fc7d71f0d785ee084', 'width': 216}, {'height': 201, 'url': 'https://external-preview.redd.it/OOFuDrXHfpl22ri0EhYpc11EdfbkNojNRNgwhvO0b2w.jpg?width=320&amp;crop=smart&amp;auto=webp&amp;s=5c97839fed4f8fd91b4e37327987c85eba940472', 'width': 320}, {'height': 402, 'url': 'https://external-preview.redd.it/OOFuDrXHfpl22ri0EhYpc11EdfbkNojNRNgwhvO0b2w.jpg?width=640&amp;crop=smart&amp;auto=webp&amp;s=cf3cb27b6f3a6dfa462a1338d79f89204a016625', 'width': 640}], 'source': {'height': 440, 'url': 'https://external-preview.redd.it/OOFuDrXHfpl22ri0EhYpc11EdfbkNojNRNgwhvO0b2w.jpg?auto=webp&amp;s=67980d31aa7a4133744a890840e3a60a7a0bf950', 'width': 700}, 'variants': {}}]}",6,1653836926,1,,True,False,False,CryptoCurrency,t5_2wlj3,4933509,public,https://b.thumbs.redditmedia.com/WPwSxAETHtTQ3KPqvRBnQoXbCyMCU9Vyj5hwp9lOUMM.jpg,88.0,140.0,"Anchor Protocol Got Exploited with Launch of Luna 2.0, User Makes ""Free"" $800,000",0,[],1.0,https://mosttraded.com/2022/05/29/anchor-protocol-got-exploited-with-launch-of-luna-2-0-user-makes-free-800000/,https://mosttraded.com/2022/05/29/anchor-protocol-got-exploited-with-launch-of-luna-2-0-user-makes-free-800000/,all_ads,6,1653808115.0,,
3,[],False,Akai_Hope,,,,[],,,text,t2_6h86jzmb,False,False,False,[],False,False,1653835274,self.CryptoCurrency,https://www.reddit.com/r/CryptoCurrency/comments/v0ckwk/luna_airdrops/,{},v0ckwk,False,False,False,False,False,False,True,False,#7193ff,DISCUSSION,"[{'e': 'text', 't': 'DISCUSSION'}]",87049662-0882-11e5-82e1-0e9d1a9f7761,DISCUSSION,dark,richtext,False,False,True,1,0,False,all_ads,/r/CryptoCurrency/comments/v0ckwk/luna_airdrops/,False,,,6,1653835284,1,[removed],True,False,False,CryptoCurrency,t5_2wlj3,4933410,public,self,,,Luna Airdrops,0,[],1.0,https://www.reddit.com/r/CryptoCurrency/comments/v0ckwk/luna_airdrops/,,all_ads,6,1653806474.0,moderator,
4,[],False,Loose_Screw_,,,,"[{'e': 'text', 't': 'Platinum | QC: CC 26'}]",Platinum | QC: CC 26,dark,richtext,t2_5qameeg,False,False,True,[],False,False,1653828906,self.CryptoCurrency,https://www.reddit.com/r/CryptoCurrency/comments/v0alpg/luna_to_luna2_conversion_rate_on_kraken/,{},v0alpg,False,True,False,False,False,True,True,False,#007373,EXCHANGES,"[{'e': 'text', 't': 'EXCHANGES'}]",38a8ac5a-9d5c-11e5-a136-0e9f3a832fc3,EXCHANGES,light,richtext,False,False,False,1,0,False,all_ads,/r/CryptoCurrency/comments/v0alpg/luna_to_luna2_conversion_rate_on_kraken/,False,,,6,1653828917,1,"So I've seen a lot of questions about how much LUNA2 you will get airdropped if you hold LUNA on an exchange.

After the Luna Implosion, I bought 100,000 LUNA for about 30 dollars. I just got airdropped roughly 0.45 LUNA2 (worth about $3). My 100k LUNA is currently worth around $7.

This means a very rough conversion rate is around **215k LUNA per LUNA2**.

This implies around **60k pre-attack LUNA per LUNA2** based on the ratios published by Terra.

Pre-attack means you bought before 2:59pm on the 7th of May 2022.

The post-attack cutoff for the airdrop was 4:38pm on the 26th of May 2022.

Your exchange may vary but if they have coordinated, I expect them all to be roughly similar.

Note, I received fractional LUNA2 which wouldn't have happened on-chain according to Terra but Kraken are chads so they distributed it anyway.",True,False,False,CryptoCurrency,t5_2wlj3,4933098,public,self,,,LUNA to LUNA2 Conversion rate on Kraken,0,[],1.0,https://www.reddit.com/r/CryptoCurrency/comments/v0alpg/luna_to_luna2_conversion_rate_on_kraken/,,all_ads,6,1653800106.0,,
5,[],False,merryfasos,,,Warning-level2-2,"[{'e': 'text', 't': 'Tin'}]",Tin,dark,richtext,t2_9m8cu2zk,False,False,False,[],False,False,1653824751,self.CryptoCurrency,https://www.reddit.com/r/CryptoCurrency/comments/v09h97/how_to_view_terra_luna_airdrop/,{},v09h97,False,False,False,True,False,False,True,False,#0dd3bb,VIDEOS,"[{'e': 'text', 't': 'VIDEOS'}]",fee6c918-f3e4-11e5-8172-0ecf7e00c6db,VIDEOS,dark,richtext,False,False,True,0,0,False,all_ads,/r/CryptoCurrency/comments/v09h97/how_to_view_terra_luna_airdrop/,False,self,"{'enabled': False, 'images': [{'id': 'PS6ehsYqSgW4E8QS0HuchcU0uqgr97hJuLHCzxxNNhE', 'resolutions': [{'height': 81, 'url': 'https://external-preview.redd.it/z3G7PBPBJEcxCjtEASoDvexlmBd5qc0-Tsy5V_wvES8.jpg?width=108&amp;crop=smart&amp;auto=webp&amp;s=c001ad506b6647cb31ab86708f929cd7d78fdc7c', 'width': 108}, {'height': 162, 'url': 'https://external-preview.redd.it/z3G7PBPBJEcxCjtEASoDvexlmBd5qc0-Tsy5V_wvES8.jpg?width=216&amp;crop=smart&amp;auto=webp&amp;s=daa3c5196bd1b0ba7dafcb3537da29b701b5d6ad', 'width': 216}, {'height': 240, 'url': 'https://external-preview.redd.it/z3G7PBPBJEcxCjtEASoDvexlmBd5qc0-Tsy5V_wvES8.jpg?width=320&amp;crop=smart&amp;auto=webp&amp;s=5165d06ec7296f8c69f3ce1436b2a158687a1220', 'width': 320}], 'source': {'height': 360, 'url': 'https://external-preview.redd.it/z3G7PBPBJEcxCjtEASoDvexlmBd5qc0-Tsy5V_wvES8.jpg?auto=webp&amp;s=1358368a9de6910af08cb52fef8858e8b6d77724', 'width': 480}, 'variants': {}}]}",6,1653824762,1,[removed],True,False,False,CryptoCurrency,t5_2wlj3,4932898,public,self,,,How to view terra luna airdrop,0,[],1.0,https://www.reddit.com/r/CryptoCurrency/comments/v09h97/how_to_view_terra_luna_airdrop/,,all_ads,6,1653795951.0,automod_filtered,
6,[],False,uumairr1,,,,[],,,text,t2_ht4pu,False,False,False,[],False,False,1653821367,self.CryptoCurrency,https://www.reddit.com/r/CryptoCurrency/comments/v08nrm/what_about_those_who_had_ust_only_but_no_luna/,{},v08nrm,False,False,False,False,False,False,True,False,#7193ff,DISCUSSION,"[{'e': 'text', 't': 'DISCUSSION'}]",87049662-0882-11e5-82e1-0e9d1a9f7761,DISCUSSION,dark,richtext,False,False,True,1,0,False,all_ads,/r/CryptoCurrency/comments/v08nrm/what_about_those_who_had_ust_only_but_no_luna/,False,,,6,1653821378,1,[removed],True,False,False,CryptoCurrency,t5_2wlj3,4932762,public,self,,,What about those who had UST only but no LUNA?,0,[],1.0,https://www.reddit.com/r/CryptoCurrency/comments/v08nrm/what_about_those_who_had_ust_only_but_no_luna/,,all_ads,6,1653792567.0,moderator,
7,[],False,Lemonmule69,,,Warning-level2-2,"[{'e': 'text', 't': 'Tin'}]",Tin,dark,richtext,t2_8jcegucf,False,False,False,[],False,False,1653819166,self.CryptoCurrency,https://www.reddit.com/r/CryptoCurrency/comments/v086c3/congratulations_lunatics_do_kwon_just_gave/,{},v086c3,False,True,False,False,False,True,True,False,#7193ff,DISCUSSION,"[{'e': 'text', 't': 'DISCUSSION'}]",87049662-0882-11e5-82e1-0e9d1a9f7761,DISCUSSION,dark,richtext,False,False,True,0,0,False,all_ads,/r/CryptoCurrency/comments/v086c3/congratulations_lunatics_do_kwon_just_gave/,False,,,6,1653819177,1,"First off, the collapse of Luna caught the attention of regulators around the globe, especially in the USA. Stable coin regulation is coming and there is nothing anyone can do about it. I don‚Äôt actually think this is a bad thing to prevent future meltdowns (full audit of tether pls).

So what does this c#ck head do‚Ä¶‚Ä¶.creates Luna 2.0. This is a regulators wet dream. 

To ALL of the exchanges out there who listed this token‚Ä¶‚Ä¶you fucked up. 

Not only do the regulators have hard on for flogs like Do Kwon, but you are in there crosshairs even more now. Exchanges literally listed the exit pump token for Do Kwon‚Äôs initial ponzi. Utterly psychotic. Like how can they be so stupid.

Exchanges should have denied the listing of Luna 2.0. 

This is why we are so far away from full scale adoption. It‚Äôs bullshit like this and maybe it‚Äôs time for the regs to come in and clean this bullshit up. A lot of people lost a lot of money in the last couple of weeks, Do Kwon is causing more and more damage every day he is active in the crypto asset class.",True,False,False,CryptoCurrency,t5_2wlj3,4932663,public,self,,,Congratulations Lunatics. Do Kwon just gave regulators the opportunity they have been gagging for to come in and absolutely rail the crypto industry and exchanges.,0,[],1.0,https://www.reddit.com/r/CryptoCurrency/comments/v086c3/congratulations_lunatics_do_kwon_just_gave/,,all_ads,6,1653790366.0,,
8,[],False,Loose_Screw_,,,,"[{'e': 'text', 't': 'Platinum | QC: CC 26'}]",Platinum | QC: CC 26,dark,richtext,t2_5qameeg,False,False,True,[],False,False,1653814241,self.CryptoCurrency,https://www.reddit.com/r/CryptoCurrency/comments/v073rs/luna_to_luna2_conversion_rate_on_kraken/,{},v073rs,False,True,False,False,False,True,True,False,#007373,EXCHANGES,"[{'e': 'text', 't': 'EXCHANGES'}]",38a8ac5a-9d5c-11e5-a136-0e9f3a832fc3,EXCHANGES,light,richtext,False,False,True,1,0,False,all_ads,/r/CryptoCurrency/comments/v073rs/luna_to_luna2_conversion_rate_on_kraken/,False,,,6,1653814251,1,"So I've seen a lot of questions about how much Luna 2 you will get airdropped if you hold on an exchange.

After the Luna Implosion, I bought 100,000 for about 30 dollars. I just got airdropped roughly 0.45 LUNA2 (worth about $3). My 100k LUNA is currently worth around $7.

This means a very rough conversion rate is around **215k LUNA per LUNA2**.

This implies around **60k pre-attack LUNA per LUNA2** based on the ratios.

Pre-attack means you bought before 2:59pm on the 7th of May 2022.

Post-attack cutoff is 4:38pm on the 26th of May 2022.

Your exchange may vary but if they have coordinated, I expect them all to be roughly similar.

Note I received fractional LUNA2 which wouldn't have happened on-chain according to Terra but Kraken are chads so they distributed it anyway.",True,False,False,CryptoCurrency,t5_2wlj3,4932457,public,self,,,LUNA to LUNA2 conversion rate on Kraken.,0,[],1.0,https://www.reddit.com/r/CryptoCurrency/comments/v073rs/luna_to_luna2_conversion_rate_on_kraken/,,all_ads,6,1653785441.0,,
9,[],False,Pooky135790,,,Warning-level1-1,"[{'e': 'text', 't': 'Bronze'}]",Bronze,dark,richtext,t2_c4djr46b,False,False,False,[],False,False,1653814066,self.CryptoCurrency,https://www.reddit.com/r/CryptoCurrency/comments/v072g1/why_you_should_not_sell_if_you_followed_the_1/,{},v072g1,False,True,False,False,False,True,True,False,#46d160,ADVICE,"[{'e': 'text', 't': 'ADVICE'}]",e9570888-9c2a-11e3-809c-12313d1661cc,ADVICE,dark,richtext,False,False,False,0,0,False,all_ads,/r/CryptoCurrency/comments/v072g1/why_you_should_not_sell_if_you_followed_the_1/,False,,,6,1653814076,1,"What is the number one rule in Crypto? I hope most would agree that is is: ""Only invest what you can loose"".  
Of course, there are other important rules like; DYOR, Don't give away your private keys, etc,  but It could be argued that ""Only invest what you can loose"" is one of the most important ones out there.

&amp;#x200B;

So why should you not sell if you followed this rule? Everything is down, and you don't want to loose everything. Why not sell at a loss?

The answer is simple. You will NOT loose it all (don't bring up LUNA). As long as you hold your assets, then you have a chance of recouping your losses in the next bull run (in 2-3 years). If you sell your assets at a loss, then you will no longer hold the tokens, and no longer have the opportunity to benefit the next time.

How many post do we see that say... ""If only I bought earlier"", or ""Why did I sell before the bull run"". These are all people who sold their holding and did not hold.

&amp;#x200B;

\* Now of course if you need money, you should sell your coins and just take the loss. Do what is right in the real world. However, if you only invested as much as you could loose, then there is no reason to sell. 

&amp;#x200B;

\* WE ARE STILL EARLY AND WILL WIN IN THE NEXT BULL RUN\*",True,False,False,CryptoCurrency,t5_2wlj3,4932452,public,self,,,Why you SHOULD NOT sell - If you followed the 1. rule in crypto,0,[],1.0,https://www.reddit.com/r/CryptoCurrency/comments/v072g1/why_you_should_not_sell_if_you_followed_the_1/,,all_ads,6,1653785266.0,,
10,[],False,babossa77,,,,"[{'e': 'text', 't': ' eth head'}]", eth head,dark,richtext,t2_d53efu8x,False,False,True,[],False,False,1653811704,self.CryptoCurrency,https://www.reddit.com/r/CryptoCurrency/comments/v06klm/investing_in_luna_20_is_like_sending_a_scammer/,{},v06klm,False,True,False,False,False,True,True,False,#7193ff,DISCUSSION,"[{'e': 'text', 't': 'DISCUSSION'}]",87049662-0882-11e5-82e1-0e9d1a9f7761,DISCUSSION,dark,richtext,False,False,False,0,0,False,all_ads,/r/CryptoCurrency/comments/v06klm/investing_in_luna_20_is_like_sending_a_scammer/,False,,,6,1653811715,1,"You know that classic attempt from a scammer to grab more money by asking their victims to send him more money, so he can send them their previously stolen money back?

This is exactly what the whole Luna 2.0 situation feels like. People lost millions and now they wanna invest in a shitcoin in the hope to get that millions back.

*But there is an airdrop!? So they do'nt invest?!*

Yea, but in order for the coin to be worth something, other people will have to invest and put money into it. This will most likely be people that already were invested in Luna before and want to make more gains to cover their losses.

But they are gonna lose all of it. And there are already people celebrating the new blockchain by making claims like *biggest airdrop ever* or *most decentralized blockchain* etc. People will never learn...",True,False,False,CryptoCurrency,t5_2wlj3,4932372,public,self,,,Investing in Luna 2.0 is like sending a scammer money so he can send you your previously stolen money back,0,[],1.0,https://www.reddit.com/r/CryptoCurrency/comments/v06klm/investing_in_luna_20_is_like_sending_a_scammer/,,all_ads,6,1653782904.0,,
11,[],False,Electrical_Potato_21,,,,"[{'e': 'text', 't': 'Platinum | QC: CC 299'}]",Platinum | QC: CC 299,dark,richtext,t2_ckq21ku7,False,False,False,[],False,False,1653810575,decrypt.co,https://www.reddit.com/r/CryptoCurrency/comments/v06c0z/luna_reboot_plummets_over_70_just_hours_after/,{},v06c0z,False,True,False,False,False,True,False,False,#00a6a5,METRICS,"[{'e': 'text', 't': 'METRICS'}]",1c0b4b5e-2959-11ec-b004-0aa21184cd0a,METRICS,dark,richtext,False,False,False,0,0,False,all_ads,/r/CryptoCurrency/comments/v06c0z/luna_reboot_plummets_over_70_just_hours_after/,False,link,"{'enabled': False, 'images': [{'id': 'MK8XrNwtuf5Nu5wJYSkDc51AL7-FMxYjgVnLbponTbQ', 'resolutions': [{'height': 54, 'url': 'https://external-preview.redd.it/aM2FgEx0Rc3lb-FfBZguMAIuO4RGMgnDKoTwhsxAGMo.jpg?width=108&amp;crop=smart&amp;auto=webp&amp;s=e6d091d086c2c850a6b519571958aaccd81c1d61', 'width': 108}, {'height': 108, 'url': 'https://external-preview.redd.it/aM2FgEx0Rc3lb-FfBZguMAIuO4RGMgnDKoTwhsxAGMo.jpg?width=216&amp;crop=smart&amp;auto=webp&amp;s=3cd0d787dc7488e9c8e550206c4aa025ea76cdf7', 'width': 216}, {'height': 160, 'url': 'https://external-preview.redd.it/aM2FgEx0Rc3lb-FfBZguMAIuO4RGMgnDKoTwhsxAGMo.jpg?width=320&amp;crop=smart&amp;auto=webp&amp;s=b4953228efe87a4168120cd9925fe8cc329d9711', 'width': 320}, {'height': 320, 'url': 'https://external-preview.redd.it/aM2FgEx0Rc3lb-FfBZguMAIuO4RGMgnDKoTwhsxAGMo.jpg?width=640&amp;crop=smart&amp;auto=webp&amp;s=efc3ac94250a883e61d2ba9080c362c9af6d7461', 'width': 640}, {'height': 480, 'url': 'https://external-preview.redd.it/aM2FgEx0Rc3lb-FfBZguMAIuO4RGMgnDKoTwhsxAGMo.jpg?width=960&amp;crop=smart&amp;auto=webp&amp;s=0bc7d1cef82858f8bd4852f30c898bdbee4d3328', 'width': 960}], 'source': {'height': 512, 'url': 'https://external-preview.redd.it/aM2FgEx0Rc3lb-FfBZguMAIuO4RGMgnDKoTwhsxAGMo.jpg?auto=webp&amp;s=05b3eff04da0f14e6356d4393cc532401fe78dc5', 'width': 1024}, 'variants': {}}]}",6,1653810585,1,,True,False,False,CryptoCurrency,t5_2wlj3,4932322,public,https://b.thumbs.redditmedia.com/vDuSLlDgwGY0hGg7-Fnqu39WSvuk2H2qAeKGs215hjU.jpg,70.0,140.0,LUNA Reboot Plummets Over 70% Just Hours After Debut,0,[],1.0,https://decrypt.co/101573/luna-reboot-plummets-over-70-just-hours-after-debut,https://decrypt.co/101573/luna-reboot-plummets-over-70-just-hours-after-debut,all_ads,6,1653781775.0,,
12,[],False,Wonderful_Ad_7609,,,,[],,,text,t2_a4l8lcnz,False,False,False,[],False,False,1653804965,self.CryptoCurrency,https://www.reddit.com/r/CryptoCurrency/comments/v053xd/where_to_buy_luna/,{},v053xd,False,False,False,False,False,False,True,False,#7193ff,DISCUSSION,"[{'e': 'text', 't': 'DISCUSSION'}]",87049662-0882-11e5-82e1-0e9d1a9f7761,DISCUSSION,dark,richtext,False,False,True,1,0,False,all_ads,/r/CryptoCurrency/comments/v053xd/where_to_buy_luna/,False,,,6,1653804975,1,[removed],True,False,False,CryptoCurrency,t5_2wlj3,4932128,public,self,,,Where to buy Luna,0,[],1.0,https://www.reddit.com/r/CryptoCurrency/comments/v053xd/where_to_buy_luna/,,all_ads,6,1653776165.0,moderator,
13,[],False,Syed-Sami,,,,[],,,text,t2_1opx00n6,False,False,False,[],False,False,1653800312,self.CryptoCurrency,https://www.reddit.com/r/CryptoCurrency/comments/v041gk/luna_20_airdrop/,{},v041gk,False,False,False,False,False,False,True,False,#7193ff,DISCUSSION,"[{'e': 'text', 't': 'DISCUSSION'}]",87049662-0882-11e5-82e1-0e9d1a9f7761,DISCUSSION,dark,richtext,False,False,True,1,0,False,all_ads,/r/CryptoCurrency/comments/v041gk/luna_20_airdrop/,False,,,6,1653800322,1,[removed],True,False,False,CryptoCurrency,t5_2wlj3,4931951,public,self,,,Luna 2.0 airdrop,0,[],1.0,https://www.reddit.com/r/CryptoCurrency/comments/v041gk/luna_20_airdrop/,,all_ads,6,1653771512.0,moderator,
14,[],False,Syed-Sami,,,,[],,,text,t2_1opx00n6,False,False,False,[],False,False,1653800081,self.CryptoCurrency,https://www.reddit.com/r/CryptoCurrency/comments/v03zkw/luna_20_token_airdrop/,{},v03zkw,False,False,False,False,False,False,True,False,#46d160,MARKETS,"[{'e': 'text', 't': 'MARKETS'}]",1a657c8c-e48d-11e5-a215-0e374d550989,MARKETS,light,richtext,False,False,True,1,0,False,all_ads,/r/CryptoCurrency/comments/v03zkw/luna_20_token_airdrop/,False,,,6,1653800092,1,[removed],True,False,False,CryptoCurrency,t5_2wlj3,4931944,public,self,,,Luna 2.0 token airdrop,0,[],1.0,https://www.reddit.com/r/CryptoCurrency/comments/v03zkw/luna_20_token_airdrop/,,all_ads,6,1653771281.0,moderator,
15,[],False,Openingcrypto,,,,[],,,text,t2_nntcp5fc,False,False,False,[],False,False,1653799276,self.CryptoCurrency,https://www.reddit.com/r/CryptoCurrency/comments/v03sy5/will_you_guys_again_trust_luna_20/,{},v03sy5,False,False,False,False,False,False,True,False,#46d160,ADVICE,"[{'e': 'text', 't': 'ADVICE'}]",e9570888-9c2a-11e3-809c-12313d1661cc,ADVICE,dark,richtext,False,False,True,1,0,False,all_ads,/r/CryptoCurrency/comments/v03sy5/will_you_guys_again_trust_luna_20/,False,,,6,1653799286,1,[removed],True,False,False,CryptoCurrency,t5_2wlj3,4931908,public,self,,,will you guys again trust Luna 2.0 ?,0,[],1.0,https://www.reddit.com/r/CryptoCurrency/comments/v03sy5/will_you_guys_again_trust_luna_20/,,all_ads,6,1653770476.0,moderator,
16,[],False,SnooWoofers5376,,, Analyst,[],,dark,text,t2_7rdxiqjl,False,False,False,[],False,False,1653798723,decrypt.co,https://www.reddit.com/r/CryptoCurrency/comments/v03o5v/luna_reboot_plummets_over_70_just_hours_after/,{},v03o5v,False,True,False,False,False,True,False,False,#0aa18f,NEWS,"[{'e': 'text', 't': 'GENERAL-NEWS'}]",f170aab2-246f-11ec-8143-429a193c9848,GENERAL-NEWS,light,richtext,False,False,True,0,0,False,all_ads,/r/CryptoCurrency/comments/v03o5v/luna_reboot_plummets_over_70_just_hours_after/,False,link,"{'enabled': False, 'images': [{'id': 'MK8XrNwtuf5Nu5wJYSkDc51AL7-FMxYjgVnLbponTbQ', 'resolutions': [{'height': 54, 'url': 'https://external-preview.redd.it/aM2FgEx0Rc3lb-FfBZguMAIuO4RGMgnDKoTwhsxAGMo.jpg?width=108&amp;crop=smart&amp;auto=webp&amp;s=e6d091d086c2c850a6b519571958aaccd81c1d61', 'width': 108}, {'height': 108, 'url': 'https://external-preview.redd.it/aM2FgEx0Rc3lb-FfBZguMAIuO4RGMgnDKoTwhsxAGMo.jpg?width=216&amp;crop=smart&amp;auto=webp&amp;s=3cd0d787dc7488e9c8e550206c4aa025ea76cdf7', 'width': 216}, {'height': 160, 'url': 'https://external-preview.redd.it/aM2FgEx0Rc3lb-FfBZguMAIuO4RGMgnDKoTwhsxAGMo.jpg?width=320&amp;crop=smart&amp;auto=webp&amp;s=b4953228efe87a4168120cd9925fe8cc329d9711', 'width': 320}, {'height': 320, 'url': 'https://external-preview.redd.it/aM2FgEx0Rc3lb-FfBZguMAIuO4RGMgnDKoTwhsxAGMo.jpg?width=640&amp;crop=smart&amp;auto=webp&amp;s=efc3ac94250a883e61d2ba9080c362c9af6d7461', 'width': 640}, {'height': 480, 'url': 'https://external-preview.redd.it/aM2FgEx0Rc3lb-FfBZguMAIuO4RGMgnDKoTwhsxAGMo.jpg?width=960&amp;crop=smart&amp;auto=webp&amp;s=0bc7d1cef82858f8bd4852f30c898bdbee4d3328', 'width': 960}], 'source': {'height': 512, 'url': 'https://external-preview.redd.it/aM2FgEx0Rc3lb-FfBZguMAIuO4RGMgnDKoTwhsxAGMo.jpg?auto=webp&amp;s=05b3eff04da0f14e6356d4393cc532401fe78dc5', 'width': 1024}, 'variants': {}}]}",6,1653798734,1,,True,False,False,CryptoCurrency,t5_2wlj3,4931892,public,https://b.thumbs.redditmedia.com/vDuSLlDgwGY0hGg7-Fnqu39WSvuk2H2qAeKGs215hjU.jpg,70.0,140.0,LUNA Reboot Plummets Over 70% Just Hours After Debut,0,[],1.0,https://decrypt.co/101573/luna-reboot-plummets-over-70-just-hours-after-debut,https://decrypt.co/101573/luna-reboot-plummets-over-70-just-hours-after-debut,all_ads,6,1653769923.0,,
17,[],False,JacksonLondon_,,,,[],,,text,t2_gj4rabpa,False,False,False,[],False,False,1653792538,self.CryptoCurrency,https://www.reddit.com/r/CryptoCurrency/comments/v023io/whats_your_thought_on_luna_20/,{},v023io,False,False,False,False,False,False,True,False,#7193ff,DISCUSSION,"[{'e': 'text', 't': 'DISCUSSION'}]",87049662-0882-11e5-82e1-0e9d1a9f7761,DISCUSSION,dark,richtext,False,False,True,1,0,False,all_ads,/r/CryptoCurrency/comments/v023io/whats_your_thought_on_luna_20/,False,,,6,1653792548,1,[removed],True,False,False,CryptoCurrency,t5_2wlj3,4931652,public,self,,,What's your thought on $LUNA 2.0?,0,[],1.0,https://www.reddit.com/r/CryptoCurrency/comments/v023io/whats_your_thought_on_luna_20/,,all_ads,6,1653763738.0,moderator,
18,[],False,_WhiteWalker__,,,,[],,,text,t2_nltnvq8c,False,False,False,[],False,False,1653792225,self.CryptoCurrency,https://www.reddit.com/r/CryptoCurrency/comments/v020ki/who_else_is_buying_and_holding_luna_20/,{},v020ki,False,False,False,False,False,False,True,False,#7193ff,DISCUSSION,"[{'e': 'text', 't': 'DISCUSSION'}]",87049662-0882-11e5-82e1-0e9d1a9f7761,DISCUSSION,dark,richtext,False,False,True,1,0,False,all_ads,/r/CryptoCurrency/comments/v020ki/who_else_is_buying_and_holding_luna_20/,False,,,6,1653792236,1,[removed],True,False,False,CryptoCurrency,t5_2wlj3,4931648,public,self,,,Who else is buying and holding $LUNA 2.0,0,[],1.0,https://www.reddit.com/r/CryptoCurrency/comments/v020ki/who_else_is_buying_and_holding_luna_20/,,all_ads,6,1653763425.0,moderator,
19,[],False,hearsdemons,,,Warning-level2-2,"[{'e': 'text', 't': 'Tin | Politics 29'}]",Tin | Politics 29,dark,richtext,t2_67os85w2,False,False,False,[],False,False,1653786067,cryptoslate.com,https://www.reddit.com/r/CryptoCurrency/comments/v00e10/luna_20_hits_30_then_drops_80_in_first_day_of/,{},v00e10,False,True,False,False,False,True,False,False,,GENERAL-NEWS,"[{'e': 'text', 't': 'üü¢ GENERAL-NEWS'}]",,üü¢ GENERAL-NEWS,dark,richtext,False,False,True,0,0,False,all_ads,/r/CryptoCurrency/comments/v00e10/luna_20_hits_30_then_drops_80_in_first_day_of/,False,link,"{'enabled': False, 'images': [{'id': '8TCVvKZ41NoCMGVCQzDq8Cres41H7UvE2SWwMLbfgyY', 'resolutions': [{'height': 56, 'url': 'https://external-preview.redd.it/mnezku_Cqoe_V1Q1keMlMI93Zn56utKHrOCDY8Rbh1w.jpg?width=108&amp;crop=smart&amp;auto=webp&amp;s=96d29f2025c5a54fe834a141a0d1a32818eb2a33', 'width': 108}, {'height': 113, 'url': 'https://external-preview.redd.it/mnezku_Cqoe_V1Q1keMlMI93Zn56utKHrOCDY8Rbh1w.jpg?width=216&amp;crop=smart&amp;auto=webp&amp;s=71f099e1823189ebf9cdac5cd78f879ab6b4a4df', 'width': 216}, {'height': 168, 'url': 'https://external-preview.redd.it/mnezku_Cqoe_V1Q1keMlMI93Zn56utKHrOCDY8Rbh1w.jpg?width=320&amp;crop=smart&amp;auto=webp&amp;s=a10b1bafe8c59e34e8af9db402e7cf1f31f47284', 'width': 320}, {'height': 336, 'url': 'https://external-preview.redd.it/mnezku_Cqoe_V1Q1keMlMI93Zn56utKHrOCDY8Rbh1w.jpg?width=640&amp;crop=smart&amp;auto=webp&amp;s=6f49bfe8572c1c883452e8fb8fecc50712e8ddcf', 'width': 640}, {'height': 504, 'url': 'https://external-preview.redd.it/mnezku_Cqoe_V1Q1keMlMI93Zn56utKHrOCDY8Rbh1w.jpg?width=960&amp;crop=smart&amp;auto=webp&amp;s=e0c748dc9209e2f8ef70465a794fc55d85a67207', 'width': 960}, {'height': 567, 'url': 'https://external-preview.redd.it/mnezku_Cqoe_V1Q1keMlMI93Zn56utKHrOCDY8Rbh1w.jpg?width=1080&amp;crop=smart&amp;auto=webp&amp;s=fb8187af608328138e11fc060ff2f8f92c7f8721', 'width': 1080}], 'source': {'height': 630, 'url': 'https://external-preview.redd.it/mnezku_Cqoe_V1Q1keMlMI93Zn56utKHrOCDY8Rbh1w.jpg?auto=webp&amp;s=9efccb7a7a53924d8592b33e20417be853290979', 'width': 1200}, 'variants': {}}]}",6,1653786077,1,,True,False,False,CryptoCurrency,t5_2wlj3,4931423,public,https://b.thumbs.redditmedia.com/MnPNpKpwVY35kbnZaumgAraGhmPHR95e79KREjkDpvU.jpg,73.0,140.0,LUNA 2.0 hits $30 then drops 80% in first day of trading,0,[],1.0,https://cryptoslate.com/luna-2-0-hits-30-then-drops-80-in-first-day-of-trading/?amp=1,https://cryptoslate.com/luna-2-0-hits-30-then-drops-80-in-first-day-of-trading/?amp=1,all_ads,6,1653757267.0,,
20,[],False,ZlKy13lZ,,,,[],,,text,t2_871n1b8,False,False,False,[],False,False,1653783935,self.CryptoCurrency,https://www.reddit.com/r/CryptoCurrency/comments/uzzt03/i_have_recently_bought_50000_luna_how_will_i_know/,{},uzzt03,False,False,False,False,False,False,True,False,#46d160,ADVICE,"[{'e': 'text', 't': 'ADVICE'}]",e9570888-9c2a-11e3-809c-12313d1661cc,ADVICE,dark,richtext,False,False,True,1,0,False,all_ads,/r/CryptoCurrency/comments/uzzt03/i_have_recently_bought_50000_luna_how_will_i_know/,False,,,6,1653783945,1,[removed],True,False,False,CryptoCurrency,t5_2wlj3,4931350,public,self,,,I have recently bought 50000 Luna how will I know if I get Luna 2.0 on crypto.com?,0,[],1.0,https://www.reddit.com/r/CryptoCurrency/comments/uzzt03/i_have_recently_bought_50000_luna_how_will_i_know/,,all_ads,6,1653755135.0,moderator,
21,[],False,3_plus_3_is_sex,,,Warning-level2-2,"[{'e': 'text', 't': 'Tin | 2 months old'}]",Tin | 2 months old,dark,richtext,t2_kl7cvyaj,False,False,False,[],False,False,1653781832,cnet.com,https://www.reddit.com/r/CryptoCurrency/comments/uzz6xs/terra_20_launch_planned_following_luna_meltdown/,{},uzz6xs,False,True,False,False,False,True,False,False,#0aa18f,NEWS,"[{'e': 'text', 't': 'GENERAL-NEWS'}]",f170aab2-246f-11ec-8143-429a193c9848,GENERAL-NEWS,light,richtext,False,False,True,0,0,False,all_ads,/r/CryptoCurrency/comments/uzz6xs/terra_20_launch_planned_following_luna_meltdown/,False,link,"{'enabled': False, 'images': [{'id': 'Xsr4YqD9ejJZco9km1XO5KMBhLeepV-0-02f3NTVoZc', 'resolutions': [{'height': 56, 'url': 'https://external-preview.redd.it/P6hQvnKNis3I0uvuEQkR4aIvZBVazWLCfsQuxzSXOMc.jpg?width=108&amp;crop=smart&amp;auto=webp&amp;s=d55995ded6c505f6b7c40132ee597c10c02d84b2', 'width': 108}, {'height': 113, 'url': 'https://external-preview.redd.it/P6hQvnKNis3I0uvuEQkR4aIvZBVazWLCfsQuxzSXOMc.jpg?width=216&amp;crop=smart&amp;auto=webp&amp;s=705d852376b23963e936e412d3004a3cba64931c', 'width': 216}, {'height': 168, 'url': 'https://external-preview.redd.it/P6hQvnKNis3I0uvuEQkR4aIvZBVazWLCfsQuxzSXOMc.jpg?width=320&amp;crop=smart&amp;auto=webp&amp;s=13258f8713931faf0dbe195f4e7257f919efbbdb', 'width': 320}, {'height': 336, 'url': 'https://external-preview.redd.it/P6hQvnKNis3I0uvuEQkR4aIvZBVazWLCfsQuxzSXOMc.jpg?width=640&amp;crop=smart&amp;auto=webp&amp;s=9c4ecc006a6b388bc2b62f8f6b3598c630ead75d', 'width': 640}, {'height': 504, 'url': 'https://external-preview.redd.it/P6hQvnKNis3I0uvuEQkR4aIvZBVazWLCfsQuxzSXOMc.jpg?width=960&amp;crop=smart&amp;auto=webp&amp;s=d1c613be605aa97234b5db07ac41164dba3e34f3', 'width': 960}, {'height': 567, 'url': 'https://external-preview.redd.it/P6hQvnKNis3I0uvuEQkR4aIvZBVazWLCfsQuxzSXOMc.jpg?width=1080&amp;crop=smart&amp;auto=webp&amp;s=e467ba94e922f998ae766f21233941a82e44a1d1', 'width': 1080}], 'source': {'height': 630, 'url': 'https://external-preview.redd.it/P6hQvnKNis3I0uvuEQkR4aIvZBVazWLCfsQuxzSXOMc.jpg?auto=webp&amp;s=bda14d2467f0c5eac8fd90c663daf15558661d50', 'width': 1200}, 'variants': {}}]}",6,1653781843,1,,True,False,False,CryptoCurrency,t5_2wlj3,4931276,public,https://b.thumbs.redditmedia.com/a94OzwLDKIRtVw1_p30ZjC1bRtdAXy1pWS22CH3damA.jpg,73.0,140.0,Terra 2.0 Launch Planned Following Luna Meltdown. This Week's Top Bitcoin and Crypto News - CNET,0,[],1.0,https://www.cnet.com/personal-finance/crypto/terra-2-0-launch-planned-following-luna-meltdown-this-weeks-top-bitcoin-and-crypto-news/,https://www.cnet.com/personal-finance/crypto/terra-2-0-launch-planned-following-luna-meltdown-this-weeks-top-bitcoin-and-crypto-news/,all_ads,6,1653753032.0,,
22,[],False,New-to-StockReddit,,,Warning-level1-1,"[{'e': 'text', 't': 'Bronze | ADA 11 | PennyStocks 35'}]",Bronze | ADA 11 | PennyStocks 35,dark,richtext,t2_bus0jxbv,False,False,False,[],False,False,1653780497,self.CryptoCurrency,https://www.reddit.com/r/CryptoCurrency/comments/uzysjw/160_can_you_believe_it/,{},uzysjw,False,True,False,False,False,True,True,False,#7193ff,DISCUSSION,"[{'e': 'text', 't': 'DISCUSSION'}]",87049662-0882-11e5-82e1-0e9d1a9f7761,DISCUSSION,dark,richtext,False,False,False,0,0,False,all_ads,/r/CryptoCurrency/comments/uzysjw/160_can_you_believe_it/,False,self,"{'enabled': False, 'images': [{'id': 'u5pkYJIz7BTnYSeHmkfrsZyIbE0UD-U0MGkvH5dw-Jc', 'resolutions': [{'height': 108, 'url': 'https://external-preview.redd.it/E7k1bTquxc5cGw_hZIIfKNCsGH_Qt0ljF1gepFNQ1-I.jpg?width=108&amp;crop=smart&amp;auto=webp&amp;s=fe48473f413752c46a328a8107b4bbfd1df34608', 'width': 108}, {'height': 216, 'url': 'https://external-preview.redd.it/E7k1bTquxc5cGw_hZIIfKNCsGH_Qt0ljF1gepFNQ1-I.jpg?width=216&amp;crop=smart&amp;auto=webp&amp;s=669385fd93d10e547f76041223ebce3ac16a53a8', 'width': 216}, {'height': 320, 'url': 'https://external-preview.redd.it/E7k1bTquxc5cGw_hZIIfKNCsGH_Qt0ljF1gepFNQ1-I.jpg?width=320&amp;crop=smart&amp;auto=webp&amp;s=b3ba00b566c02b2a16aa04578a3ef04813bfd7b9', 'width': 320}, {'height': 640, 'url': 'https://external-preview.redd.it/E7k1bTquxc5cGw_hZIIfKNCsGH_Qt0ljF1gepFNQ1-I.jpg?width=640&amp;crop=smart&amp;auto=webp&amp;s=a796e1ee5c8c16c4cf20275f2e99e107d8213b9d', 'width': 640}, {'height': 960, 'url': 'https://external-preview.redd.it/E7k1bTquxc5cGw_hZIIfKNCsGH_Qt0ljF1gepFNQ1-I.jpg?width=960&amp;crop=smart&amp;auto=webp&amp;s=9eb9fca21a304c1182c1ea8b67d7c5fc98731d03', 'width': 960}], 'source': {'height': 1024, 'url': 'https://external-preview.redd.it/E7k1bTquxc5cGw_hZIIfKNCsGH_Qt0ljF1gepFNQ1-I.jpg?auto=webp&amp;s=69ae558311da458daa02027b6c30aef7fc492376', 'width': 1024}, 'variants': {}}]}",6,1653780508,1,"PRODUCT FEATURES

Luna 2.0 is the ultimate classroom component to meet 21st century teaching needs
Connects via USB port to use with your PC (XP, Vista, Win7-10) or Mac (OS 10.6 and above) and is compatible with your projector and interactive white board
This easy-to-use digital projection camera does it all‚Äîfrom taking pictures and video, to projecting websites and 3-D manipulatives
Easy, one-touch photo and video capture
Beginner

WHAT'S INCLUDED

Projection camera

PRODUCT DETAILS

Imported
Age: 4 years &amp; up
Plastic
4"" x 10.3"" x 8.8""
No warranty
Wipe clean

MODEL NUMBERS

LER4427

https://m.kohls.com/product/prd-5493346/learning-resources-luna-20-interactive-projection-camera.jsp",True,False,False,CryptoCurrency,t5_2wlj3,4931209,public,self,,,"$160, can you believe it?",0,[],1.0,https://www.reddit.com/r/CryptoCurrency/comments/uzysjw/160_can_you_believe_it/,,all_ads,6,1653751697.0,,
23,[],False,Meltdownmyself,,,Warning-level2-2,"[{'e': 'text', 't': 'Tin | CC critic'}]",Tin | CC critic,dark,richtext,t2_c0gxjj32,False,False,False,[],False,False,1653780190,reportdailys.com,https://www.reddit.com/r/CryptoCurrency/comments/uzypf1/case_closed_taiwanese_man_jumped_from_the_13th/,{},uzypf1,False,True,False,False,False,True,False,False,#0aa18f,NEWS,"[{'e': 'text', 't': 'GENERAL-NEWS'}]",f170aab2-246f-11ec-8143-429a193c9848,GENERAL-NEWS,light,richtext,False,False,True,0,0,False,all_ads,/r/CryptoCurrency/comments/uzypf1/case_closed_taiwanese_man_jumped_from_the_13th/,False,,,6,1653780200,1,,False,False,False,CryptoCurrency,t5_2wlj3,4931193,public,default,,,"Case Closed: Taiwanese Man Jumped From the 13th Floor Because of the Luna Crash, who Lost Nearly US$2 Million",0,[],1.0,https://reportdailys.com/taiwanese-man-commits-suicide-after-losing-2m-in-crypto-token-luna-crash/,https://reportdailys.com/taiwanese-man-commits-suicide-after-losing-2m-in-crypto-token-luna-crash/,all_ads,6,1653751390.0,,
24,[],False,yhenter,,,,[],,,text,t2_930i8vys,False,False,False,[],False,False,1653776253,self.Bitcoin,https://www.reddit.com/r/Bitcoin/comments/uzxhsk/what_happen_if_udst_collapse_like_luna_stable_coin/,{},uzxhsk,False,False,False,False,False,False,True,False,,,[],,,dark,text,False,False,True,0,0,False,all_ads,/r/Bitcoin/comments/uzxhsk/what_happen_if_udst_collapse_like_luna_stable_coin/,False,,,6,1653776264,1,[removed],True,False,False,Bitcoin,t5_2s3qj,4239031,public,self,,,What happen if UDST collapse like Luna stable coin ?,0,[],1.0,https://www.reddit.com/r/Bitcoin/comments/uzxhsk/what_happen_if_udst_collapse_like_luna_stable_coin/,,all_ads,6,1653747453.0,moderator,
25,[],False,S_squared77,,,,[],,,text,t2_2gv940m0,False,False,False,[],False,False,1653774826,kucoin.com,https://www.reddit.com/r/CryptoCurrency/comments/uzx16o/luna_20_can_now_be_traded_on_kucoin/,{},uzx16o,False,True,False,False,False,True,False,False,#0096ae,REMINDER,"[{'e': 'text', 't': 'REMINDER'}]",f8383538-5cd9-11e8-b037-0e5fb51a12ae,REMINDER,light,richtext,False,False,True,0,0,False,all_ads,/r/CryptoCurrency/comments/uzx16o/luna_20_can_now_be_traded_on_kucoin/,False,link,"{'enabled': False, 'images': [{'id': 'ZZ9FZ3XvFt-zan_OGP-sIMlbU2wqJva20ndCH15nvbM', 'resolutions': [{'height': 56, 'url': 'https://external-preview.redd.it/HXvVHSJXrtBFNPIn3tq-56qT-EEh09QvfBjEgaUOyLQ.jpg?width=108&amp;crop=smart&amp;auto=webp&amp;s=2ab4e50d010d246deac7aec4b081373d88114726', 'width': 108}, {'height': 113, 'url': 'https://external-preview.redd.it/HXvVHSJXrtBFNPIn3tq-56qT-EEh09QvfBjEgaUOyLQ.jpg?width=216&amp;crop=smart&amp;auto=webp&amp;s=ad2658a9fecf44d08442963e24efde946f0b3c2c', 'width': 216}, {'height': 168, 'url': 'https://external-preview.redd.it/HXvVHSJXrtBFNPIn3tq-56qT-EEh09QvfBjEgaUOyLQ.jpg?width=320&amp;crop=smart&amp;auto=webp&amp;s=a8227825d485f64cf9af289785e1395fee944836', 'width': 320}, {'height': 336, 'url': 'https://external-preview.redd.it/HXvVHSJXrtBFNPIn3tq-56qT-EEh09QvfBjEgaUOyLQ.jpg?width=640&amp;crop=smart&amp;auto=webp&amp;s=7ca3a1517915680632ea5a2f36e1b678507f4462', 'width': 640}, {'height': 504, 'url': 'https://external-preview.redd.it/HXvVHSJXrtBFNPIn3tq-56qT-EEh09QvfBjEgaUOyLQ.jpg?width=960&amp;crop=smart&amp;auto=webp&amp;s=3a4419c48b9826c0a6beaef07ccc76be514b069c', 'width': 960}, {'height': 567, 'url': 'https://external-preview.redd.it/HXvVHSJXrtBFNPIn3tq-56qT-EEh09QvfBjEgaUOyLQ.jpg?width=1080&amp;crop=smart&amp;auto=webp&amp;s=0d2b890f722bcb527306e3e4ee0973a2a0271d2e', 'width': 1080}], 'source': {'height': 630, 'url': 'https://external-preview.redd.it/HXvVHSJXrtBFNPIn3tq-56qT-EEh09QvfBjEgaUOyLQ.jpg?auto=webp&amp;s=7fc41216e28cc96ed6340cfd2c76676b7a912121', 'width': 1200}, 'variants': {}}]}",6,1653774837,1,,False,False,False,CryptoCurrency,t5_2wlj3,4931007,public,https://b.thumbs.redditmedia.com/iiIeuVKC7CVr-X3A4MqSJIt-jtU-NVEWGZ6VZI-rtes.jpg,73.0,140.0,LUNA 2.0 can now be traded on KuCoin!,0,[],1.0,https://www.kucoin.com/r/rf/r3WY6J2,https://www.kucoin.com/r/rf/r3WY6J2,all_ads,6,1653746026.0,,
26,[],False,Gene_Warm,,,,[],,,text,t2_cfq6xuno,False,False,False,[],False,False,1653773810,self.CryptoCurrency,https://www.reddit.com/r/CryptoCurrency/comments/uzwpq9/bitluna_05_bitlunahalf_safe_dev_team_huge/,{},uzwpq9,False,False,False,False,False,False,True,False,#fec7e6,NEW,"[{'e': 'text', 't': 'NEW-COIN'}]",e533981c-10d9-11e7-89fd-0e374a7b7cbc,NEW-COIN,light,richtext,False,False,True,0,0,False,all_ads,/r/CryptoCurrency/comments/uzwpq9/bitluna_05_bitlunahalf_safe_dev_team_huge/,False,self,"{'enabled': False, 'images': [{'id': 'WgLGVuUVaVpLhdST760baINDuKOlNQdhFlhQ8xKL6uY', 'resolutions': [{'height': 108, 'url': 'https://external-preview.redd.it/nin7WAVv0oWcRdJunIF26O-a3b8hlMdrJ5bpoXYQWl8.jpg?width=108&amp;crop=smart&amp;auto=webp&amp;s=a00b5de6c00059060127bf3f9a20a19ade5cd05e', 'width': 108}, {'height': 216, 'url': 'https://external-preview.redd.it/nin7WAVv0oWcRdJunIF26O-a3b8hlMdrJ5bpoXYQWl8.jpg?width=216&amp;crop=smart&amp;auto=webp&amp;s=bdbb2c5e67abaa8caf757140587ac9fcd189d0d9', 'width': 216}, {'height': 320, 'url': 'https://external-preview.redd.it/nin7WAVv0oWcRdJunIF26O-a3b8hlMdrJ5bpoXYQWl8.jpg?width=320&amp;crop=smart&amp;auto=webp&amp;s=a4ef340704c0cef89cba22f29ed322bcc68ec73f', 'width': 320}], 'source': {'height': 320, 'url': 'https://external-preview.redd.it/nin7WAVv0oWcRdJunIF26O-a3b8hlMdrJ5bpoXYQWl8.jpg?auto=webp&amp;s=87bc905385f3c78d9e7587978b7f61b9fef2c25d', 'width': 320}, 'variants': {}}]}",6,1653773821,1,[removed],True,False,False,CryptoCurrency,t5_2wlj3,4930982,public,self,,,Bit-Luna 0.5 | bitlunahalf | Safe Dev &amp; Team | Huge Potential | Next Moonshot | Strong Community | Diamond Hands Community |,0,[],1.0,https://www.reddit.com/r/CryptoCurrency/comments/uzwpq9/bitluna_05_bitlunahalf_safe_dev_team_huge/,,all_ads,6,1653745010.0,moderator,
27,[],False,Puzzleheaded-Toe6326,,,Warning-level2-2,"[{'e': 'text', 't': 'Tin'}]",Tin,dark,richtext,t2_a1j3v926,False,False,False,[],False,False,1653772887,self.CryptoCurrency,https://www.reddit.com/r/CryptoCurrency/comments/uzwfos/what_do_you_do_when_your_financially_crippled_and/,{},uzwfos,False,True,False,False,False,True,True,False,#5a74cc,PERSPECTIVE,"[{'e': 'text', 't': 'PERSPECTIVE'}]",1b44cdb2-2a6c-11ec-9baf-0aa21184cd0a,PERSPECTIVE,light,richtext,False,False,True,0,0,False,all_ads,/r/CryptoCurrency/comments/uzwfos/what_do_you_do_when_your_financially_crippled_and/,False,,,6,1653772897,1,"Unlike some crypto wasent just a way to make extra funds for me it was a way to get out of massive credit card debt accumulated over the years. 2 years ago  I lost everything from my house,to my job and my car. I had to hit the reset button and decided it was best to move back in with my mom. It seems like the universe wants me to struggle day in and day out. A year ago my mom received a letter from SSI( she deals with a life long Injury up to this point she was able to survive off her SSI check) SSI decided to cut her check more then In half and reduced it to just $500 dollars.sicking imo to think someone could survive off that. Luckily I started a new job and was able to support her financially. I picked up the rent and utilities and at the end of the month I was left with around 350 dollar's. I'm 20k in credit card debt from a life saving surgery performed on my dog and taking out cash advances through my credit cards to help my mother. The interest is taking it's toll and adding new debt monthly. Over the year I put in roughly 100 dollars a month into crypto with a pretty diversified portfolio. USing the remaining 250 to survive with food for me and my mom. If you've ever heard the saying hanging on by a thread I'm it. I've lost all my investments in crypto and sold most of everything to make sure I didn't loose it all( I know hodl but I'm not fortunate enough to do that as of right now) only thing I have left is a little bit of Luna,algo,sol,klv,mls,epx I had to sell off the big guns to survive. I'm getting mentally tired. I've hit rock bottom and I know I'm not the only one. I wish I could win a scratch off to erase my credit card debt and put forth the money into ventures to secure my future. At this point I literally don't see a light at the end of the tunnel just blackness. I work construction and the physical toll on my body alone sucks not to mention working mon-sat destroying my body just to scrape by and have nothing to show for it I honestly don't know how much longer I can keep it up I hope the rest of you are having a better experience in life than I am when you think your down just remember me because at this point idk what to do anymore. I know it's foolish to invest if you don't have the means to but I just wanted a way out I knew it wasn't full proof but I didn't think it would end like this. Anyway sorry for my sob story again good luck to everyone out there",True,False,False,CryptoCurrency,t5_2wlj3,4930941,public,self,,,what do you do when your financially crippled and want to give up,0,[],1.0,https://www.reddit.com/r/CryptoCurrency/comments/uzwfos/what_do_you_do_when_your_financially_crippled_and/,,all_ads,6,1653744087.0,,
28,[],False,ClippTube,,,,[],,,text,t2_12z065,False,False,True,[],False,False,1653770741,self.CryptoCurrency,https://www.reddit.com/r/CryptoCurrency/comments/uzvsdr/for_those_wanting_to_do_futures_trading_on_terra/,{},uzvsdr,False,True,False,False,False,True,True,False,#007373,EXCHANGES,"[{'e': 'text', 't': 'EXCHANGES'}]",38a8ac5a-9d5c-11e5-a136-0e9f3a832fc3,EXCHANGES,light,richtext,False,False,True,0,0,False,all_ads,/r/CryptoCurrency/comments/uzvsdr/for_those_wanting_to_do_futures_trading_on_terra/,False,,,6,1653770752,1,"Currently as far as I know, OKX is pretty much the only exchange that is currently allowing for Futures trading on new LUNA up to 70x either way. OKX futures isn't permitted in most of Europe and USA but I figured if you VPN'd to INDIA it didn't require you to KYC to deposit, withdraw or do futures trading. 

Bybit or Kucoin or other major exchanges haven't allowed for futures trading yet, but only spot buy and sells.

&amp;#x200B;

[www.okx.com\/](https://preview.redd.it/2lemohhp3a291.png?width=1634&amp;format=png&amp;auto=webp&amp;s=82f735667bd89f3a0effcea7ce3fb546d89b430b)

[https://www.okx.com/trade-swap/luna-usdt-swap](https://www.okx.com/trade-swap/luna-usdt-swap)",True,False,False,CryptoCurrency,t5_2wlj3,4930853,public,https://b.thumbs.redditmedia.com/HOZxADUbnpIUNuQBIOXtyLztGTo8egYb98RxUKCAfpc.jpg,49.0,140.0,For those wanting to do Futures trading on Terra Luna (2.0 / NEW) (OKX),0,[],1.0,https://www.reddit.com/r/CryptoCurrency/comments/uzvsdr/for_those_wanting_to_do_futures_trading_on_terra/,,all_ads,6,1653741941.0,,"{'2lemohhp3a291': {'e': 'Image', 'id': '2lemohhp3a291', 'm': 'image/png', 'p': [{'u': 'https://preview.redd.it/2lemohhp3a291.png?width=108&amp;crop=smart&amp;auto=webp&amp;s=634ac09fcc2eb2f19e6d7b275925037cdb320f0a', 'x': 108, 'y': 38}, {'u': 'https://preview.redd.it/2lemohhp3a291.png?width=216&amp;crop=smart&amp;auto=webp&amp;s=af0d167fd85d5e5cc094c77f52898bfd393839dd', 'x': 216, 'y': 76}, {'u': 'https://preview.redd.it/2lemohhp3a291.png?width=320&amp;crop=smart&amp;auto=webp&amp;s=0d6dd719a9cfe9843c30be8b4800442b1a689409', 'x': 320, 'y': 113}, {'u': 'https://preview.redd.it/2lemohhp3a291.png?width=640&amp;crop=smart&amp;auto=webp&amp;s=29fc5372f0ae1aa09b38889aebd3cf5387607ca2', 'x': 640, 'y': 227}, {'u': 'https://preview.redd.it/2lemohhp3a291.png?width=960&amp;crop=smart&amp;auto=webp&amp;s=073f24ae3f2885ddb2b71dcc8ce8ba40a4a3f0fc', 'x': 960, 'y': 340}, {'u': 'https://preview.redd.it/2lemohhp3a291.png?width=1080&amp;crop=smart&amp;auto=webp&amp;s=82d1e264d81a63daf7d092274e8a54cbe38bbbe5', 'x': 1080, 'y': 383}], 's': {'u': 'https://preview.redd.it/2lemohhp3a291.png?width=1634&amp;format=png&amp;auto=webp&amp;s=82f735667bd89f3a0effcea7ce3fb546d89b430b', 'x': 1634, 'y': 580}, 'status': 'valid'}}"
29,[],False,Mirai_MBCG_io,,,Warning-level2-2,"[{'e': 'text', 't': 'Tin | ADA 26'}]",Tin | ADA 26,dark,richtext,t2_bli4l0kt,False,False,True,[],False,False,1653770203,self.CryptoCurrency,https://www.reddit.com/r/CryptoCurrency/comments/uzvmcn/i_just_woke_up_from_a_coma_after_14_months_what/,{},uzvmcn,False,True,False,False,False,True,True,False,#c403f5,COMEDY,"[{'e': 'text', 't': 'COMEDY'}]",5c104cfc-d7c8-11e4-9d14-22000b6902b0,COMEDY,dark,richtext,False,False,False,0,0,False,all_ads,/r/CryptoCurrency/comments/uzvmcn/i_just_woke_up_from_a_coma_after_14_months_what/,False,,,6,1653770214,1,"You‚Äôre not going to believe this, but about 14 months ago, I was just riding down the street on my one wheel, and bam, the next thing I know, I‚Äôm waking up in a hospital.  
   
I looked around, and the first thought I had was ‚Äúwhat happened, and how long have I been out?‚Äù  
   
I glance at the calendar on the wall, and to my surprise it‚Äôs been over a year!    
The second thought I have is, dope, my crypto must have sky rocketed... at least I'll be able to pay my hospital bill   
   
I check my bags. 

WTF, all my Luna is worthless! And the founder knows Tae Kwon do?   
My doge is the same price, and Elon is pumping and dumping twitter now?   
And F\*\*\*, what happened to my ADA? Did Charles die? (I googled real quick, he‚Äôs still alive and shilling harder then ever) At least them getting smart contracts worked out well....   
And Ripple is back in top 10. Thanks 2020 friend that told me to dump those!   
My ETH is still LOCKED waiting for ‚ÄúETH 2.0‚Äù‚Ä¶ which I'm now told is broken into a few parts..... something about mergering and sharting?   
   
‚Ä¶. Ohh well‚Ä¶ at least I can go play the new Zelda Breath of the Wild‚Ä¶. F\*\*\*! 

I‚Äôm going back out for a ride in traffic‚Ä¶.",True,False,False,CryptoCurrency,t5_2wlj3,4930832,public,self,,,I just woke up from a coma after 14 months? What the hell happened?,0,[],1.0,https://www.reddit.com/r/CryptoCurrency/comments/uzvmcn/i_just_woke_up_from_a_coma_after_14_months_what/,,all_ads,6,1653741403.0,,
30,[],False,fauxcompte222,,,,[],,,text,t2_bpu3vluq,False,False,False,[],False,False,1653769076,self.CryptoCurrency,https://www.reddit.com/r/CryptoCurrency/comments/uzva0f/where_are_luna_on_binance/,{},uzva0f,False,False,False,False,False,False,True,False,#007373,EXCHANGES,"[{'e': 'text', 't': 'EXCHANGES'}]",38a8ac5a-9d5c-11e5-a136-0e9f3a832fc3,EXCHANGES,light,richtext,False,False,True,1,0,False,all_ads,/r/CryptoCurrency/comments/uzva0f/where_are_luna_on_binance/,False,,,6,1653769086,1,[removed],True,False,False,CryptoCurrency,t5_2wlj3,4930786,public,self,,,Where are Luna on binance ?,0,[],1.0,https://www.reddit.com/r/CryptoCurrency/comments/uzva0f/where_are_luna_on_binance/,,all_ads,6,1653740276.0,moderator,
31,[],False,CeRipH,,,noflair,[],,dark,text,t2_4xzz1,False,False,False,[],False,False,1653767209,self.CryptoCurrency,https://www.reddit.com/r/CryptoCurrency/comments/uzup7e/a_pointless_tribute_to_my_cat/,{},uzup7e,False,True,False,False,False,True,True,False,#c403f5,COMEDY,"[{'e': 'text', 't': 'COMEDY'}]",5c104cfc-d7c8-11e4-9d14-22000b6902b0,COMEDY,dark,richtext,False,False,False,0,0,False,all_ads,/r/CryptoCurrency/comments/uzup7e/a_pointless_tribute_to_my_cat/,False,self,"{'enabled': False, 'images': [{'id': 'bpNQFK4AzJFgvRn5DPX_PWPcHt4u_389e9vEVvB6liQ', 'resolutions': [{'height': 108, 'url': 'https://external-preview.redd.it/nndlgp8U5Qquftya2KVSw1Ru5wUXUWKNd4db5PnzLX4.jpg?width=108&amp;crop=smart&amp;auto=webp&amp;s=1d2096c100307042e7123b0210d30d1c42a161d1', 'width': 108}, {'height': 217, 'url': 'https://external-preview.redd.it/nndlgp8U5Qquftya2KVSw1Ru5wUXUWKNd4db5PnzLX4.jpg?width=216&amp;crop=smart&amp;auto=webp&amp;s=79645a3b649552785926ed32f6eb4390039dfb73', 'width': 216}, {'height': 322, 'url': 'https://external-preview.redd.it/nndlgp8U5Qquftya2KVSw1Ru5wUXUWKNd4db5PnzLX4.jpg?width=320&amp;crop=smart&amp;auto=webp&amp;s=fa3eba032c744bc831c89c12acf08f12d42f2958', 'width': 320}, {'height': 644, 'url': 'https://external-preview.redd.it/nndlgp8U5Qquftya2KVSw1Ru5wUXUWKNd4db5PnzLX4.jpg?width=640&amp;crop=smart&amp;auto=webp&amp;s=46f932fb5c8fe40c61c8c61c4bc3f7a2fea515da', 'width': 640}], 'source': {'height': 800, 'url': 'https://external-preview.redd.it/nndlgp8U5Qquftya2KVSw1Ru5wUXUWKNd4db5PnzLX4.jpg?auto=webp&amp;s=9901e5720d1884a41bc186e476d0594484fa2ff3', 'width': 794}, 'variants': {}}]}",6,1653767220,1,"**[This](https://postimg.cc/QKmJKtPn) is [my cat](https://postimg.cc/m1BSrMdH)**

[Her](https://postimg.cc/N914Ybxt) name is Luna.

The events of late have been pawful for her; sharing her name with a project surrounded by such negativity.  

I'm also certain she is not alone in this struggle, in fact according to [this excellent article in 'rover'](https://www.google.com/url?sa=t&amp;source=web&amp;rct=j&amp;url=https://www.rover.com/blog/popular-female-cat-names/%3Famp&amp;ved=2ahUKEwiPlcv9g4D4AhVbQEEAHQwyC5oQFnoECBkQBQ&amp;usg=AOvVaw3JPgSOoQp3brf-v1o4gFMm) I found 2 minutes ago, Luna was named the ""hottest"" cat name of the year, or whatever year that article was written.

Anyway, my point is with all the sympathy aimed at the investors that lost money, people have overlooked all these poor cats named Luna that have been associated, unfurrly, with the fiasco.

Now it's probably too late to reclawver the name Luna, she'll no doubt be carrying this burden the rest of her life. I'm also not sure my partner would be happy if we renamed her 'ButtCoin'. But, I thought, why not double down on it and actually release a true shitcoin in her name?

I present **LunaCats** (**LCATS**), a truly pointless ASA (Algo standard asset) and tribute to my cat as well as the many other Lunas out there.

Yes, I really did this, the pool is up on [tinyman.org](https://tinyman.org). Its obviously an unverified asset so there's litter to no chance you'll find it unless you really want to.

If my transparent attempt to a) be funny, and b) use my cat for profit have you intrigued, DM me and I'll happily gift you a million or so, so you can be purrt of this completely furgettable event. Especially if you too, know a cat going through the same struggle.   

P.s. this is mostly the result of following the recent post here about how easy it is to create an asset with some liquidity on Algorand. It's a fun way to explore so I suggest giving it a go if you don't mind wasting a bit of time and money.",True,False,False,CryptoCurrency,t5_2wlj3,4930713,public,self,,,A Pointless Tribute to my Cat,0,[],1.0,https://www.reddit.com/r/CryptoCurrency/comments/uzup7e/a_pointless_tribute_to_my_cat/,,all_ads,6,1653738409.0,,
32,[],False,FldLima,,,Warning-level2-2,"[{'e': 'text', 't': 'Tin'}]",Tin,dark,richtext,t2_sx2vl,False,False,False,[],False,False,1653766875,self.CryptoCurrency,https://www.reddit.com/r/CryptoCurrency/comments/uzulip/can_you_shut_the_hell_up_about_luna_ffs/,{},uzulip,False,True,False,False,False,True,True,False,#7193ff,DISCUSSION,"[{'e': 'text', 't': 'DISCUSSION'}]",87049662-0882-11e5-82e1-0e9d1a9f7761,DISCUSSION,dark,richtext,False,False,False,0,0,False,all_ads,/r/CryptoCurrency/comments/uzulip/can_you_shut_the_hell_up_about_luna_ffs/,False,,,6,1653766886,1,"Holy shit, you can barely have a conversation about other coisn because all people comments is Luna this, Luna that, terra bad Do won or king Jon come whatever is that dude's name. HOLY.

Daily is flooded with Luna stuff, just shut up about it.

It is done, it's a fucking joke, we don't care what you do to your money or how much Luna piss you bought or will recieve form conversion, it's really annoying if you think about it.

First was the collapse, then panic FOMO buying and now the v2, my God people, if you wanna be poor and throw money into this pile of garbage, do it quietly.

I'ma jerk off now to lose some steam.",True,False,False,CryptoCurrency,t5_2wlj3,4930693,public,self,,,can you shut the hell up about Luna ffs? ü§®,0,[],1.0,https://www.reddit.com/r/CryptoCurrency/comments/uzulip/can_you_shut_the_hell_up_about_luna_ffs/,,all_ads,6,1653738075.0,,
33,[],False,FldLima,,,Warning-level2-2,"[{'e': 'text', 't': 'Tin'}]",Tin,dark,richtext,t2_sx2vl,False,False,False,[],False,False,1653766692,self.CryptoCurrency,https://www.reddit.com/r/CryptoCurrency/comments/uzujic/stop_talking_about_god_damn_luna_ffs_wtf/,{},uzujic,False,False,False,False,False,False,True,False,#7193ff,DISCUSSION,"[{'e': 'text', 't': 'DISCUSSION'}]",87049662-0882-11e5-82e1-0e9d1a9f7761,DISCUSSION,dark,richtext,False,False,True,1,0,False,all_ads,/r/CryptoCurrency/comments/uzujic/stop_talking_about_god_damn_luna_ffs_wtf/,False,,,6,1653766702,1,[removed],True,False,False,CryptoCurrency,t5_2wlj3,4930689,public,self,,,"stop talking about god damn LUNA ffs, wtf? ü§®",0,[],1.0,https://www.reddit.com/r/CryptoCurrency/comments/uzujic/stop_talking_about_god_damn_luna_ffs_wtf/,,all_ads,6,1653737892.0,moderator,
34,[],False,ShotCryptographer523,,,,"[{'e': 'text', 't': 'Platinum | QC: CC 190 | VET 9'}]",Platinum | QC: CC 190 | VET 9,dark,richtext,t2_afxdmigx,False,False,False,[],False,False,1653765981,self.CryptoCurrency,https://www.reddit.com/r/CryptoCurrency/comments/uzubex/alt_coin_plays_this_bear_market_my_choices/,{},uzubex,False,True,False,False,False,True,True,False,#bbbdbf,STRATEGY,"[{'e': 'text', 't': 'STRATEGY'}]",8f527258-dc39-11eb-b1ee-0eae9aa8a335,STRATEGY,dark,richtext,False,False,True,0,0,False,all_ads,/r/CryptoCurrency/comments/uzubex/alt_coin_plays_this_bear_market_my_choices/,False,,,6,1653765992,1,"Yes. I know it is high risk. Bitcoin dominance is growing and many alts are dying and may never recover. But not all will.
I love the competition to try and find that next alt that can fly up in the next bull and DCA a position into those candidates. Here are my plays and why.

1. Chainlink. Basically a monopoly with over 50% of the oracle market. Did well last bear market. Staking and CCIP coming soon. Crash hot management team with ex Google and Diem executives on it. No brainier to build a solid position.

2. Algorand. Lots of building happening here. Making partnerships with a focus on institutions. This December they will be on show to the whole world and retail may buy in as they will be major sponsors at the Fifa World Cup.

3. Atom. Inter chain security coming soon. Like Algo can be staked to offset inflation. Great airdrops coming like Gnoland and Omniflix. Best layer 0 to use IMO. DOT is too clunky. Great projects like Osmo, Juno and Evmos run on it. Structurally stable as it held during collapse of Luna.

4. Quant. This caught my eye only recently. The overledger will run as a bridge from current financial world to the blockchain one. CBDCs may be built on it. Like LINK is ISO20022 compliant. Tokenomics are insane. 14 million Max supply with 13 million in circulation.

These are my bets. Anyone have similar? Any red flags with these projects I may have overlooked?",True,False,False,CryptoCurrency,t5_2wlj3,4930663,public,self,,,"ALT coin plays this bear market. My choices: Chainlink, Algorand, Atom and Quant and why.",0,[],1.0,https://www.reddit.com/r/CryptoCurrency/comments/uzubex/alt_coin_plays_this_bear_market_my_choices/,,all_ads,6,1653737181.0,,
35,[],False,GizziTTV,,,Warning-level2-2,"[{'e': 'text', 't': 'Tin'}]",Tin,dark,richtext,t2_c4kqlnqg,False,False,False,[],False,False,1653764209,self.CryptoCurrency,https://www.reddit.com/r/CryptoCurrency/comments/uztqrw/i_planned_to_buy_luna_at_80/,{},uztqrw,False,True,False,False,False,True,True,False,#7193ff,DISCUSSION,"[{'e': 'text', 't': 'DISCUSSION'}]",87049662-0882-11e5-82e1-0e9d1a9f7761,DISCUSSION,dark,richtext,False,False,True,0,0,False,all_ads,/r/CryptoCurrency/comments/uztqrw/i_planned_to_buy_luna_at_80/,False,,,6,1653764220,1,"When Luna was at 80$ I planned to buy a big bag and I was just waiting Bitcoin to stabilize. Thank God Bitcoin dropped for weeks and I saved my a**. Has anyone been saved by Bitcoin like me?

Honestly, this Luna affair has shocked me, the idea that even a project that has always been talked about so well can fail so miserably upsets me. 
It is impossible to imagine being able to predict any movement in the market. Many times I think it's all roulette.
It takes away all certainties, be careful how much money you invest because there is a really high risk in any investment.",True,False,False,CryptoCurrency,t5_2wlj3,4930563,public,self,,,I planned to buy Luna at 80$,0,[],1.0,https://www.reddit.com/r/CryptoCurrency/comments/uztqrw/i_planned_to_buy_luna_at_80/,,all_ads,6,1653735409.0,,
36,[],False,GizziTTV,,,Warning-level2-2,"[{'e': 'text', 't': 'Tin'}]",Tin,dark,richtext,t2_c4kqlnqg,False,False,False,[],False,False,1653764052,self.CryptoCurrency,https://www.reddit.com/r/CryptoCurrency/comments/uztoyb/i_planned_to_buy_luna_at_80/,{},uztoyb,False,False,False,False,False,False,True,False,#7193ff,DISCUSSION,"[{'e': 'text', 't': 'DISCUSSION'}]",87049662-0882-11e5-82e1-0e9d1a9f7761,DISCUSSION,dark,richtext,False,False,True,1,0,False,all_ads,/r/CryptoCurrency/comments/uztoyb/i_planned_to_buy_luna_at_80/,False,,,6,1653764062,1,[removed],True,False,False,CryptoCurrency,t5_2wlj3,4930555,public,self,,,I planned to buy Luna at 80$,0,[],1.0,https://www.reddit.com/r/CryptoCurrency/comments/uztoyb/i_planned_to_buy_luna_at_80/,,all_ads,6,1653735252.0,moderator,
37,[],False,GizziTTV,,,Warning-level2-2,"[{'e': 'text', 't': 'Tin'}]",Tin,dark,richtext,t2_c4kqlnqg,False,False,False,[],False,False,1653763861,self.CryptoCurrency,https://www.reddit.com/r/CryptoCurrency/comments/uztmwg/i_planned_to_buy_luna_at_80/,{},uztmwg,False,False,False,False,False,False,True,False,#c403f5,COMEDY,"[{'e': 'text', 't': 'COMEDY'}]",5c104cfc-d7c8-11e4-9d14-22000b6902b0,COMEDY,dark,richtext,False,False,True,1,0,False,all_ads,/r/CryptoCurrency/comments/uztmwg/i_planned_to_buy_luna_at_80/,False,,,6,1653763872,1,[removed],True,False,False,CryptoCurrency,t5_2wlj3,4930547,public,self,,,I planned to buy Luna at 80$,0,[],1.0,https://www.reddit.com/r/CryptoCurrency/comments/uztmwg/i_planned_to_buy_luna_at_80/,,all_ads,6,1653735061.0,moderator,
38,[],False,Amelie007,,,,[],,,text,t2_zugsc,False,False,False,[],False,False,1653762860,self.CryptoCurrency,https://www.reddit.com/r/CryptoCurrency/comments/uztbrm/buttcoin_vs_do_kwon/,{},uztbrm,False,True,False,False,False,True,True,False,#c403f5,COMEDY,"[{'e': 'text', 't': 'COMEDY'}]",5c104cfc-d7c8-11e4-9d14-22000b6902b0,COMEDY,dark,richtext,False,False,False,1,0,False,all_ads,/r/CryptoCurrency/comments/uztbrm/buttcoin_vs_do_kwon/,False,,,6,1653762871,1,"I think by now we've all heard about Do Kwon's revival plan ‚Äî from the ashes of the old Luna and into the 'totally-not-a-rug' LUNA 2.0

Allow me to do a deep scatological analysis on which one of the two might have more value (***tl;dr*** they are both shit)

# 1st ROUND:

* Buttcoin is a peer-to-peer butt, meaning that no central authority issues new butts or tracks butts.
* Luna 2.0 is all centralized in one man's arrogance, we call it the rug-to-rug protocol or the Do Kwon module.

**Winner**: Buttcoin. Yes, it's shit (just like Luna or new Luna) but at least it's decentralised shit.

# 2nd ROUND:

* On the one hand we have the new Luna, which is backed by the very same things that made the previous one a total failure.
* On the other hand we have Buttcoin, which is backed by 'comedy gold'.

**Winner**: Buttcoin. Because it is backed by something, and we all know laughter is something, especially if it's worth it's weight in gold.. albeit 'Comedy Gold' which is essentially worth nothing.. kind of like Luna (but with laughter)

# FINAL ROUND:

* Buttcoin is not actually a coin.. nor a token, and it's worth nothing because it doesn't exist (nor should it ever exist)
* Luna 2.0 you can buy and it has value (at least for the time being of course)

**OVERALL WINNER**: Buttcoin (it's always a better idea to invest nothing in something that is truly worth nothing)",True,False,False,CryptoCurrency,t5_2wlj3,4930498,public,self,,,Buttcoin vs. Do Kwon,0,[],1.0,https://www.reddit.com/r/CryptoCurrency/comments/uztbrm/buttcoin_vs_do_kwon/,,all_ads,6,1653734060.0,,
39,[],False,ensnofear,,,,[],,,text,t2_bm7zqe28,False,False,False,[],False,False,1653762083,self.CryptoCurrency,https://www.reddit.com/r/CryptoCurrency/comments/uzt2jf/should_i_really_hope/,{},uzt2jf,False,True,False,False,False,True,True,False,#7193ff,DISCUSSION,"[{'e': 'text', 't': 'DISCUSSION'}]",87049662-0882-11e5-82e1-0e9d1a9f7761,DISCUSSION,dark,richtext,False,False,True,0,0,False,all_ads,/r/CryptoCurrency/comments/uzt2jf/should_i_really_hope/,False,self,"{'enabled': False, 'images': [{'id': 'S5Sotk06F0SVCFeZPWEC4RUNFQCokox1Pgl2LgarnXA', 'resolutions': [{'height': 52, 'url': 'https://external-preview.redd.it/_e0j9qLhzcoKYEMPvriGOklMR98pTP1Eay3zGYjAH4U.jpg?width=108&amp;crop=smart&amp;auto=webp&amp;s=1c72a25c42d5ba211b7f14c380dcb8f7e169876f', 'width': 108}, {'height': 105, 'url': 'https://external-preview.redd.it/_e0j9qLhzcoKYEMPvriGOklMR98pTP1Eay3zGYjAH4U.jpg?width=216&amp;crop=smart&amp;auto=webp&amp;s=ab2e930de1a49cc0907a9bd467d72840b05e7a73', 'width': 216}, {'height': 156, 'url': 'https://external-preview.redd.it/_e0j9qLhzcoKYEMPvriGOklMR98pTP1Eay3zGYjAH4U.jpg?width=320&amp;crop=smart&amp;auto=webp&amp;s=5938302052a19dbb89815044148c6c6216ff0665', 'width': 320}, {'height': 313, 'url': 'https://external-preview.redd.it/_e0j9qLhzcoKYEMPvriGOklMR98pTP1Eay3zGYjAH4U.jpg?width=640&amp;crop=smart&amp;auto=webp&amp;s=1200f393a2324520a89f2cfc0d76d9c7d7b349e7', 'width': 640}, {'height': 470, 'url': 'https://external-preview.redd.it/_e0j9qLhzcoKYEMPvriGOklMR98pTP1Eay3zGYjAH4U.jpg?width=960&amp;crop=smart&amp;auto=webp&amp;s=e062de86cbad223ed966c59f459e970678ea0d4a', 'width': 960}, {'height': 529, 'url': 'https://external-preview.redd.it/_e0j9qLhzcoKYEMPvriGOklMR98pTP1Eay3zGYjAH4U.jpg?width=1080&amp;crop=smart&amp;auto=webp&amp;s=e3a9a744ed90c51d0066e55514e2312e8e013052', 'width': 1080}], 'source': {'height': 588, 'url': 'https://external-preview.redd.it/_e0j9qLhzcoKYEMPvriGOklMR98pTP1Eay3zGYjAH4U.jpg?auto=webp&amp;s=44779b2f72ff5ec7122cb87fc6b4b52b2b16b04d', 'width': 1200}, 'variants': {}}]}",6,1653762093,1,"What do they want to do with this Luna/Terra thing? I don't understand yet. I am more or less interested in these works, but I have not witnessed such a thing. With the removal of the stablecoin and the stable development of a new blockchain, the Terra team have worked together to rename the existing Terra Classic to LUNA Classic and rebirth a new Terra blockchain I know. So did they set an address for it? I even read a serious article on this very topic: [https://medium.com/terra-money/terra-2-0-luna-airdrop-cd08a6d9cfcd](https://medium.com/terra-money/terra-2-0-luna-airdrop-cd08a6d9cfcd) . In this article, it is said that Luna classic will be distributed to those who have Luna. I have too many lunas and I'm already at a loss. Could the future of Lunac be like Etherum Classic? Or am I just living in a fantasy world? There is a lot of misinformation about this event. I am open to the comments of chubby fingers who will support me in this matter and provide ""reliable"" information...",True,False,False,CryptoCurrency,t5_2wlj3,4930443,public,self,,,Should I really hope?,0,[],1.0,https://www.reddit.com/r/CryptoCurrency/comments/uzt2jf/should_i_really_hope/,,all_ads,6,1653733283.0,,
40,[],False,Indianajoemusic,,,Warning-level2-2,"[{'e': 'text', 't': 'Tin'}]",Tin,dark,richtext,t2_bz9c8tpf,False,False,False,[],False,False,1653762078,i.redd.it,https://www.reddit.com/r/CryptoCurrency/comments/uzt2hy/luna/,{},uzt2hy,False,False,False,False,True,False,False,False,#add2e2,ADVICE,"[{'e': 'text', 't': 'ANALYSIS'}]",c1034ee6-9c2a-11e3-a8c4-12313b0e8e20,ANALYSIS,dark,richtext,False,False,True,2,0,False,all_ads,/r/CryptoCurrency/comments/uzt2hy/luna/,False,image,"{'enabled': True, 'images': [{'id': 'KknW_o0fcuHm5nxkpw5cTDx0ouKVC0u0B_dIfH-dfAc', 'resolutions': [{'height': 216, 'url': 'https://preview.redd.it/8eq6x8h7e9291.jpg?width=108&amp;crop=smart&amp;auto=webp&amp;s=dd9b4dc6f48f85f7b53aaa5ab6a196d801b543bd', 'width': 108}, {'height': 432, 'url': 'https://preview.redd.it/8eq6x8h7e9291.jpg?width=216&amp;crop=smart&amp;auto=webp&amp;s=ea683b08cad46526b8d964668edb339ad697fe67', 'width': 216}, {'height': 640, 'url': 'https://preview.redd.it/8eq6x8h7e9291.jpg?width=320&amp;crop=smart&amp;auto=webp&amp;s=d096b5f8752e8ae0f2c3c48dba638aacd435e6db', 'width': 320}, {'height': 1280, 'url': 'https://preview.redd.it/8eq6x8h7e9291.jpg?width=640&amp;crop=smart&amp;auto=webp&amp;s=688fc2f9ec999a54ad15fde473e64e34a3eb48ff', 'width': 640}, {'height': 1920, 'url': 'https://preview.redd.it/8eq6x8h7e9291.jpg?width=960&amp;crop=smart&amp;auto=webp&amp;s=b054dad5288d67f2de2ba843238b124f61c5f93d', 'width': 960}, {'height': 2160, 'url': 'https://preview.redd.it/8eq6x8h7e9291.jpg?width=1080&amp;crop=smart&amp;auto=webp&amp;s=ebfba84e3001b6f092cea59564cedeea225161f2', 'width': 1080}], 'source': {'height': 2960, 'url': 'https://preview.redd.it/8eq6x8h7e9291.jpg?auto=webp&amp;s=6594b98952e767526af11b2f10cf64b30be02545', 'width': 1440}, 'variants': {}}]}",6,1653762089,1,,True,False,False,CryptoCurrency,t5_2wlj3,4930443,public,https://a.thumbs.redditmedia.com/7p8xTtHy8OfXHzrP1sJjKdDCp35BFIan_pFUhrmjLP4.jpg,140.0,140.0,Luna..,0,[],1.0,https://i.redd.it/8eq6x8h7e9291.jpg,https://i.redd.it/8eq6x8h7e9291.jpg,all_ads,6,1653733278.0,moderator,
41,[],False,Amelie007,,,,[],,,text,t2_zugsc,False,False,False,[],False,False,1653761329,self.CryptoCurrency,https://www.reddit.com/r/CryptoCurrency/comments/uzstts/buttcoin_vs_luna_20_i_do_a_deep_analysis_on_which/,{},uzstts,False,True,False,False,False,True,True,False,#add2e2,ADVICE,"[{'e': 'text', 't': 'ANALYSIS'}]",c1034ee6-9c2a-11e3-a8c4-12313b0e8e20,ANALYSIS,dark,richtext,False,False,True,1,0,False,all_ads,/r/CryptoCurrency/comments/uzstts/buttcoin_vs_luna_20_i_do_a_deep_analysis_on_which/,False,,,6,1653761340,1,"# 1st ROUND:

* Buttcoin is a peer-to-peer butt, meaning that no central authority issues new butts or tracks butts.
* Luna 2.0 is all centralized in one man's arrogance, we call it the rug-to-rug protocol or the Do Kwon module.

**Winner**: Buttcoin... sure, it's shit (just like Luna) but at least it's decentralized shit.

# 2nd ROUND:

* On the one hand we have the new Luna, which is backed by the very same things that made the previous one a total failure. 
* On the other hand we have Buttcoin, which is backed by 'comedy gold'.

**Winner**: Buttcoin, due to it being backed by something, and we all know laughter is something, especially if it's worth it's weight in gold.. albeit 'Comedy Gold' which is essentially worth nothing.. kind of like Luna (but with laughter)

# FINAL ROUND:

* Buttcoin is not actually a coin.. nor a token, and it's worth nothing because it doesn't exist.
* New Luna you can buy and it has value (for the time being of course)

**OVERALL WINNER**: Buttcoin (it's always a better idea to invest nothing in something that is truly worth nothing)

***^(tl;dr They are both shit, but buttcoin wins.)***",True,False,False,CryptoCurrency,t5_2wlj3,4930407,public,self,,,Buttcoin vs. Luna 2.0 (I do a deep analysis on which one is the best investment),0,[],1.0,https://www.reddit.com/r/CryptoCurrency/comments/uzstts/buttcoin_vs_luna_20_i_do_a_deep_analysis_on_which/,,all_ads,6,1653732529.0,,
42,[],False,W3bT4G,,,,"[{'e': 'text', 't': 'Platinum | QC: DOGE 48, BNB 18 | r/SSB 5 | ExchSubs 18'}]","Platinum | QC: DOGE 48, BNB 18 | r/SSB 5 | ExchSubs 18",dark,richtext,t2_a6e5bd81,False,False,False,[],False,False,1653759864,self.CryptoCurrency,https://www.reddit.com/r/CryptoCurrency/comments/uzscye/terra_luna_information/,{},uzscye,False,False,False,False,False,False,True,False,#46d160,ADVICE,"[{'e': 'text', 't': 'ADVICE'}]",e9570888-9c2a-11e3-809c-12313d1661cc,ADVICE,dark,richtext,False,False,True,0,0,False,all_ads,/r/CryptoCurrency/comments/uzscye/terra_luna_information/,False,self,"{'enabled': False, 'images': [{'id': 'oRFCKTmhvwmeBLcRDhWZMP2pnraCFvESnBWDs5yGffY', 'resolutions': [{'height': 135, 'url': 'https://external-preview.redd.it/xqb9kR_K2GFlTIaRX0mcGDPh0c3LgmoQS4anLFV4Gds.jpg?width=108&amp;crop=smart&amp;auto=webp&amp;s=8194208eb540dc89f040af9cf56c4af16af640a2', 'width': 108}, {'height': 270, 'url': 'https://external-preview.redd.it/xqb9kR_K2GFlTIaRX0mcGDPh0c3LgmoQS4anLFV4Gds.jpg?width=216&amp;crop=smart&amp;auto=webp&amp;s=758cb14154190484c807168ecfefd4ad6247c089', 'width': 216}, {'height': 400, 'url': 'https://external-preview.redd.it/xqb9kR_K2GFlTIaRX0mcGDPh0c3LgmoQS4anLFV4Gds.jpg?width=320&amp;crop=smart&amp;auto=webp&amp;s=44d4f0f549f67ef654fe39d425ed507930f7488e', 'width': 320}, {'height': 800, 'url': 'https://external-preview.redd.it/xqb9kR_K2GFlTIaRX0mcGDPh0c3LgmoQS4anLFV4Gds.jpg?width=640&amp;crop=smart&amp;auto=webp&amp;s=58f96392609531ce4339310eaa396721e5a635a7', 'width': 640}], 'source': {'height': 1190, 'url': 'https://external-preview.redd.it/xqb9kR_K2GFlTIaRX0mcGDPh0c3LgmoQS4anLFV4Gds.jpg?auto=webp&amp;s=0ee3a20dd001568c66c0da74ef73774f0ca0493c', 'width': 952}, 'variants': {}}]}",6,1653759875,1,[removed],True,False,False,CryptoCurrency,t5_2wlj3,4930336,public,self,,,Terra Luna Information,0,[],1.0,https://www.reddit.com/r/CryptoCurrency/comments/uzscye/terra_luna_information/,,all_ads,6,1653731064.0,automod_filtered,
43,[],False,W3bT4G,,,,"[{'e': 'text', 't': 'Platinum | QC: DOGE 48, BNB 18 | r/SSB 5 | ExchSubs 18'}]","Platinum | QC: DOGE 48, BNB 18 | r/SSB 5 | ExchSubs 18",dark,richtext,t2_a6e5bd81,False,False,False,[],False,False,1653759492,self.CryptoCurrency,https://www.reddit.com/r/CryptoCurrency/comments/uzs8o3/terra_luna/,{},uzs8o3,False,False,False,False,False,False,True,False,#46d160,ADVICE,"[{'e': 'text', 't': 'ADVICE'}]",e9570888-9c2a-11e3-809c-12313d1661cc,ADVICE,dark,richtext,False,False,True,0,0,False,all_ads,/r/CryptoCurrency/comments/uzs8o3/terra_luna/,False,self,"{'enabled': False, 'images': [{'id': 'oRFCKTmhvwmeBLcRDhWZMP2pnraCFvESnBWDs5yGffY', 'resolutions': [{'height': 135, 'url': 'https://external-preview.redd.it/xqb9kR_K2GFlTIaRX0mcGDPh0c3LgmoQS4anLFV4Gds.jpg?width=108&amp;crop=smart&amp;auto=webp&amp;s=8194208eb540dc89f040af9cf56c4af16af640a2', 'width': 108}, {'height': 270, 'url': 'https://external-preview.redd.it/xqb9kR_K2GFlTIaRX0mcGDPh0c3LgmoQS4anLFV4Gds.jpg?width=216&amp;crop=smart&amp;auto=webp&amp;s=758cb14154190484c807168ecfefd4ad6247c089', 'width': 216}, {'height': 400, 'url': 'https://external-preview.redd.it/xqb9kR_K2GFlTIaRX0mcGDPh0c3LgmoQS4anLFV4Gds.jpg?width=320&amp;crop=smart&amp;auto=webp&amp;s=44d4f0f549f67ef654fe39d425ed507930f7488e', 'width': 320}, {'height': 800, 'url': 'https://external-preview.redd.it/xqb9kR_K2GFlTIaRX0mcGDPh0c3LgmoQS4anLFV4Gds.jpg?width=640&amp;crop=smart&amp;auto=webp&amp;s=58f96392609531ce4339310eaa396721e5a635a7', 'width': 640}], 'source': {'height': 1190, 'url': 'https://external-preview.redd.it/xqb9kR_K2GFlTIaRX0mcGDPh0c3LgmoQS4anLFV4Gds.jpg?auto=webp&amp;s=0ee3a20dd001568c66c0da74ef73774f0ca0493c', 'width': 952}, 'variants': {}}]}",6,1653759502,1,[removed],True,False,False,CryptoCurrency,t5_2wlj3,4930320,public,self,,,Terra Luna,0,[],1.0,https://www.reddit.com/r/CryptoCurrency/comments/uzs8o3/terra_luna/,,all_ads,6,1653730692.0,automod_filtered,
44,[],False,Extremely-Bad-Idea,,,,"[{'e': 'text', 't': 'Platinum | QC: DOGE 77, BTC 64'}]","Platinum | QC: DOGE 77, BTC 64",dark,richtext,t2_a9fysz6o,False,False,False,[],False,False,1653758505,self.CryptoCurrency,https://www.reddit.com/r/CryptoCurrency/comments/uzrwt6/luna_20_is_off_to_a_tragic_start_already_down_70/,{},uzrwt6,False,False,False,False,False,False,True,False,#7193ff,DISCUSSION,"[{'e': 'text', 't': 'DISCUSSION'}]",87049662-0882-11e5-82e1-0e9d1a9f7761,DISCUSSION,dark,richtext,False,False,True,1,0,False,all_ads,/r/CryptoCurrency/comments/uzrwt6/luna_20_is_off_to_a_tragic_start_already_down_70/,False,,,6,1653758516,1,[removed],True,False,False,CryptoCurrency,t5_2wlj3,4930269,public,self,,,LUNA 2.0 is off to a tragic start. Already down 70% on first day of trading and headed for zero?,0,[],1.0,https://www.reddit.com/r/CryptoCurrency/comments/uzrwt6/luna_20_is_off_to_a_tragic_start_already_down_70/,,all_ads,6,1653729705.0,moderator,
45,[],False,JackPot1420,,,,[],,,text,t2_3vshb75s,False,False,False,[],False,False,1653758450,self.Bitcoin,https://www.reddit.com/r/Bitcoin/comments/uzrw5m/luna_disappeared_from_coinbase_account/,{},uzrw5m,False,False,False,False,False,False,True,False,,,[],,,dark,text,False,False,True,0,0,False,all_ads,/r/Bitcoin/comments/uzrw5m/luna_disappeared_from_coinbase_account/,False,,,6,1653758460,1,[removed],True,False,False,Bitcoin,t5_2s3qj,4238377,public,self,,,Luna disappeared from Coinbase account,0,[],1.0,https://www.reddit.com/r/Bitcoin/comments/uzrw5m/luna_disappeared_from_coinbase_account/,,all_ads,6,1653729650.0,moderator,
46,[],False,JackPot1420,,,,[],,,text,t2_3vshb75s,False,False,False,[],False,False,1653758030,self.CryptoCurrency,https://www.reddit.com/r/CryptoCurrency/comments/uzrqxw/luna_is_gone_from_coinbase_account/,{},uzrqxw,False,False,False,False,False,False,True,False,#7193ff,DISCUSSION,"[{'e': 'text', 't': 'DISCUSSION'}]",87049662-0882-11e5-82e1-0e9d1a9f7761,DISCUSSION,dark,richtext,False,False,True,1,0,False,all_ads,/r/CryptoCurrency/comments/uzrqxw/luna_is_gone_from_coinbase_account/,False,,,6,1653758040,1,[removed],True,False,False,CryptoCurrency,t5_2wlj3,4930243,public,self,,,Luna is gone from Coinbase account,0,[],1.0,https://www.reddit.com/r/CryptoCurrency/comments/uzrqxw/luna_is_gone_from_coinbase_account/,,all_ads,6,1653729230.0,moderator,
47,[],False,MaximumStudent1839,,,,"[{'e': 'text', 't': 'Platinum | 5 months old | QC: CC 28, ATOM 22'}]","Platinum | 5 months old | QC: CC 28, ATOM 22",dark,richtext,t2_dx63zp2s,False,False,False,[],False,False,1653756588,self.CryptoCurrency,https://www.reddit.com/r/CryptoCurrency/comments/uzr94h/kraken_is_da_best/,{},uzr94h,False,True,False,False,False,True,True,False,#007373,EXCHANGES,"[{'e': 'text', 't': 'EXCHANGES'}]",38a8ac5a-9d5c-11e5-a136-0e9f3a832fc3,EXCHANGES,light,richtext,False,False,True,1,0,False,all_ads,/r/CryptoCurrency/comments/uzr94h/kraken_is_da_best/,False,self,"{'enabled': False, 'images': [{'id': 'MSwSFr3siryDN0Oed2317G-R-xvxRh0ZSgaawJprSH0', 'resolutions': [{'height': 56, 'url': 'https://external-preview.redd.it/9FaOWN_jwskIi6qRcSFD3cWis6FmN0kEOHOm3qSh45o.jpg?width=108&amp;crop=smart&amp;auto=webp&amp;s=3a9363e5d0de31342793d0e9f7bc26466dbdd284', 'width': 108}, {'height': 112, 'url': 'https://external-preview.redd.it/9FaOWN_jwskIi6qRcSFD3cWis6FmN0kEOHOm3qSh45o.jpg?width=216&amp;crop=smart&amp;auto=webp&amp;s=60ef8d8e84739531b2eacd4c983dd94a07882235', 'width': 216}, {'height': 167, 'url': 'https://external-preview.redd.it/9FaOWN_jwskIi6qRcSFD3cWis6FmN0kEOHOm3qSh45o.jpg?width=320&amp;crop=smart&amp;auto=webp&amp;s=c1c446f8133b4f9987471d3cd1df759777a1323d', 'width': 320}, {'height': 334, 'url': 'https://external-preview.redd.it/9FaOWN_jwskIi6qRcSFD3cWis6FmN0kEOHOm3qSh45o.jpg?width=640&amp;crop=smart&amp;auto=webp&amp;s=642c633c2fc07840a31bf39782eec001c3112e6c', 'width': 640}, {'height': 501, 'url': 'https://external-preview.redd.it/9FaOWN_jwskIi6qRcSFD3cWis6FmN0kEOHOm3qSh45o.jpg?width=960&amp;crop=smart&amp;auto=webp&amp;s=440f64e14357f122b001f630be3c695b6632ceec', 'width': 960}, {'height': 564, 'url': 'https://external-preview.redd.it/9FaOWN_jwskIi6qRcSFD3cWis6FmN0kEOHOm3qSh45o.jpg?width=1080&amp;crop=smart&amp;auto=webp&amp;s=30556cb0145a490a09a35342d4032b4052043917', 'width': 1080}], 'source': {'height': 627, 'url': 'https://external-preview.redd.it/9FaOWN_jwskIi6qRcSFD3cWis6FmN0kEOHOm3qSh45o.jpg?auto=webp&amp;s=8a1c03d56ccd9fabb746dfd44ae932f8ae9046bb', 'width': 1200}, 'variants': {}}]}",6,1653756599,1,"As an American, I have to say Kraken is my favorite exchange so far!

I want to thank them for the speedy distribution of Luna 2 so I can exit at $7:D. I think [Binance.US](https://binance.us/) and Coinbase still have their heads in their ass about listing Luna 2 or airdropping Luna 2.

Love Kraken for all its features like staking DOT at 12% APY with no lock-up. They aren't like scummy Coinbase who takes like 50% of your staking rewards.

Recommend to all US users! We don't have as many options as others do. 

The only downside is they charged for the ACH deposits. You just find another fiat on-ramp like Coinbase and buy your actual crypto on Kraken. At least then, you wouldn't be stuck like Coinbase users in this Luna 2 launch.",True,False,False,CryptoCurrency,t5_2wlj3,4930169,public,self,,,Kraken is DA BEST!,0,[],1.0,https://www.reddit.com/r/CryptoCurrency/comments/uzr94h/kraken_is_da_best/,,all_ads,6,1653727788.0,,
48,[],False,BluetheNerd,,,,[],,,text,t2_26d26okj,False,False,False,[],False,False,1653755171,self.CryptoCurrency,https://www.reddit.com/r/CryptoCurrency/comments/uzqsou/i_didnt_receive_any_luna_20_in_the_aidrop/,{},uzqsou,False,True,False,False,False,True,True,False,#46d160,ADVICE,"[{'e': 'text', 't': 'ADVICE'}]",e9570888-9c2a-11e3-809c-12313d1661cc,ADVICE,dark,richtext,False,False,True,0,0,False,all_ads,/r/CryptoCurrency/comments/uzqsou/i_didnt_receive_any_luna_20_in_the_aidrop/,False,,,6,1653755182,1," As the title suggests I had 107,000 Luna in my terra wallet on May 26th, now that the airdrop is supposed to have happened I haven't received a single Luna 2.0? I've tried contacting their support but got no replies. I'm not really sure what I did wrong? Part of the reason it's frustrating is because I originally had Luna wrapped, and so had to spend a little money to move it over to my terra wallet so that I wouldn't miss out on the air drop... But I haven't been airdropped anything. Not really sure what to do, I feel a little bit screwed over. I know in the current state 107,000 luna is worth basically nothing, but still. If anyone has any advice on what or can do, or any way to make up for this and make enough to at least cover the bridge fee I had to pay, I'd love to know. Cheers.",True,False,False,CryptoCurrency,t5_2wlj3,4930081,public,self,,,I didn't receive any Luna 2.0 in the aidrop?,0,[],1.0,https://www.reddit.com/r/CryptoCurrency/comments/uzqsou/i_didnt_receive_any_luna_20_in_the_aidrop/,,all_ads,6,1653726371.0,,
49,[],False,eat-sleep-rave,,,,"[{'e': 'text', 't': 'Platinum | QC: CC 76 | TraderSubs 15'}]",Platinum | QC: CC 76 | TraderSubs 15,dark,richtext,t2_tacvc,False,False,False,[],False,False,1653755168,cryptoslate.com,https://www.reddit.com/r/CryptoCurrency/comments/uzqsns/luna_20_hits_30_then_drops_80_on_the_first_day_of/,{},uzqsns,False,True,False,False,False,True,False,False,,GENERAL-NEWS,"[{'e': 'text', 't': 'üü¢ GENERAL-NEWS'}]",,üü¢ GENERAL-NEWS,dark,richtext,False,False,True,0,0,False,all_ads,/r/CryptoCurrency/comments/uzqsns/luna_20_hits_30_then_drops_80_on_the_first_day_of/,False,link,"{'enabled': False, 'images': [{'id': '8TCVvKZ41NoCMGVCQzDq8Cres41H7UvE2SWwMLbfgyY', 'resolutions': [{'height': 56, 'url': 'https://external-preview.redd.it/mnezku_Cqoe_V1Q1keMlMI93Zn56utKHrOCDY8Rbh1w.jpg?width=108&amp;crop=smart&amp;auto=webp&amp;s=96d29f2025c5a54fe834a141a0d1a32818eb2a33', 'width': 108}, {'height': 113, 'url': 'https://external-preview.redd.it/mnezku_Cqoe_V1Q1keMlMI93Zn56utKHrOCDY8Rbh1w.jpg?width=216&amp;crop=smart&amp;auto=webp&amp;s=71f099e1823189ebf9cdac5cd78f879ab6b4a4df', 'width': 216}, {'height': 168, 'url': 'https://external-preview.redd.it/mnezku_Cqoe_V1Q1keMlMI93Zn56utKHrOCDY8Rbh1w.jpg?width=320&amp;crop=smart&amp;auto=webp&amp;s=a10b1bafe8c59e34e8af9db402e7cf1f31f47284', 'width': 320}, {'height': 336, 'url': 'https://external-preview.redd.it/mnezku_Cqoe_V1Q1keMlMI93Zn56utKHrOCDY8Rbh1w.jpg?width=640&amp;crop=smart&amp;auto=webp&amp;s=6f49bfe8572c1c883452e8fb8fecc50712e8ddcf', 'width': 640}, {'height': 504, 'url': 'https://external-preview.redd.it/mnezku_Cqoe_V1Q1keMlMI93Zn56utKHrOCDY8Rbh1w.jpg?width=960&amp;crop=smart&amp;auto=webp&amp;s=e0c748dc9209e2f8ef70465a794fc55d85a67207', 'width': 960}, {'height': 567, 'url': 'https://external-preview.redd.it/mnezku_Cqoe_V1Q1keMlMI93Zn56utKHrOCDY8Rbh1w.jpg?width=1080&amp;crop=smart&amp;auto=webp&amp;s=fb8187af608328138e11fc060ff2f8f92c7f8721', 'width': 1080}], 'source': {'height': 630, 'url': 'https://external-preview.redd.it/mnezku_Cqoe_V1Q1keMlMI93Zn56utKHrOCDY8Rbh1w.jpg?auto=webp&amp;s=9efccb7a7a53924d8592b33e20417be853290979', 'width': 1200}, 'variants': {}}]}",6,1653755178,1,,True,False,False,CryptoCurrency,t5_2wlj3,4930081,public,https://b.thumbs.redditmedia.com/MnPNpKpwVY35kbnZaumgAraGhmPHR95e79KREjkDpvU.jpg,73.0,140.0,LUNA 2.0 hits $30 then drops 80% on the first day of trading,0,[],1.0,https://cryptoslate.com/luna-2-0-hits-30-then-drops-80-in-first-day-of-trading/,https://cryptoslate.com/luna-2-0-hits-30-then-drops-80-in-first-day-of-trading/,all_ads,6,1653726368.0,,
50,[],False,BluetheNerd,,,,[],,,text,t2_26d26okj,False,False,False,[],False,False,1653754953,self.CryptoCurrency,https://www.reddit.com/r/CryptoCurrency/comments/uzqq4w/i_didnt_receive_any_luna_20_in_the_airdrop/,{},uzqq4w,False,False,False,False,False,False,True,False,#46d160,ADVICE,"[{'e': 'text', 't': 'ADVICE'}]",e9570888-9c2a-11e3-809c-12313d1661cc,ADVICE,dark,richtext,False,False,True,1,0,False,all_ads,/r/CryptoCurrency/comments/uzqq4w/i_didnt_receive_any_luna_20_in_the_airdrop/,False,,,6,1653754964,1,[removed],True,False,False,CryptoCurrency,t5_2wlj3,4930073,public,self,,,I didn't receive any Luna 2.0 in the airdrop?,0,[],1.0,https://www.reddit.com/r/CryptoCurrency/comments/uzqq4w/i_didnt_receive_any_luna_20_in_the_airdrop/,,all_ads,6,1653726153.0,moderator,
51,[],False,smitaverma95,,,,[],,,text,t2_8dpbt6pi,False,False,False,[],False,False,1653754710,news.bitcoin.com,https://www.reddit.com/r/Bitcoin/comments/uzqn8g/terra_launches_new_chain_airdropping_luna_20/,{},uzqn8g,False,False,False,False,False,False,False,False,,,[],,,dark,text,False,False,True,0,0,False,all_ads,/r/Bitcoin/comments/uzqn8g/terra_launches_new_chain_airdropping_luna_20/,False,link,"{'enabled': False, 'images': [{'id': 'aWp8ZvSYIUmbmiKjT0tULqAzegAWk4rgLlx2ccP5Vr0', 'resolutions': [{'height': 60, 'url': 'https://external-preview.redd.it/gh5202y5Ns9vFNziOxWKjF53bn1BKUMuxnQmcdamVvA.jpg?width=108&amp;crop=smart&amp;auto=webp&amp;s=e6965d5c3189f88ef930c96a148b81b591da695c', 'width': 108}, {'height': 121, 'url': 'https://external-preview.redd.it/gh5202y5Ns9vFNziOxWKjF53bn1BKUMuxnQmcdamVvA.jpg?width=216&amp;crop=smart&amp;auto=webp&amp;s=6afdebabfff7fee689e1a18d528d855cd3b3c041', 'width': 216}, {'height': 180, 'url': 'https://external-preview.redd.it/gh5202y5Ns9vFNziOxWKjF53bn1BKUMuxnQmcdamVvA.jpg?width=320&amp;crop=smart&amp;auto=webp&amp;s=57e85a2835901d17c96a054a4b7706ba9849823a', 'width': 320}, {'height': 360, 'url': 'https://external-preview.redd.it/gh5202y5Ns9vFNziOxWKjF53bn1BKUMuxnQmcdamVvA.jpg?width=640&amp;crop=smart&amp;auto=webp&amp;s=bc10b5b453cb7fd845cef9321a3c8cf8e7c121f5', 'width': 640}, {'height': 540, 'url': 'https://external-preview.redd.it/gh5202y5Ns9vFNziOxWKjF53bn1BKUMuxnQmcdamVvA.jpg?width=960&amp;crop=smart&amp;auto=webp&amp;s=aa409f9d6b210a46d35b4b1d4fd4f6405b6720e4', 'width': 960}, {'height': 607, 'url': 'https://external-preview.redd.it/gh5202y5Ns9vFNziOxWKjF53bn1BKUMuxnQmcdamVvA.jpg?width=1080&amp;crop=smart&amp;auto=webp&amp;s=247b7706d05a71113406c0cdf43af6d2c0ab32b8', 'width': 1080}], 'source': {'height': 720, 'url': 'https://external-preview.redd.it/gh5202y5Ns9vFNziOxWKjF53bn1BKUMuxnQmcdamVvA.jpg?auto=webp&amp;s=44e8f1676b9243d38aceb4db4d73415473e4bdc2', 'width': 1280}, 'variants': {}}]}",6,1653754721,1,,False,False,False,Bitcoin,t5_2s3qj,4238187,public,https://b.thumbs.redditmedia.com/OSvAsnG2FafFpwlo6AF2oB-wX8SdoKXaP_ZF54pScEw.jpg,78.0,140.0,Terra Launches New Chain Airdropping LUNA 2.0 Coins ‚Äî Token Value Slides Over 70% From Price High,0,[],1.0,https://news.bitcoin.com/terra-launches-new-chain-airdropping-luna-2-0-coins-token-value-slides-over-70-from-price-high/,https://news.bitcoin.com/terra-launches-new-chain-airdropping-luna-2-0-coins-token-value-slides-over-70-from-price-high/,all_ads,6,1653725910.0,moderator,
52,[],False,16431879196842,,,Warning-level2-2,"[{'e': 'text', 't': 'Tin'}]",Tin,dark,richtext,t2_9ktf50et,False,False,False,[],False,False,1653754162,cryptoslate.com,https://www.reddit.com/r/CryptoCurrency/comments/uzqges/luna_20_hits_30_then_drops_80_in_first_day_of/,{},uzqges,False,True,False,False,False,True,False,False,,GENERAL-NEWS,"[{'e': 'text', 't': 'üü¢ GENERAL-NEWS'}]",,üü¢ GENERAL-NEWS,dark,richtext,False,False,True,0,0,False,all_ads,/r/CryptoCurrency/comments/uzqges/luna_20_hits_30_then_drops_80_in_first_day_of/,False,link,"{'enabled': False, 'images': [{'id': '8TCVvKZ41NoCMGVCQzDq8Cres41H7UvE2SWwMLbfgyY', 'resolutions': [{'height': 56, 'url': 'https://external-preview.redd.it/mnezku_Cqoe_V1Q1keMlMI93Zn56utKHrOCDY8Rbh1w.jpg?width=108&amp;crop=smart&amp;auto=webp&amp;s=96d29f2025c5a54fe834a141a0d1a32818eb2a33', 'width': 108}, {'height': 113, 'url': 'https://external-preview.redd.it/mnezku_Cqoe_V1Q1keMlMI93Zn56utKHrOCDY8Rbh1w.jpg?width=216&amp;crop=smart&amp;auto=webp&amp;s=71f099e1823189ebf9cdac5cd78f879ab6b4a4df', 'width': 216}, {'height': 168, 'url': 'https://external-preview.redd.it/mnezku_Cqoe_V1Q1keMlMI93Zn56utKHrOCDY8Rbh1w.jpg?width=320&amp;crop=smart&amp;auto=webp&amp;s=a10b1bafe8c59e34e8af9db402e7cf1f31f47284', 'width': 320}, {'height': 336, 'url': 'https://external-preview.redd.it/mnezku_Cqoe_V1Q1keMlMI93Zn56utKHrOCDY8Rbh1w.jpg?width=640&amp;crop=smart&amp;auto=webp&amp;s=6f49bfe8572c1c883452e8fb8fecc50712e8ddcf', 'width': 640}, {'height': 504, 'url': 'https://external-preview.redd.it/mnezku_Cqoe_V1Q1keMlMI93Zn56utKHrOCDY8Rbh1w.jpg?width=960&amp;crop=smart&amp;auto=webp&amp;s=e0c748dc9209e2f8ef70465a794fc55d85a67207', 'width': 960}, {'height': 567, 'url': 'https://external-preview.redd.it/mnezku_Cqoe_V1Q1keMlMI93Zn56utKHrOCDY8Rbh1w.jpg?width=1080&amp;crop=smart&amp;auto=webp&amp;s=fb8187af608328138e11fc060ff2f8f92c7f8721', 'width': 1080}], 'source': {'height': 630, 'url': 'https://external-preview.redd.it/mnezku_Cqoe_V1Q1keMlMI93Zn56utKHrOCDY8Rbh1w.jpg?auto=webp&amp;s=9efccb7a7a53924d8592b33e20417be853290979', 'width': 1200}, 'variants': {}}]}",6,1653754172,1,,True,False,False,CryptoCurrency,t5_2wlj3,4930020,public,https://b.thumbs.redditmedia.com/MnPNpKpwVY35kbnZaumgAraGhmPHR95e79KREjkDpvU.jpg,73.0,140.0,LUNA 2.0 hits $30 then drops 80% in first day of trading,0,[],1.0,https://cryptoslate.com/luna-2-0-hits-30-then-drops-80-in-first-day-of-trading/,https://cryptoslate.com/luna-2-0-hits-30-then-drops-80-in-first-day-of-trading/,all_ads,6,1653725362.0,,
